--
-- PostgreSQL database dump
--

-- Dumped from database version 16.3
-- Dumped by pg_dump version 16.3

SET statement_timeout = 0;
SET lock_timeout = 0;
SET idle_in_transaction_session_timeout = 0;
SET client_encoding = 'UTF8';
SET standard_conforming_strings = on;
SELECT pg_catalog.set_config('search_path', '', false);
SET check_function_bodies = false;
SET xmloption = content;
SET client_min_messages = warning;
SET row_security = off;

--
-- Name: payment_status_type; Type: TYPE; Schema: public; Owner: postgres
--

CREATE TYPE public.payment_status_type AS ENUM (
    'waiting',
    'accepted',
    'rejected'
);


ALTER TYPE public.payment_status_type OWNER TO postgres;

--
-- Name: sport_type; Type: TYPE; Schema: public; Owner: postgres
--

CREATE TYPE public.sport_type AS ENUM (
    'tennis',
    'pickleball',
    'padel'
);


ALTER TYPE public.sport_type OWNER TO postgres;

--
-- Name: user_type; Type: TYPE; Schema: public; Owner: postgres
--

CREATE TYPE public.user_type AS ENUM (
    'admin',
    'customer'
);


ALTER TYPE public.user_type OWNER TO postgres;

--
-- Name: check_coach_double_booking(); Type: FUNCTION; Schema: public; Owner: postgres
--

CREATE FUNCTION public.check_coach_double_booking() RETURNS trigger
    LANGUAGE plpgsql
    AS $$
BEGIN
    IF EXISTS (
        SELECT 1
        FROM coachavailability
        WHERE
            coach_id = NEW.coach_id AND
            date = NEW.date AND
            hour = NEW.hour AND
            coach_availability_id IS DISTINCT FROM NEW.coach_availability_id
    ) THEN
        RAISE EXCEPTION 'A coach can only have one availability entry per hour on a given date.';
    END IF;

    RETURN NEW;
END;
$$;


ALTER FUNCTION public.check_coach_double_booking() OWNER TO postgres;

--
-- Name: check_course_quota(); Type: FUNCTION; Schema: public; Owner: postgres
--

CREATE FUNCTION public.check_course_quota() RETURNS trigger
    LANGUAGE plpgsql
    AS $$
DECLARE
    current_pax_sum INT;
    course_quota INT;
BEGIN
    SELECT COALESCE(SUM(pax_count), 0) INTO current_pax_sum
    FROM groupcourseorderdetail
    WHERE course_id = NEW.course_id AND group_course_order_detail_id != NEW.group_course_order_detail_id;

    SELECT quota INTO course_quota
    FROM groupcourses
    WHERE course_id = NEW.course_id;

    IF (current_pax_sum + NEW.pax_count) > course_quota THEN
        RAISE EXCEPTION 'Booking exceeds the course quota. Remaining seats: %', (course_quota - current_pax_sum);
    END IF;

    RETURN NEW;
END;
$$;


ALTER FUNCTION public.check_course_quota() OWNER TO postgres;

--
-- Name: check_field_availability(); Type: FUNCTION; Schema: public; Owner: postgres
--

CREATE FUNCTION public.check_field_availability() RETURNS trigger
    LANGUAGE plpgsql
    AS $$
DECLARE
    existing_start_hour INT;
BEGIN
    SELECT hour INTO existing_start_hour
    FROM fieldbookingdetail
    WHERE
        field_id = NEW.field_id AND
        date = NEW.date AND
        (NEW.start_hour < hour + 2 AND NEW.start_hour + 2 > hour);

    IF FOUND THEN
        RAISE EXCEPTION 'Field is already booked from % to % on this date.', existing_start_hour, existing_start_hour + 2;
    END IF;

    RETURN NEW;
END;
$$;


ALTER FUNCTION public.check_field_availability() OWNER TO postgres;

SET default_tablespace = '';

SET default_table_access_method = heap;

--
-- Name: coachavailability; Type: TABLE; Schema: public; Owner: postgres
--

CREATE TABLE public.coachavailability (
    coach_availability_id integer NOT NULL,
    coach_id integer NOT NULL,
    date date NOT NULL,
    hour integer NOT NULL,
    CONSTRAINT coachavailability_hour_check CHECK (((hour >= 6) AND (hour <= 21)))
);


ALTER TABLE public.coachavailability OWNER TO postgres;

--
-- Name: coachavailability_coach_availability_id_seq; Type: SEQUENCE; Schema: public; Owner: postgres
--

CREATE SEQUENCE public.coachavailability_coach_availability_id_seq
    AS integer
    START WITH 1
    INCREMENT BY 1
    NO MINVALUE
    NO MAXVALUE
    CACHE 1;


ALTER SEQUENCE public.coachavailability_coach_availability_id_seq OWNER TO postgres;

--
-- Name: coachavailability_coach_availability_id_seq; Type: SEQUENCE OWNED BY; Schema: public; Owner: postgres
--

ALTER SEQUENCE public.coachavailability_coach_availability_id_seq OWNED BY public.coachavailability.coach_availability_id;


--
-- Name: coaches; Type: TABLE; Schema: public; Owner: postgres
--

CREATE TABLE public.coaches (
    coach_id integer NOT NULL,
    coach_name character varying(255) NOT NULL,
    sport public.sport_type NOT NULL,
    course_price integer NOT NULL
);


ALTER TABLE public.coaches OWNER TO postgres;

--
-- Name: coaches_coach_id_seq; Type: SEQUENCE; Schema: public; Owner: postgres
--

CREATE SEQUENCE public.coaches_coach_id_seq
    AS integer
    START WITH 1
    INCREMENT BY 1
    NO MINVALUE
    NO MAXVALUE
    CACHE 1;


ALTER SEQUENCE public.coaches_coach_id_seq OWNER TO postgres;

--
-- Name: coaches_coach_id_seq; Type: SEQUENCE OWNED BY; Schema: public; Owner: postgres
--

ALTER SEQUENCE public.coaches_coach_id_seq OWNED BY public.coaches.coach_id;


--
-- Name: fieldbookingdetail; Type: TABLE; Schema: public; Owner: postgres
--

CREATE TABLE public.fieldbookingdetail (
    field_booking_detail_id integer NOT NULL,
    field_id integer NOT NULL,
    date date NOT NULL,
    hour integer NOT NULL,
    CONSTRAINT fieldbookingdetail_hour_check CHECK (((hour >= 6) AND (hour <= 20)))
);


ALTER TABLE public.fieldbookingdetail OWNER TO postgres;

--
-- Name: fieldbookingdetail_field_booking_detail_id_seq; Type: SEQUENCE; Schema: public; Owner: postgres
--

CREATE SEQUENCE public.fieldbookingdetail_field_booking_detail_id_seq
    AS integer
    START WITH 1
    INCREMENT BY 1
    NO MINVALUE
    NO MAXVALUE
    CACHE 1;


ALTER SEQUENCE public.fieldbookingdetail_field_booking_detail_id_seq OWNER TO postgres;

--
-- Name: fieldbookingdetail_field_booking_detail_id_seq; Type: SEQUENCE OWNED BY; Schema: public; Owner: postgres
--

ALTER SEQUENCE public.fieldbookingdetail_field_booking_detail_id_seq OWNED BY public.fieldbookingdetail.field_booking_detail_id;


--
-- Name: fields; Type: TABLE; Schema: public; Owner: postgres
--

CREATE TABLE public.fields (
    field_id integer NOT NULL,
    field_name character varying(64) NOT NULL,
    sport public.sport_type NOT NULL,
    rental_price integer NOT NULL
);


ALTER TABLE public.fields OWNER TO postgres;

--
-- Name: fields_field_id_seq; Type: SEQUENCE; Schema: public; Owner: postgres
--

CREATE SEQUENCE public.fields_field_id_seq
    AS integer
    START WITH 1
    INCREMENT BY 1
    NO MINVALUE
    NO MAXVALUE
    CACHE 1;


ALTER SEQUENCE public.fields_field_id_seq OWNER TO postgres;

--
-- Name: fields_field_id_seq; Type: SEQUENCE OWNED BY; Schema: public; Owner: postgres
--

ALTER SEQUENCE public.fields_field_id_seq OWNED BY public.fields.field_id;


--
-- Name: groupcourseorder; Type: TABLE; Schema: public; Owner: postgres
--

CREATE TABLE public.groupcourseorder (
    group_course_order_id integer NOT NULL,
    customer_id integer,
    payment_id integer
);


ALTER TABLE public.groupcourseorder OWNER TO postgres;

--
-- Name: groupcourseorder_group_course_order_id_seq; Type: SEQUENCE; Schema: public; Owner: postgres
--

CREATE SEQUENCE public.groupcourseorder_group_course_order_id_seq
    AS integer
    START WITH 1
    INCREMENT BY 1
    NO MINVALUE
    NO MAXVALUE
    CACHE 1;


ALTER SEQUENCE public.groupcourseorder_group_course_order_id_seq OWNER TO postgres;

--
-- Name: groupcourseorder_group_course_order_id_seq; Type: SEQUENCE OWNED BY; Schema: public; Owner: postgres
--

ALTER SEQUENCE public.groupcourseorder_group_course_order_id_seq OWNED BY public.groupcourseorder.group_course_order_id;


--
-- Name: groupcourseorderdetail; Type: TABLE; Schema: public; Owner: postgres
--

CREATE TABLE public.groupcourseorderdetail (
    group_course_order_detail_id integer NOT NULL,
    group_course_order_id integer,
    course_id integer,
    pax_count integer NOT NULL
);


ALTER TABLE public.groupcourseorderdetail OWNER TO postgres;

--
-- Name: groupcourseorderdetail_group_course_order_detail_id_seq; Type: SEQUENCE; Schema: public; Owner: postgres
--

CREATE SEQUENCE public.groupcourseorderdetail_group_course_order_detail_id_seq
    AS integer
    START WITH 1
    INCREMENT BY 1
    NO MINVALUE
    NO MAXVALUE
    CACHE 1;


ALTER SEQUENCE public.groupcourseorderdetail_group_course_order_detail_id_seq OWNER TO postgres;

--
-- Name: groupcourseorderdetail_group_course_order_detail_id_seq; Type: SEQUENCE OWNED BY; Schema: public; Owner: postgres
--

ALTER SEQUENCE public.groupcourseorderdetail_group_course_order_detail_id_seq OWNED BY public.groupcourseorderdetail.group_course_order_detail_id;


--
-- Name: groupcourses; Type: TABLE; Schema: public; Owner: postgres
--

CREATE TABLE public.groupcourses (
    course_id integer NOT NULL,
    course_name character varying(255) NOT NULL,
    coach_id integer,
    sport public.sport_type NOT NULL,
    field_id integer,
    date date NOT NULL,
    start_hour integer NOT NULL,
    course_price integer NOT NULL,
    quota integer NOT NULL,
    CONSTRAINT groupcourses_start_hour_check CHECK (((start_hour >= 6) AND (start_hour <= 20)))
);


ALTER TABLE public.groupcourses OWNER TO postgres;

--
-- Name: groupcourses_course_id_seq; Type: SEQUENCE; Schema: public; Owner: postgres
--

CREATE SEQUENCE public.groupcourses_course_id_seq
    AS integer
    START WITH 1
    INCREMENT BY 1
    NO MINVALUE
    NO MAXVALUE
    CACHE 1;


ALTER SEQUENCE public.groupcourses_course_id_seq OWNER TO postgres;

--
-- Name: groupcourses_course_id_seq; Type: SEQUENCE OWNED BY; Schema: public; Owner: postgres
--

ALTER SEQUENCE public.groupcourses_course_id_seq OWNED BY public.groupcourses.course_id;


--
-- Name: payments; Type: TABLE; Schema: public; Owner: postgres
--

CREATE TABLE public.payments (
    payment_id integer NOT NULL,
    total_payment integer NOT NULL,
    payment_proof text,
    status public.payment_status_type DEFAULT 'waiting'::public.payment_status_type NOT NULL,
    payment_date timestamp without time zone
);


ALTER TABLE public.payments OWNER TO postgres;

--
-- Name: payments_payment_id_seq; Type: SEQUENCE; Schema: public; Owner: postgres
--

CREATE SEQUENCE public.payments_payment_id_seq
    AS integer
    START WITH 1
    INCREMENT BY 1
    NO MINVALUE
    NO MAXVALUE
    CACHE 1;


ALTER SEQUENCE public.payments_payment_id_seq OWNER TO postgres;

--
-- Name: payments_payment_id_seq; Type: SEQUENCE OWNED BY; Schema: public; Owner: postgres
--

ALTER SEQUENCE public.payments_payment_id_seq OWNED BY public.payments.payment_id;


--
-- Name: privatecourseorder; Type: TABLE; Schema: public; Owner: postgres
--

CREATE TABLE public.privatecourseorder (
    private_course_order_id integer NOT NULL,
    customer_id integer,
    payment_id integer
);


ALTER TABLE public.privatecourseorder OWNER TO postgres;

--
-- Name: privatecourseorder_private_course_order_id_seq; Type: SEQUENCE; Schema: public; Owner: postgres
--

CREATE SEQUENCE public.privatecourseorder_private_course_order_id_seq
    AS integer
    START WITH 1
    INCREMENT BY 1
    NO MINVALUE
    NO MAXVALUE
    CACHE 1;


ALTER SEQUENCE public.privatecourseorder_private_course_order_id_seq OWNER TO postgres;

--
-- Name: privatecourseorder_private_course_order_id_seq; Type: SEQUENCE OWNED BY; Schema: public; Owner: postgres
--

ALTER SEQUENCE public.privatecourseorder_private_course_order_id_seq OWNED BY public.privatecourseorder.private_course_order_id;


--
-- Name: privatecourseorderdetail; Type: TABLE; Schema: public; Owner: postgres
--

CREATE TABLE public.privatecourseorderdetail (
    private_course_order_detail_id integer NOT NULL,
    private_course_order_id integer,
    coach_availability_id integer
);


ALTER TABLE public.privatecourseorderdetail OWNER TO postgres;

--
-- Name: privatecourseorderdetail_private_course_order_detail_id_seq; Type: SEQUENCE; Schema: public; Owner: postgres
--

CREATE SEQUENCE public.privatecourseorderdetail_private_course_order_detail_id_seq
    AS integer
    START WITH 1
    INCREMENT BY 1
    NO MINVALUE
    NO MAXVALUE
    CACHE 1;


ALTER SEQUENCE public.privatecourseorderdetail_private_course_order_detail_id_seq OWNER TO postgres;

--
-- Name: privatecourseorderdetail_private_course_order_detail_id_seq; Type: SEQUENCE OWNED BY; Schema: public; Owner: postgres
--

ALTER SEQUENCE public.privatecourseorderdetail_private_course_order_detail_id_seq OWNED BY public.privatecourseorderdetail.private_course_order_detail_id;


--
-- Name: users; Type: TABLE; Schema: public; Owner: postgres
--

CREATE TABLE public.users (
    user_id integer NOT NULL,
    full_name character varying(255) NOT NULL,
    password_hash character varying(255) NOT NULL,
    email character varying(255) NOT NULL,
    phone_number character varying(20) NOT NULL,
    type public.user_type DEFAULT 'customer'::public.user_type NOT NULL
);


ALTER TABLE public.users OWNER TO postgres;

--
-- Name: users_user_id_seq; Type: SEQUENCE; Schema: public; Owner: postgres
--

CREATE SEQUENCE public.users_user_id_seq
    AS integer
    START WITH 1
    INCREMENT BY 1
    NO MINVALUE
    NO MAXVALUE
    CACHE 1;


ALTER SEQUENCE public.users_user_id_seq OWNER TO postgres;

--
-- Name: users_user_id_seq; Type: SEQUENCE OWNED BY; Schema: public; Owner: postgres
--

ALTER SEQUENCE public.users_user_id_seq OWNED BY public.users.user_id;


--
-- Name: vouchers; Type: TABLE; Schema: public; Owner: postgres
--

CREATE TABLE public.vouchers (
    voucher_id integer NOT NULL,
    payment_id integer,
    customer_id integer NOT NULL,
    discount integer NOT NULL,
    expired_at timestamp without time zone NOT NULL,
    used boolean DEFAULT false NOT NULL
);


ALTER TABLE public.vouchers OWNER TO postgres;

--
-- Name: vouchers_voucher_id_seq; Type: SEQUENCE; Schema: public; Owner: postgres
--

CREATE SEQUENCE public.vouchers_voucher_id_seq
    AS integer
    START WITH 1
    INCREMENT BY 1
    NO MINVALUE
    NO MAXVALUE
    CACHE 1;


ALTER SEQUENCE public.vouchers_voucher_id_seq OWNER TO postgres;

--
-- Name: vouchers_voucher_id_seq; Type: SEQUENCE OWNED BY; Schema: public; Owner: postgres
--

ALTER SEQUENCE public.vouchers_voucher_id_seq OWNED BY public.vouchers.voucher_id;


--
-- Name: coachavailability coach_availability_id; Type: DEFAULT; Schema: public; Owner: postgres
--

ALTER TABLE ONLY public.coachavailability ALTER COLUMN coach_availability_id SET DEFAULT nextval('public.coachavailability_coach_availability_id_seq'::regclass);


--
-- Name: coaches coach_id; Type: DEFAULT; Schema: public; Owner: postgres
--

ALTER TABLE ONLY public.coaches ALTER COLUMN coach_id SET DEFAULT nextval('public.coaches_coach_id_seq'::regclass);


--
-- Name: fieldbookingdetail field_booking_detail_id; Type: DEFAULT; Schema: public; Owner: postgres
--

ALTER TABLE ONLY public.fieldbookingdetail ALTER COLUMN field_booking_detail_id SET DEFAULT nextval('public.fieldbookingdetail_field_booking_detail_id_seq'::regclass);


--
-- Name: fields field_id; Type: DEFAULT; Schema: public; Owner: postgres
--

ALTER TABLE ONLY public.fields ALTER COLUMN field_id SET DEFAULT nextval('public.fields_field_id_seq'::regclass);


--
-- Name: groupcourseorder group_course_order_id; Type: DEFAULT; Schema: public; Owner: postgres
--

ALTER TABLE ONLY public.groupcourseorder ALTER COLUMN group_course_order_id SET DEFAULT nextval('public.groupcourseorder_group_course_order_id_seq'::regclass);


--
-- Name: groupcourseorderdetail group_course_order_detail_id; Type: DEFAULT; Schema: public; Owner: postgres
--

ALTER TABLE ONLY public.groupcourseorderdetail ALTER COLUMN group_course_order_detail_id SET DEFAULT nextval('public.groupcourseorderdetail_group_course_order_detail_id_seq'::regclass);


--
-- Name: groupcourses course_id; Type: DEFAULT; Schema: public; Owner: postgres
--

ALTER TABLE ONLY public.groupcourses ALTER COLUMN course_id SET DEFAULT nextval('public.groupcourses_course_id_seq'::regclass);


--
-- Name: payments payment_id; Type: DEFAULT; Schema: public; Owner: postgres
--

ALTER TABLE ONLY public.payments ALTER COLUMN payment_id SET DEFAULT nextval('public.payments_payment_id_seq'::regclass);


--
-- Name: privatecourseorder private_course_order_id; Type: DEFAULT; Schema: public; Owner: postgres
--

ALTER TABLE ONLY public.privatecourseorder ALTER COLUMN private_course_order_id SET DEFAULT nextval('public.privatecourseorder_private_course_order_id_seq'::regclass);


--
-- Name: privatecourseorderdetail private_course_order_detail_id; Type: DEFAULT; Schema: public; Owner: postgres
--

ALTER TABLE ONLY public.privatecourseorderdetail ALTER COLUMN private_course_order_detail_id SET DEFAULT nextval('public.privatecourseorderdetail_private_course_order_detail_id_seq'::regclass);


--
-- Name: users user_id; Type: DEFAULT; Schema: public; Owner: postgres
--

ALTER TABLE ONLY public.users ALTER COLUMN user_id SET DEFAULT nextval('public.users_user_id_seq'::regclass);


--
-- Name: vouchers voucher_id; Type: DEFAULT; Schema: public; Owner: postgres
--

ALTER TABLE ONLY public.vouchers ALTER COLUMN voucher_id SET DEFAULT nextval('public.vouchers_voucher_id_seq'::regclass);


--
-- Data for Name: coachavailability; Type: TABLE DATA; Schema: public; Owner: postgres
--

COPY public.coachavailability (coach_availability_id, coach_id, date, hour) FROM stdin;
1	1	2025-09-10	13
2	1	2025-01-23	16
3	1	2024-08-06	10
4	1	2024-08-27	13
5	1	2025-03-23	19
6	1	2024-06-12	9
7	1	2024-12-23	21
8	1	2024-08-14	14
9	1	2024-11-05	12
10	1	2025-07-08	21
11	1	2025-05-28	16
12	1	2025-10-01	7
13	1	2024-10-08	8
14	1	2025-03-04	14
15	1	2025-09-19	14
16	1	2024-10-28	9
17	1	2025-03-26	6
18	1	2024-07-18	16
19	1	2025-06-26	15
20	1	2025-08-13	20
21	1	2025-01-03	7
22	1	2025-08-24	15
23	1	2024-11-30	16
24	1	2024-07-04	11
25	1	2024-12-15	14
26	1	2025-07-15	8
27	1	2024-11-11	15
28	1	2024-07-24	14
29	1	2024-06-02	21
30	1	2025-05-01	13
31	1	2024-06-16	18
32	1	2025-06-14	21
33	1	2024-09-03	12
34	1	2025-03-20	10
35	1	2024-10-21	9
36	1	2025-09-15	9
37	1	2024-05-08	10
38	1	2025-03-26	21
39	1	2025-04-25	15
40	1	2025-01-31	8
41	1	2024-05-21	16
42	1	2024-08-06	16
43	1	2025-04-11	6
44	1	2025-04-15	17
45	1	2024-07-25	9
46	1	2024-09-10	15
47	1	2024-06-02	7
48	1	2024-08-26	11
49	1	2025-08-01	18
50	1	2025-06-04	9
51	1	2025-10-09	12
52	1	2024-10-09	21
53	1	2024-09-07	20
54	1	2024-09-03	6
55	1	2024-07-11	15
56	1	2024-05-03	19
57	1	2025-03-05	11
58	1	2025-08-26	10
59	1	2024-10-21	13
60	1	2025-03-09	11
61	1	2025-01-18	8
62	1	2025-02-06	18
63	1	2025-05-29	14
64	1	2025-09-12	6
65	1	2025-02-24	20
66	1	2025-07-18	10
67	1	2024-11-12	9
68	1	2025-07-03	16
69	1	2025-05-21	7
70	1	2025-09-16	21
71	1	2024-12-10	14
72	1	2024-11-05	20
73	1	2024-12-18	9
74	1	2025-08-03	10
75	1	2024-08-23	11
76	1	2024-06-28	13
77	1	2025-04-23	12
78	1	2024-12-11	12
79	1	2025-02-07	19
80	1	2024-04-27	15
81	1	2024-05-20	19
82	1	2024-10-10	10
83	1	2025-03-30	10
84	2	2025-02-25	14
85	2	2024-06-03	7
86	2	2024-09-02	9
87	2	2025-09-14	8
88	2	2024-05-31	6
89	2	2024-05-09	20
90	2	2024-11-22	8
91	2	2024-05-21	17
92	2	2025-09-21	19
93	2	2025-01-12	21
94	2	2025-03-13	9
95	2	2024-11-09	20
96	2	2025-03-12	16
97	2	2024-11-11	15
98	2	2025-04-19	20
99	2	2025-08-02	13
100	2	2025-03-08	16
101	2	2025-03-10	11
102	2	2024-10-06	8
103	2	2025-03-15	16
104	2	2024-11-15	16
105	2	2024-12-05	20
106	2	2025-02-22	12
107	2	2024-06-08	20
108	2	2025-09-25	6
109	2	2025-04-15	17
110	2	2025-03-29	8
111	2	2025-02-22	14
112	2	2024-06-30	14
113	2	2025-08-09	12
114	2	2024-05-11	9
115	2	2025-08-11	20
116	2	2024-08-11	16
117	2	2025-07-03	11
118	2	2024-10-21	14
119	2	2025-01-10	20
120	2	2024-05-14	17
121	2	2025-03-12	19
122	2	2024-07-15	14
123	2	2025-09-24	7
124	2	2025-03-20	13
125	2	2024-10-15	14
126	2	2024-11-18	9
127	2	2025-01-03	19
128	2	2025-07-29	18
129	2	2024-11-18	12
130	2	2025-09-08	17
131	2	2025-04-18	16
132	2	2024-07-11	12
133	2	2025-02-02	12
134	2	2025-03-03	17
135	2	2025-09-17	17
136	2	2024-11-15	7
137	2	2024-11-07	14
138	2	2024-12-12	18
139	2	2024-11-24	9
140	2	2025-10-06	14
141	2	2024-09-15	17
142	2	2025-03-10	17
143	2	2024-11-18	19
144	2	2024-10-02	19
145	2	2024-05-31	13
146	2	2025-06-12	20
147	2	2024-05-27	6
148	2	2024-12-19	19
149	2	2024-07-27	18
150	2	2025-10-04	11
151	2	2024-08-18	18
152	2	2025-08-11	14
153	2	2024-04-30	6
154	2	2025-01-28	13
155	2	2024-05-28	7
156	2	2025-07-03	9
157	2	2024-08-18	12
158	2	2025-08-13	10
159	2	2025-05-11	11
160	2	2024-08-11	13
161	2	2025-04-09	6
162	2	2025-03-29	19
163	2	2024-10-06	12
164	2	2025-03-25	8
165	2	2024-06-04	8
166	2	2024-06-30	18
167	2	2024-06-22	20
168	2	2025-07-14	21
169	2	2024-10-26	8
170	2	2024-08-09	9
171	2	2024-11-01	10
172	2	2024-08-12	9
173	3	2024-10-07	7
174	3	2024-10-22	12
175	3	2024-06-03	12
176	3	2025-08-15	21
177	3	2025-09-20	11
178	3	2024-08-30	16
179	3	2024-05-16	19
180	3	2025-01-15	6
181	3	2024-09-09	12
182	3	2024-05-28	9
183	3	2025-09-10	17
184	3	2025-06-27	19
185	3	2024-07-13	14
186	3	2024-09-18	10
187	3	2024-12-09	13
188	3	2025-04-08	13
189	3	2024-08-03	17
190	3	2025-10-06	15
191	3	2025-09-29	6
192	3	2024-11-19	14
193	3	2024-08-12	12
194	3	2025-02-16	14
195	3	2024-11-06	13
196	3	2025-09-05	13
197	3	2024-10-06	8
198	3	2025-02-19	11
199	3	2025-06-04	18
200	3	2025-05-18	15
201	3	2024-06-16	6
202	3	2025-02-02	9
203	3	2025-09-17	15
204	3	2024-10-26	7
205	3	2025-01-04	10
206	3	2024-12-11	9
207	3	2024-08-05	7
208	3	2025-03-28	20
209	3	2025-01-06	20
210	3	2025-04-25	16
211	3	2024-12-05	19
212	3	2024-08-16	19
213	3	2024-10-07	10
214	3	2025-03-19	6
215	3	2025-05-30	11
216	3	2024-11-12	19
217	3	2024-07-19	10
218	3	2024-06-11	7
219	3	2024-06-24	6
220	3	2024-06-29	19
221	3	2024-05-22	6
222	3	2025-08-06	6
223	3	2025-01-23	8
224	3	2025-07-31	17
225	3	2025-06-28	13
226	3	2024-10-12	9
227	3	2024-12-14	12
228	3	2025-07-22	11
229	3	2025-06-13	14
230	3	2025-10-03	11
231	3	2025-01-22	20
232	3	2024-05-05	19
233	3	2025-08-16	13
234	3	2024-05-12	10
235	3	2024-11-19	20
236	3	2025-07-12	18
237	3	2024-12-26	10
238	3	2025-08-06	16
239	3	2025-04-10	15
240	3	2025-04-21	14
241	3	2024-06-05	17
242	3	2024-12-10	15
243	3	2024-06-19	13
244	3	2025-02-23	20
245	3	2024-05-08	17
246	3	2024-08-04	16
247	3	2025-04-09	13
248	3	2024-08-23	18
249	3	2024-12-23	18
250	3	2024-09-19	8
251	4	2025-09-29	8
252	4	2024-06-28	11
253	4	2024-10-28	20
254	4	2025-03-03	18
255	4	2025-07-14	11
256	4	2025-10-09	19
257	4	2025-05-08	20
258	4	2025-02-01	12
259	4	2024-12-24	12
260	4	2024-11-05	7
261	4	2025-09-12	20
262	4	2025-05-27	10
263	4	2024-10-15	11
264	4	2024-12-27	18
265	4	2024-04-28	12
266	4	2025-05-02	13
267	4	2024-07-09	13
268	4	2024-05-21	16
269	4	2024-10-05	11
270	4	2024-08-03	11
271	4	2025-09-09	9
272	4	2025-09-01	11
273	4	2024-10-17	19
274	4	2024-12-04	19
275	4	2024-10-06	12
276	4	2024-10-09	21
277	4	2024-10-23	13
278	4	2024-05-26	16
279	4	2025-06-19	6
280	4	2025-10-08	15
281	4	2024-12-25	9
282	4	2025-02-26	16
283	4	2025-07-23	14
284	4	2025-08-19	7
285	4	2025-09-03	6
286	4	2024-05-16	12
287	4	2025-05-19	21
288	4	2025-08-23	20
289	4	2024-07-01	8
290	4	2025-04-26	11
291	4	2025-08-26	12
292	4	2025-09-27	7
293	4	2024-07-31	7
294	4	2025-07-23	8
295	4	2024-11-23	16
296	4	2024-05-23	20
297	4	2024-11-26	20
298	4	2025-03-08	16
299	4	2025-02-19	6
300	4	2024-05-31	11
301	4	2024-12-28	16
302	4	2024-08-26	10
303	4	2025-10-08	14
304	4	2025-01-20	20
305	4	2025-01-17	20
306	4	2025-05-24	7
307	4	2024-08-11	15
308	4	2025-09-25	18
309	4	2024-08-06	19
310	4	2025-08-09	17
311	4	2024-05-01	8
312	4	2024-10-28	12
313	4	2025-05-03	21
314	4	2025-10-02	11
315	4	2024-11-26	18
316	4	2025-02-27	21
317	4	2024-11-07	16
318	4	2025-01-27	14
319	4	2025-03-17	20
320	4	2025-03-07	7
321	4	2025-06-26	21
322	4	2024-06-26	18
323	4	2024-10-09	11
324	4	2024-09-15	10
325	4	2024-07-09	15
326	4	2025-02-22	14
327	4	2025-05-28	16
328	4	2025-09-27	20
329	4	2025-09-27	14
330	4	2025-04-13	10
331	4	2024-07-16	20
332	4	2025-04-17	6
333	4	2024-09-16	13
334	4	2025-09-04	19
335	4	2025-05-02	6
336	4	2025-02-22	17
337	4	2025-02-20	8
338	4	2024-05-28	11
339	4	2025-09-16	12
340	4	2025-04-17	17
341	4	2024-11-17	16
342	4	2024-12-07	14
343	4	2024-09-24	20
344	4	2024-10-27	8
345	4	2025-06-30	20
346	4	2025-07-19	20
347	4	2024-10-09	13
348	4	2024-06-15	10
349	4	2024-10-03	11
350	5	2024-12-18	18
351	5	2025-05-16	17
352	5	2025-05-24	17
353	5	2025-03-12	9
354	5	2024-09-14	12
355	5	2024-07-21	17
356	5	2025-02-08	10
357	5	2024-09-28	15
358	5	2024-05-26	6
359	5	2025-01-19	17
360	5	2025-04-20	15
361	5	2025-10-08	20
362	5	2025-02-05	11
363	5	2025-06-04	17
364	5	2024-12-09	8
365	5	2025-01-27	19
366	5	2024-12-09	19
367	5	2024-07-04	6
368	5	2025-04-15	9
369	5	2024-07-25	20
370	5	2025-02-09	10
371	5	2024-07-07	14
372	5	2024-06-04	17
373	5	2024-07-26	21
374	5	2024-07-23	20
375	5	2025-02-15	7
376	5	2025-06-13	11
377	5	2024-06-24	18
378	5	2025-08-12	19
379	5	2025-04-22	17
380	5	2024-06-08	10
381	5	2024-06-22	20
382	5	2025-08-10	9
383	5	2025-03-06	12
384	5	2025-07-11	9
385	5	2024-11-23	18
386	5	2024-08-21	21
387	5	2024-07-18	7
388	5	2024-12-28	9
389	5	2025-02-26	7
390	5	2024-08-23	10
391	5	2024-09-18	7
392	5	2024-09-02	7
393	5	2025-01-05	14
394	5	2025-01-21	14
395	5	2024-05-07	16
396	5	2025-05-06	20
397	5	2024-10-29	10
398	5	2024-10-23	20
399	5	2025-09-19	10
400	5	2025-05-18	16
401	5	2024-09-26	10
402	5	2025-09-07	21
403	5	2025-02-12	17
404	5	2025-09-14	14
405	5	2025-05-30	7
406	5	2024-09-19	10
407	5	2024-10-18	19
408	5	2025-07-07	11
409	5	2024-07-21	11
410	5	2024-04-30	17
411	5	2024-04-27	17
412	5	2024-06-27	7
413	5	2024-07-20	16
414	5	2025-09-25	14
415	5	2024-08-19	16
416	5	2025-01-12	12
417	5	2025-02-01	21
418	5	2024-06-05	9
419	5	2024-07-06	20
420	5	2025-02-11	9
421	5	2024-08-21	7
422	5	2025-07-27	19
423	5	2024-06-12	12
424	5	2024-07-24	14
425	5	2024-08-01	15
426	5	2024-07-01	13
427	5	2024-06-15	21
428	5	2025-02-02	6
429	5	2024-06-21	6
430	5	2024-08-20	17
431	5	2024-06-12	6
432	5	2024-11-09	14
433	5	2025-06-29	20
434	5	2025-02-18	7
435	5	2024-12-08	11
436	5	2024-05-03	21
437	5	2025-05-22	19
438	5	2025-03-14	21
439	5	2024-09-13	8
440	5	2025-09-29	21
441	5	2025-08-06	10
442	5	2025-05-17	21
443	5	2025-07-14	21
444	6	2025-06-10	8
445	6	2025-04-25	12
446	6	2024-11-23	20
447	6	2024-11-05	18
448	6	2025-03-08	18
449	6	2024-06-03	9
450	6	2025-04-03	9
451	6	2024-09-19	20
452	6	2024-07-28	15
453	6	2025-02-11	19
454	6	2025-06-13	15
455	6	2024-08-12	19
456	6	2024-07-28	14
457	6	2025-06-30	14
458	6	2025-06-13	17
459	6	2025-08-11	20
460	6	2024-11-26	16
461	6	2024-09-25	7
462	6	2024-06-03	15
463	6	2024-09-28	14
464	6	2025-06-27	17
465	6	2024-05-02	14
466	6	2024-06-17	18
467	6	2025-03-26	12
468	6	2025-03-24	6
469	6	2025-06-05	14
470	6	2024-10-11	7
471	6	2025-03-19	8
472	6	2024-10-21	19
473	6	2024-12-13	18
474	6	2024-05-24	15
475	6	2025-02-18	9
476	6	2025-08-26	9
477	6	2025-06-17	6
478	6	2025-05-24	19
479	6	2024-11-10	13
480	6	2024-08-16	21
481	6	2025-01-25	10
482	6	2024-09-03	9
483	6	2025-02-28	17
484	6	2024-12-19	8
485	6	2025-07-09	7
486	6	2024-06-19	17
487	6	2025-09-10	6
488	6	2025-01-14	20
489	6	2025-05-10	8
490	6	2024-08-04	21
491	6	2024-07-05	14
492	6	2024-12-26	6
493	6	2024-11-07	16
494	6	2025-04-10	21
495	6	2025-09-28	12
496	6	2025-07-19	7
497	6	2025-05-20	12
498	6	2025-03-26	13
499	6	2024-09-16	21
500	6	2025-01-20	17
501	6	2025-09-28	10
502	6	2024-12-20	10
503	6	2024-09-30	20
504	6	2024-06-04	20
505	6	2025-02-12	21
506	6	2025-09-24	16
507	6	2024-10-23	17
508	6	2024-12-19	11
509	6	2024-10-05	9
510	6	2025-02-04	21
511	6	2025-04-25	21
512	6	2024-06-23	10
513	6	2025-02-12	10
514	6	2024-10-27	21
515	6	2025-08-30	21
516	7	2025-08-08	20
517	7	2025-03-24	9
518	7	2024-12-24	19
519	7	2024-05-27	12
520	7	2024-07-29	13
521	7	2025-03-30	21
522	7	2024-07-28	6
523	7	2025-08-15	19
524	7	2025-07-02	18
525	7	2025-06-11	7
526	7	2025-09-30	17
527	7	2024-08-31	10
528	7	2024-09-08	20
529	7	2024-11-18	13
530	7	2024-07-23	18
531	7	2024-10-11	11
532	7	2024-11-03	12
533	7	2025-02-10	15
534	7	2025-03-25	17
535	7	2025-05-26	16
536	7	2025-07-11	11
537	7	2024-08-20	10
538	7	2025-02-20	12
539	7	2024-10-29	6
540	7	2025-08-23	12
541	7	2025-02-26	17
542	7	2025-08-31	7
543	7	2024-05-20	7
544	7	2024-06-28	17
545	7	2024-06-20	14
546	7	2025-02-05	17
547	7	2024-06-26	20
548	7	2025-06-21	7
549	7	2024-08-11	7
550	7	2025-06-22	16
551	7	2025-06-21	18
552	7	2025-08-05	17
553	7	2024-12-18	9
554	7	2024-10-06	11
555	7	2024-08-02	20
556	7	2025-09-20	19
557	7	2024-10-10	8
558	7	2024-11-10	11
559	7	2025-09-18	7
560	7	2025-02-01	14
561	7	2024-11-05	21
562	7	2024-05-28	19
563	7	2024-10-20	12
564	7	2024-12-29	21
565	7	2024-08-18	17
566	7	2024-09-04	12
567	7	2025-07-12	17
568	7	2024-07-08	8
569	7	2025-06-15	7
570	7	2025-04-22	14
571	7	2025-09-05	17
572	7	2025-01-07	8
573	7	2025-02-03	9
574	7	2024-10-25	11
575	7	2025-01-03	6
576	7	2025-06-09	14
577	7	2025-09-12	7
578	7	2025-08-28	20
579	7	2025-04-23	7
580	7	2024-08-18	9
581	7	2024-12-18	20
582	7	2025-04-09	14
583	7	2025-05-06	9
584	7	2024-09-20	20
585	7	2024-07-20	8
586	7	2024-09-22	11
587	7	2024-07-08	9
588	7	2024-11-17	13
589	7	2024-08-22	17
590	7	2024-06-29	21
591	7	2024-10-27	18
592	7	2024-08-07	13
593	7	2024-05-21	6
594	7	2024-06-27	7
595	7	2025-05-07	7
596	7	2024-07-12	6
597	7	2024-08-15	8
598	7	2024-08-26	7
599	7	2024-06-08	9
600	8	2025-01-23	15
601	8	2024-07-19	18
602	8	2024-11-30	14
603	8	2024-10-12	21
604	8	2025-09-03	16
605	8	2024-11-14	15
606	8	2024-11-10	17
607	8	2025-01-05	11
608	8	2025-09-28	13
609	8	2025-04-19	21
610	8	2025-01-14	19
611	8	2024-08-05	6
612	8	2024-09-30	18
613	8	2025-09-26	10
614	8	2025-07-05	16
615	8	2025-07-20	18
616	8	2024-09-16	14
617	8	2024-11-29	8
618	8	2025-02-28	21
619	8	2024-05-13	18
620	8	2025-09-12	8
621	8	2025-09-29	17
622	8	2025-06-12	13
623	8	2025-04-07	14
624	8	2024-10-13	13
625	8	2025-05-15	10
626	8	2024-06-25	18
627	8	2024-08-29	18
628	8	2025-02-13	15
629	8	2025-07-24	18
630	8	2025-07-07	11
631	8	2025-08-21	21
632	8	2025-07-17	15
633	8	2025-08-12	20
634	8	2024-06-25	9
635	8	2025-06-22	7
636	8	2024-10-19	16
637	8	2025-03-28	6
638	8	2025-06-14	7
639	8	2025-02-27	15
640	8	2024-05-14	13
641	8	2024-07-23	11
642	8	2025-03-03	10
643	8	2024-07-13	12
644	8	2025-08-17	17
645	8	2025-05-18	20
646	8	2025-05-20	10
647	8	2025-05-15	7
648	8	2024-12-01	21
649	8	2025-01-27	9
650	8	2024-11-19	8
651	8	2024-04-29	9
652	8	2025-05-07	16
653	8	2025-06-05	21
654	8	2025-06-21	10
655	8	2024-05-15	15
656	8	2025-04-18	15
657	8	2024-12-24	7
658	8	2024-09-19	15
659	8	2025-08-26	13
660	8	2024-05-03	17
661	8	2024-12-07	14
662	8	2025-07-26	11
663	8	2024-09-07	6
664	8	2024-10-16	14
665	8	2025-04-29	19
666	8	2024-09-08	15
667	8	2025-05-11	12
668	8	2024-08-21	17
669	8	2025-09-07	17
670	8	2025-07-15	15
671	8	2024-09-06	6
672	8	2025-05-26	12
673	8	2025-05-22	21
674	8	2024-05-17	12
675	8	2024-10-17	8
676	8	2024-07-19	8
677	8	2024-08-19	8
678	8	2025-08-15	7
679	9	2025-03-23	13
680	9	2025-04-01	13
681	9	2025-09-22	18
682	9	2024-05-11	6
683	9	2024-11-24	9
684	9	2025-06-12	11
685	9	2024-10-09	14
686	9	2024-08-09	16
687	9	2025-07-21	19
688	9	2024-07-26	18
689	9	2024-06-23	8
690	9	2024-08-26	16
691	9	2024-08-19	17
692	9	2024-08-13	14
693	9	2025-04-21	8
694	9	2024-06-10	11
695	9	2025-05-13	19
696	9	2024-08-16	19
697	9	2024-10-04	11
698	9	2025-09-25	16
699	9	2025-07-01	9
700	9	2025-06-10	15
701	9	2025-04-30	14
702	9	2024-11-13	8
703	9	2025-05-27	7
704	9	2025-08-16	19
705	9	2025-08-18	7
706	9	2025-08-09	7
707	9	2024-06-24	13
708	9	2024-08-30	6
709	9	2025-03-11	18
710	9	2024-05-08	12
711	9	2025-05-29	12
712	9	2024-12-01	18
713	9	2025-05-26	12
714	9	2025-02-14	13
715	9	2024-06-23	6
716	9	2024-07-29	11
717	9	2025-09-15	7
718	9	2024-05-11	12
719	9	2025-04-08	13
720	9	2024-07-10	16
721	9	2025-07-03	9
722	9	2024-06-05	11
723	9	2024-08-09	7
724	9	2024-10-29	11
725	9	2025-03-07	20
726	9	2024-09-22	10
727	9	2025-05-22	13
728	9	2025-07-27	12
729	9	2024-08-10	20
730	9	2025-01-15	16
731	9	2024-08-24	18
732	9	2024-11-14	16
733	9	2024-07-01	8
734	9	2024-11-04	12
735	9	2025-08-19	6
736	9	2025-03-17	20
737	9	2024-07-18	8
738	9	2024-08-08	19
739	9	2025-08-15	18
740	9	2024-07-04	18
741	9	2024-06-22	6
742	9	2024-11-18	10
743	9	2025-04-08	17
744	9	2025-08-14	16
745	9	2024-08-13	16
746	9	2025-07-11	19
747	9	2025-09-01	11
748	9	2025-03-28	9
749	9	2024-09-11	16
750	9	2024-09-20	10
751	9	2025-01-01	10
752	9	2024-05-08	13
753	9	2025-08-20	13
754	9	2025-06-16	18
755	9	2024-06-21	20
756	9	2025-09-27	8
757	9	2024-10-24	6
758	9	2024-12-09	15
759	9	2025-09-07	13
760	9	2024-12-02	6
761	9	2024-08-07	14
762	9	2024-07-25	11
763	9	2025-05-20	11
764	9	2024-09-20	14
765	9	2024-08-02	14
766	10	2025-09-08	21
767	10	2025-06-18	16
768	10	2024-07-16	17
769	10	2025-08-03	19
770	10	2025-02-01	19
771	10	2025-08-20	14
772	10	2025-09-04	12
773	10	2024-06-08	12
774	10	2025-03-15	6
775	10	2024-10-29	16
776	10	2025-07-26	6
777	10	2025-07-12	7
778	10	2025-03-01	20
779	10	2025-01-03	13
780	10	2024-12-10	14
781	10	2024-11-27	16
782	10	2024-11-01	13
783	10	2025-09-25	15
784	10	2025-06-01	12
785	10	2024-10-08	17
786	10	2025-09-15	13
787	10	2024-08-11	18
788	10	2025-02-15	20
789	10	2025-03-29	21
790	10	2025-08-08	11
791	10	2025-06-17	17
792	10	2024-05-23	20
793	10	2025-09-01	6
794	10	2024-06-07	18
795	10	2024-10-14	9
796	10	2025-04-14	10
797	10	2025-02-14	6
798	10	2025-07-15	7
799	10	2025-02-22	12
800	10	2025-01-21	12
801	10	2025-06-26	16
802	10	2024-10-19	8
803	10	2025-02-28	15
804	10	2024-08-29	18
805	10	2025-08-25	20
806	10	2025-07-29	15
807	10	2025-07-13	14
808	10	2025-05-31	13
809	10	2024-07-23	14
810	10	2025-05-05	12
811	10	2025-03-22	20
812	10	2025-08-22	15
813	10	2025-06-11	18
814	10	2025-04-19	20
815	10	2025-05-08	8
816	10	2024-10-05	19
817	10	2025-10-07	20
818	10	2024-07-31	13
819	10	2025-09-04	13
820	10	2024-09-27	16
821	10	2024-10-11	12
822	10	2025-04-19	19
823	10	2025-03-10	11
824	10	2024-10-28	19
825	10	2024-06-26	11
826	10	2024-09-03	7
827	10	2025-03-09	16
828	10	2025-07-10	21
829	10	2025-04-10	20
830	10	2025-04-30	18
831	10	2024-09-15	7
832	10	2024-09-22	21
833	10	2024-10-21	12
834	10	2024-09-15	8
835	10	2024-10-04	6
836	10	2024-12-28	17
837	10	2025-06-15	16
838	10	2024-07-15	7
839	10	2024-10-31	13
840	10	2025-02-01	17
841	10	2025-06-16	13
842	10	2025-04-14	7
843	10	2024-10-26	19
844	10	2025-02-21	18
845	10	2025-06-16	9
846	10	2025-02-20	11
847	10	2025-07-08	19
848	10	2025-01-26	14
849	10	2025-01-06	21
850	10	2025-07-09	19
851	10	2025-08-20	9
852	10	2024-06-08	10
853	10	2025-03-17	13
854	10	2024-07-14	12
855	10	2024-10-08	7
856	10	2024-05-30	11
857	10	2024-10-20	16
858	10	2025-03-11	20
859	10	2024-06-13	20
860	10	2025-02-20	9
861	10	2025-05-11	16
862	10	2024-06-14	17
863	10	2025-02-05	10
864	10	2025-03-22	6
865	11	2024-07-28	18
866	11	2024-12-15	8
867	11	2025-03-21	10
868	11	2024-06-08	16
869	11	2025-07-29	16
870	11	2025-04-07	15
871	11	2024-07-30	18
872	11	2024-05-29	7
873	11	2025-08-11	12
874	11	2025-03-29	7
875	11	2025-07-06	14
876	11	2025-06-11	7
877	11	2025-03-04	21
878	11	2025-01-13	8
879	11	2025-08-25	6
880	11	2025-09-15	17
881	11	2025-09-08	21
882	11	2025-07-19	6
883	11	2024-07-16	16
884	11	2025-05-21	6
885	11	2025-06-18	6
886	11	2025-04-27	10
887	11	2025-05-05	9
888	11	2025-09-23	7
889	11	2024-04-27	18
890	11	2024-07-13	13
891	11	2025-05-08	9
892	11	2025-07-10	10
893	11	2024-05-16	13
894	11	2024-04-27	20
895	11	2025-09-18	10
896	11	2024-12-05	13
897	11	2024-05-17	10
898	11	2024-09-21	20
899	11	2025-07-28	13
900	11	2024-12-26	9
901	11	2025-01-20	12
902	11	2024-12-07	16
903	11	2025-06-13	14
904	11	2025-09-30	15
905	11	2024-11-26	14
906	11	2025-05-05	20
907	11	2025-01-01	7
908	11	2025-02-20	12
909	11	2025-09-07	18
910	11	2024-10-07	20
911	11	2025-08-17	7
912	11	2025-06-30	7
913	11	2024-08-05	7
914	11	2024-07-06	11
915	11	2025-01-17	11
916	11	2024-12-14	14
917	11	2025-04-27	19
918	11	2024-10-13	15
919	11	2025-02-17	10
920	11	2024-06-27	15
921	11	2024-08-30	17
922	11	2024-07-05	20
923	11	2025-05-04	9
924	11	2024-10-08	19
925	11	2024-12-19	12
926	11	2024-09-30	15
927	11	2025-05-27	20
928	11	2024-07-23	19
929	11	2024-10-22	19
930	11	2025-08-26	19
931	11	2024-05-13	18
932	11	2024-06-13	17
933	11	2025-07-13	17
934	11	2024-10-22	17
935	11	2025-02-22	7
936	12	2024-10-30	17
937	12	2025-06-20	13
938	12	2024-06-25	6
939	12	2025-06-13	10
940	12	2025-07-11	14
941	12	2024-12-10	21
942	12	2025-02-27	14
943	12	2024-06-14	16
944	12	2025-04-12	10
945	12	2024-09-29	18
946	12	2025-05-13	10
947	12	2024-12-12	19
948	12	2025-07-06	19
949	12	2025-09-15	19
950	12	2025-09-19	14
951	12	2025-03-31	18
952	12	2025-09-18	21
953	12	2025-03-16	8
954	12	2024-11-03	9
955	12	2024-07-05	18
956	12	2025-03-19	7
957	12	2025-07-27	13
958	12	2024-05-05	7
959	12	2025-03-11	7
960	12	2025-06-20	10
961	12	2025-07-08	11
962	12	2025-06-18	18
963	12	2024-08-18	13
964	12	2024-11-18	9
965	12	2025-08-14	18
966	12	2025-05-10	17
967	12	2025-04-26	10
968	12	2025-01-06	8
969	12	2024-09-07	11
970	12	2025-02-12	11
971	12	2024-06-08	12
972	12	2025-07-03	17
973	12	2024-09-10	7
974	12	2024-08-30	20
975	12	2024-05-13	11
976	12	2024-06-24	12
977	12	2024-11-19	15
978	12	2024-12-28	12
979	12	2024-05-09	20
980	12	2024-12-25	18
981	12	2025-07-01	14
982	12	2024-10-13	10
983	12	2024-09-06	15
984	12	2024-11-19	17
985	12	2024-11-29	20
986	12	2024-10-27	18
987	12	2025-05-16	14
988	12	2025-07-18	11
989	12	2024-06-22	18
990	12	2025-03-15	8
991	12	2024-10-06	7
992	12	2025-05-17	14
993	12	2024-09-23	18
994	12	2025-03-27	13
995	12	2025-09-14	16
996	12	2025-04-14	20
997	12	2025-07-02	19
998	12	2025-04-26	13
999	12	2025-05-16	10
1000	12	2024-11-13	10
1001	12	2025-03-04	19
1002	12	2024-05-06	21
1003	12	2025-04-08	14
1004	12	2025-06-16	14
1005	12	2025-06-28	17
1006	12	2024-09-15	7
1007	12	2025-02-04	9
1008	12	2025-05-16	21
1009	12	2025-03-12	10
1010	12	2025-10-04	21
1011	12	2025-03-01	18
1012	12	2025-04-27	14
1013	12	2024-08-18	8
1014	12	2024-04-29	16
1015	12	2025-08-21	20
1016	12	2025-04-23	8
1017	12	2024-08-02	11
1018	12	2025-08-21	6
1019	12	2024-06-17	16
1020	12	2024-10-19	13
1021	12	2025-03-21	11
1022	12	2024-12-02	12
1023	13	2024-08-27	15
1024	13	2024-05-16	14
1025	13	2025-01-24	16
1026	13	2025-01-20	12
1027	13	2025-06-25	18
1028	13	2024-06-20	12
1029	13	2025-04-19	19
1030	13	2025-08-18	9
1031	13	2024-11-16	20
1032	13	2025-01-20	19
1033	13	2025-04-04	8
1034	13	2024-08-15	8
1035	13	2025-09-23	10
1036	13	2024-10-18	8
1037	13	2025-04-08	11
1038	13	2025-09-29	6
1039	13	2025-01-09	11
1040	13	2024-05-21	19
1041	13	2024-06-17	11
1042	13	2025-08-03	6
1043	13	2025-07-19	18
1044	13	2025-06-19	17
1045	13	2025-02-17	17
1046	13	2025-09-23	16
1047	13	2024-06-16	7
1048	13	2025-01-04	14
1049	13	2025-05-04	20
1050	13	2025-01-01	15
1051	13	2024-07-16	7
1052	13	2024-06-24	20
1053	13	2024-06-05	10
1054	13	2024-09-02	6
1055	13	2024-10-21	19
1056	13	2024-08-06	13
1057	13	2024-10-30	20
1058	13	2025-04-22	18
1059	13	2024-06-14	6
1060	13	2025-09-09	16
1061	13	2024-07-07	19
1062	13	2025-05-20	14
1063	13	2024-09-10	13
1064	13	2025-03-07	16
1065	13	2025-07-22	21
1066	13	2024-11-10	17
1067	13	2025-04-03	15
1068	13	2025-05-27	6
1069	13	2024-07-17	21
1070	13	2025-03-08	6
1071	13	2025-04-28	15
1072	13	2025-06-13	16
1073	13	2025-02-24	13
1074	13	2024-05-25	17
1075	13	2024-06-09	10
1076	13	2024-05-01	6
1077	13	2025-05-19	19
1078	13	2024-11-27	7
1079	13	2025-01-13	10
1080	13	2025-04-29	12
1081	13	2024-06-21	19
1082	13	2025-09-11	21
1083	13	2025-09-12	7
1084	13	2025-03-06	14
1085	13	2025-09-21	7
1086	13	2025-03-19	6
1087	13	2025-07-21	6
1088	13	2024-05-07	6
1089	13	2025-01-17	9
1090	13	2024-12-29	19
1091	13	2025-06-16	10
1092	13	2024-11-13	12
1093	13	2024-11-17	16
1094	13	2025-05-21	13
1095	13	2025-05-09	14
1096	13	2024-11-08	6
1097	14	2024-09-28	14
1098	14	2024-12-05	10
1099	14	2024-10-02	11
1100	14	2024-09-19	11
1101	14	2025-07-27	9
1102	14	2024-12-04	19
1103	14	2025-01-10	19
1104	14	2024-08-23	8
1105	14	2025-08-31	20
1106	14	2025-08-25	21
1107	14	2024-06-21	6
1108	14	2024-05-04	10
1109	14	2025-08-03	8
1110	14	2025-02-03	7
1111	14	2024-12-11	15
1112	14	2025-09-23	11
1113	14	2025-09-08	9
1114	14	2025-08-27	7
1115	14	2024-12-08	10
1116	14	2025-04-15	21
1117	14	2025-09-10	10
1118	14	2025-03-24	16
1119	14	2025-05-19	8
1120	14	2025-06-13	18
1121	14	2025-03-17	18
1122	14	2025-08-19	8
1123	14	2024-08-05	6
1124	14	2025-09-08	17
1125	14	2025-09-10	9
1126	14	2025-08-03	9
1127	14	2024-12-06	11
1128	14	2024-08-30	17
1129	14	2025-05-18	19
1130	14	2024-08-03	19
1131	14	2025-07-10	19
1132	14	2025-08-03	13
1133	14	2025-10-04	16
1134	14	2025-04-28	11
1135	14	2024-06-20	16
1136	14	2024-09-15	17
1137	14	2024-05-30	6
1138	14	2025-03-11	13
1139	14	2024-10-01	6
1140	14	2025-02-23	12
1141	14	2024-07-09	19
1142	14	2024-07-11	17
1143	14	2024-10-21	8
1144	14	2025-02-12	18
1145	14	2025-08-31	11
1146	14	2025-06-03	16
1147	14	2024-07-21	13
1148	14	2025-04-02	20
1149	14	2025-01-31	12
1150	14	2024-09-30	20
1151	14	2024-08-03	21
1152	14	2024-09-06	8
1153	14	2024-05-04	6
1154	14	2025-02-22	17
1155	14	2024-06-09	8
1156	14	2024-11-26	15
1157	14	2024-05-13	20
1158	14	2025-01-13	21
1159	14	2025-05-18	10
1160	14	2024-10-12	19
1161	14	2024-07-09	7
1162	14	2025-06-25	8
1163	14	2025-02-13	15
1164	14	2025-04-08	18
1165	14	2025-09-20	6
1166	14	2025-02-09	21
1167	14	2024-09-08	12
1168	14	2025-01-30	18
1169	14	2025-04-13	6
1170	14	2024-10-27	7
1171	14	2025-04-09	7
1172	14	2025-09-27	15
1173	15	2024-12-25	15
1174	15	2025-05-08	16
1175	15	2024-11-14	16
1176	15	2025-01-28	16
1177	15	2025-05-04	13
1178	15	2024-09-07	18
1179	15	2025-02-24	15
1180	15	2024-11-17	6
1181	15	2024-10-06	11
1182	15	2025-06-04	16
1183	15	2024-07-01	6
1184	15	2024-08-22	12
1185	15	2024-05-31	8
1186	15	2025-02-23	13
1187	15	2025-03-08	11
1188	15	2025-02-14	10
1189	15	2025-03-28	11
1190	15	2025-04-25	16
1191	15	2025-09-25	16
1192	15	2025-08-30	16
1193	15	2024-08-29	17
1194	15	2025-06-26	18
1195	15	2025-07-24	13
1196	15	2024-06-04	12
1197	15	2025-06-08	8
1198	15	2024-10-30	8
1199	15	2024-10-05	11
1200	15	2024-09-05	10
1201	15	2024-12-10	18
1202	15	2024-11-05	18
1203	15	2024-12-27	15
1204	15	2024-08-13	15
1205	15	2024-05-23	18
1206	15	2024-07-09	19
1207	15	2024-08-24	14
1208	15	2024-11-16	13
1209	15	2025-02-21	17
1210	15	2025-07-13	7
1211	15	2025-07-25	19
1212	15	2024-05-22	17
1213	15	2025-03-01	20
1214	15	2025-01-28	7
1215	15	2025-02-11	6
1216	15	2024-11-11	10
1217	15	2025-08-28	18
1218	15	2024-04-28	6
1219	15	2024-07-29	7
1220	15	2024-09-03	12
1221	15	2024-12-13	20
1222	15	2025-04-02	17
1223	15	2025-01-03	10
1224	15	2024-05-31	18
1225	15	2024-07-15	7
1226	15	2025-02-07	11
1227	15	2025-08-30	6
1228	15	2025-01-05	13
1229	15	2024-05-31	10
1230	15	2024-07-13	6
1231	15	2025-06-17	8
1232	15	2025-04-23	7
1233	15	2024-07-08	17
1234	15	2025-08-12	15
1235	15	2024-08-10	16
1236	15	2025-05-15	18
1237	15	2024-09-06	15
1238	15	2025-02-12	14
1239	15	2025-07-28	18
1240	15	2025-05-23	13
1241	15	2025-08-08	6
1242	15	2025-02-19	7
1243	15	2025-08-02	21
1244	15	2025-02-03	12
1245	15	2024-11-15	10
1246	15	2025-05-06	9
\.


--
-- Data for Name: coaches; Type: TABLE DATA; Schema: public; Owner: postgres
--

COPY public.coaches (coach_id, coach_name, sport, course_price) FROM stdin;
1	Coach Dr. Alexandria Wright	tennis	200000
2	Coach Lauren Larson	tennis	225000
3	Coach Ashley Scott	tennis	250000
4	Coach Lauren Johnson	tennis	75000
5	Coach Louis Evans	tennis	100000
6	Coach Gabriel Jones	pickleball	110000
7	Coach William Richard	pickleball	125000
8	Coach Diane Acevedo	pickleball	180000
9	Coach Lisa Harper	pickleball	50000
10	Coach Brandon Drake	pickleball	110000
11	Coach Christopher Richards	padel	160000
12	Coach Victoria Petersen	padel	180000
13	Coach Albert Vargas	padel	140000
14	Coach Dale Garcia	padel	120000
15	Coach Rita Weaver	padel	200000
\.


--
-- Data for Name: fieldbookingdetail; Type: TABLE DATA; Schema: public; Owner: postgres
--

COPY public.fieldbookingdetail (field_booking_detail_id, field_id, date, hour) FROM stdin;
1	1	2024-05-21	19
2	5	2025-08-15	20
3	5	2024-08-01	10
4	3	2024-05-11	19
5	2	2025-02-10	16
6	2	2025-07-27	7
7	5	2025-05-12	6
8	2	2024-07-24	10
9	3	2025-08-26	9
10	5	2024-08-02	15
11	1	2024-05-21	7
12	3	2024-07-30	18
13	3	2025-08-26	8
14	4	2025-10-07	14
15	4	2024-08-23	9
16	1	2025-05-12	12
17	1	2024-05-03	15
18	1	2025-09-12	10
19	1	2025-08-20	17
20	3	2024-11-22	10
21	3	2025-08-13	15
22	2	2024-12-03	9
23	5	2025-03-26	14
24	1	2024-05-05	15
25	1	2025-09-18	13
26	3	2024-10-30	12
27	2	2024-04-27	10
28	2	2024-07-01	14
29	2	2024-08-03	19
30	2	2025-08-11	10
31	2	2025-06-08	9
32	2	2025-10-07	9
33	3	2024-08-22	17
34	5	2024-11-07	16
35	5	2024-05-12	7
36	2	2024-05-25	13
37	1	2024-08-18	6
38	5	2024-12-22	10
39	2	2024-06-09	10
40	5	2024-07-21	18
41	5	2025-01-30	20
42	1	2025-06-19	19
43	3	2024-06-27	12
44	2	2024-07-28	8
45	3	2025-01-12	18
46	5	2024-10-26	10
47	4	2025-01-12	6
48	4	2024-11-11	6
49	1	2024-09-22	17
50	1	2025-06-15	11
51	4	2024-10-13	8
52	1	2025-01-18	15
53	3	2025-02-09	9
54	4	2025-03-27	17
55	3	2024-05-16	13
56	2	2025-02-28	17
57	5	2024-05-18	6
58	5	2024-10-10	13
59	3	2025-10-03	14
60	2	2024-10-08	11
61	1	2024-12-03	15
62	4	2024-12-22	9
63	5	2025-04-11	18
64	3	2025-04-18	13
65	5	2024-09-02	12
66	4	2025-04-14	20
67	1	2024-09-11	13
68	4	2024-06-29	8
69	4	2025-06-05	8
70	1	2024-10-07	6
71	5	2024-12-07	18
72	3	2025-08-03	9
73	2	2025-05-20	19
74	1	2025-02-23	14
75	2	2024-11-14	9
76	5	2025-04-20	16
77	5	2024-05-23	10
78	3	2024-11-30	8
79	5	2024-12-24	8
80	5	2025-03-31	12
81	5	2024-05-08	19
82	5	2024-08-16	14
83	4	2024-12-08	13
84	5	2025-07-31	7
85	4	2025-04-23	6
86	2	2024-05-27	6
87	4	2024-08-04	20
88	4	2024-08-05	14
89	4	2024-06-18	20
90	3	2024-11-23	15
91	2	2025-09-17	8
92	3	2024-12-07	13
93	4	2025-02-04	15
94	2	2024-09-22	14
95	3	2025-03-17	12
96	3	2025-04-20	15
97	4	2024-10-25	8
98	3	2024-07-09	18
99	3	2025-04-16	11
100	1	2024-05-16	9
101	2	2024-09-16	17
102	5	2025-02-21	20
103	5	2024-08-30	9
104	3	2025-01-02	12
105	1	2025-04-27	18
106	2	2024-05-22	10
107	5	2025-02-06	7
108	3	2024-12-27	14
109	5	2025-10-03	6
110	2	2025-02-18	8
111	4	2025-07-19	19
112	2	2024-05-06	12
113	4	2024-12-24	13
114	2	2024-10-12	16
115	4	2025-04-04	11
116	2	2025-02-20	19
117	4	2024-09-08	7
118	1	2025-06-05	16
119	3	2024-10-05	13
120	1	2025-03-23	20
121	5	2024-12-16	19
122	2	2024-05-09	12
123	2	2024-12-21	17
124	3	2025-10-07	17
125	3	2024-05-22	20
126	3	2024-06-23	8
127	3	2024-09-02	16
128	3	2025-08-09	17
129	1	2025-08-01	8
130	1	2024-07-21	15
131	4	2024-12-29	10
132	4	2024-07-24	17
133	2	2025-08-07	19
134	3	2025-04-02	12
135	1	2024-09-03	13
136	4	2025-07-17	10
137	2	2025-04-24	16
138	4	2024-10-10	17
139	4	2025-01-25	8
140	1	2025-01-30	17
141	1	2024-12-06	10
142	4	2025-04-28	17
143	4	2024-07-04	20
144	2	2024-11-09	17
145	2	2024-07-17	8
146	1	2025-04-10	14
147	4	2025-03-07	16
148	2	2025-03-26	9
149	2	2025-09-07	10
150	3	2024-12-02	19
151	3	2024-12-02	13
152	1	2024-07-10	11
153	2	2024-12-02	18
154	2	2025-01-18	18
155	5	2024-05-14	11
156	3	2024-10-12	17
157	5	2025-08-29	6
158	1	2024-06-05	19
159	2	2025-04-25	17
160	4	2025-06-23	14
161	2	2024-11-03	20
162	5	2025-06-03	18
163	3	2025-01-02	8
164	5	2024-12-28	9
165	4	2025-07-03	17
166	3	2025-01-26	10
167	3	2025-03-23	10
168	2	2025-05-27	11
169	2	2025-01-09	10
170	3	2025-01-20	19
171	3	2025-04-15	11
172	4	2025-09-03	9
173	1	2024-05-02	18
174	2	2025-03-10	7
175	1	2025-04-05	8
176	2	2025-09-23	10
177	3	2025-03-05	13
178	2	2025-02-26	19
179	2	2025-05-16	18
180	5	2025-09-21	13
181	1	2025-06-23	13
182	3	2025-05-11	20
183	2	2024-07-05	9
184	3	2024-09-13	14
185	4	2025-01-16	19
186	3	2024-11-11	9
187	1	2025-09-06	13
188	2	2025-04-20	12
189	5	2024-11-29	7
190	2	2024-06-15	6
191	3	2024-09-22	17
192	4	2024-12-01	20
193	3	2024-09-23	10
194	3	2024-08-12	11
195	3	2025-09-08	12
196	2	2025-09-16	16
197	5	2024-11-12	16
198	5	2024-08-01	13
199	1	2024-10-17	20
200	4	2024-11-16	7
201	2	2025-04-19	11
202	3	2025-01-18	10
203	1	2025-02-28	18
204	4	2024-06-10	7
205	2	2025-04-21	18
206	5	2025-10-05	14
207	2	2025-09-14	7
208	2	2024-12-07	9
209	2	2024-11-23	18
210	4	2025-10-05	15
211	2	2025-07-21	11
212	5	2024-10-22	12
213	5	2024-05-30	19
214	3	2024-10-29	12
215	3	2024-07-07	10
216	4	2024-05-06	9
217	3	2025-08-22	6
218	4	2025-06-27	15
219	1	2024-09-12	8
220	2	2024-10-06	9
221	3	2024-08-09	20
222	4	2024-05-26	8
223	1	2025-07-21	6
224	1	2025-01-28	7
225	1	2024-10-23	20
226	3	2025-01-16	20
227	3	2025-01-08	11
228	3	2024-08-16	13
229	5	2024-12-07	12
230	5	2025-10-06	13
231	5	2024-06-20	6
232	4	2025-05-28	19
233	4	2025-01-26	7
234	4	2025-05-13	11
235	4	2025-08-12	12
236	3	2025-02-05	12
237	3	2025-09-29	11
238	4	2024-07-09	12
239	4	2025-08-11	14
240	3	2025-06-25	9
241	2	2025-02-25	16
242	1	2024-08-26	12
243	1	2024-10-28	13
244	4	2025-09-06	11
245	4	2025-06-21	16
246	4	2024-09-24	13
247	4	2024-06-28	19
248	1	2025-05-19	10
249	1	2024-12-09	7
250	2	2025-09-18	15
251	3	2025-02-06	20
252	3	2025-06-28	8
253	4	2025-05-03	15
254	4	2024-12-02	16
255	4	2024-11-04	13
256	2	2025-07-27	8
257	1	2024-12-08	12
258	1	2024-12-31	12
259	3	2024-08-10	8
260	2	2025-07-30	20
261	3	2025-05-25	11
262	5	2025-02-02	20
263	4	2024-07-25	16
264	2	2024-05-21	11
265	4	2025-07-06	6
266	1	2025-03-20	12
267	2	2024-08-09	11
268	4	2025-09-22	19
269	5	2025-01-28	8
270	1	2024-12-17	7
271	4	2024-09-24	13
272	5	2024-08-19	16
273	3	2025-04-19	11
274	1	2024-09-02	19
275	1	2025-09-01	14
276	2	2025-09-26	19
277	2	2024-08-02	6
278	4	2025-02-15	14
279	5	2024-07-25	14
280	2	2025-05-24	14
281	2	2025-03-04	19
282	3	2025-09-07	20
283	5	2025-06-11	16
284	2	2024-10-13	6
285	5	2024-06-12	17
286	2	2025-01-26	16
287	3	2025-09-07	8
288	1	2024-12-20	15
289	2	2024-06-14	11
290	4	2025-08-21	19
291	2	2024-08-15	16
292	2	2024-10-11	13
293	5	2024-05-09	17
294	2	2024-05-28	7
295	2	2025-08-01	7
296	2	2024-11-09	6
297	3	2025-05-21	16
298	1	2025-02-20	19
299	1	2024-11-22	16
300	1	2024-10-19	19
301	5	2025-03-30	12
302	2	2025-01-19	14
303	5	2024-05-05	15
304	2	2024-05-19	12
305	3	2025-03-11	6
306	2	2025-01-24	13
307	1	2025-08-28	14
308	5	2024-05-07	10
309	5	2024-11-29	20
310	1	2025-04-09	10
311	3	2025-04-16	13
312	1	2025-05-31	16
313	2	2024-10-13	16
314	5	2025-07-27	9
315	2	2024-05-05	11
316	1	2024-06-01	9
317	3	2025-07-17	16
318	4	2024-12-29	11
319	1	2025-02-21	6
320	5	2025-08-21	8
321	5	2024-07-14	8
322	4	2024-08-23	18
323	3	2025-09-28	17
324	1	2024-12-15	9
325	1	2024-12-02	15
326	2	2024-11-08	6
327	1	2025-02-24	12
328	1	2025-08-27	6
329	3	2024-08-28	13
330	3	2025-06-14	20
331	5	2024-12-08	8
332	4	2025-08-08	6
333	1	2025-05-30	15
334	3	2025-06-20	19
335	2	2024-06-21	11
336	2	2025-01-05	17
337	4	2025-08-20	6
338	4	2025-07-17	6
339	2	2024-11-08	8
340	1	2025-09-20	14
341	5	2024-10-24	16
342	2	2025-04-11	10
343	2	2024-06-23	6
344	1	2024-09-26	13
345	4	2025-07-14	14
346	5	2024-10-23	17
347	2	2025-09-02	17
348	2	2025-10-01	9
349	4	2024-11-11	15
350	2	2025-07-09	14
351	5	2025-04-25	7
352	4	2024-06-27	20
353	3	2024-09-05	17
354	4	2024-10-12	13
355	1	2025-01-21	13
356	5	2025-09-03	20
357	2	2025-06-14	9
358	3	2025-04-18	8
359	1	2024-05-23	19
360	3	2024-05-05	15
361	3	2024-05-21	11
362	2	2025-03-15	19
363	3	2024-07-17	18
364	3	2025-06-16	9
365	5	2024-11-01	11
366	1	2024-10-21	20
367	3	2025-05-04	9
368	4	2024-06-13	18
369	1	2025-04-20	13
370	1	2024-07-21	15
371	3	2025-07-23	20
372	4	2025-03-27	15
373	3	2024-10-13	20
374	4	2024-08-10	16
375	1	2024-07-18	14
376	3	2024-08-30	14
377	1	2024-12-19	17
378	1	2025-06-19	8
379	5	2024-12-22	14
380	4	2025-08-12	18
381	3	2025-06-07	11
382	1	2025-05-01	15
383	4	2024-12-15	17
384	5	2024-12-12	14
385	2	2025-01-29	8
386	4	2025-04-23	15
387	3	2024-06-27	9
388	2	2024-06-10	15
389	5	2025-09-04	8
390	4	2025-02-23	10
391	3	2025-06-07	8
392	4	2024-12-07	13
393	4	2025-01-29	17
394	2	2025-10-05	10
395	2	2024-08-16	6
396	2	2025-04-17	6
397	3	2024-10-07	8
398	5	2025-05-29	15
399	4	2025-04-24	12
400	5	2024-08-10	9
401	2	2024-12-23	11
402	2	2024-11-22	13
403	3	2025-07-22	15
404	2	2024-07-22	10
405	5	2024-11-15	20
406	1	2025-07-29	13
407	4	2025-09-28	19
408	4	2024-06-03	11
409	3	2024-04-30	19
410	5	2024-12-03	12
411	4	2024-07-21	11
412	4	2025-05-01	9
413	4	2024-06-26	9
414	5	2024-12-15	10
415	2	2025-02-10	16
416	2	2024-08-31	15
417	1	2025-07-12	7
418	4	2025-05-16	9
419	1	2025-02-03	15
420	4	2024-12-18	13
421	3	2024-12-07	14
422	4	2024-11-18	7
423	1	2024-09-01	13
424	3	2024-05-15	18
425	5	2024-10-25	9
426	5	2024-09-03	12
427	5	2025-05-16	19
428	2	2024-07-09	6
429	5	2025-04-25	13
430	4	2024-11-11	8
431	2	2024-09-03	7
432	2	2025-05-10	11
433	1	2024-08-07	9
434	1	2024-10-03	12
435	5	2024-05-28	11
436	2	2024-08-17	16
437	4	2024-08-02	6
438	1	2024-05-14	12
439	2	2025-08-16	9
440	5	2024-12-10	18
441	2	2024-12-28	17
442	4	2025-01-06	9
443	3	2024-06-02	10
444	1	2024-10-09	20
445	5	2025-10-02	12
446	6	2025-01-07	17
447	9	2024-10-05	16
448	7	2024-08-22	17
449	6	2024-07-29	6
450	8	2024-11-26	18
451	6	2025-10-07	6
452	8	2024-05-28	20
453	7	2025-06-05	11
454	10	2025-06-13	11
455	6	2025-04-29	8
456	10	2024-08-20	8
457	9	2025-04-06	16
458	6	2025-02-07	10
459	10	2024-06-15	14
460	8	2025-04-28	9
461	6	2025-08-27	14
462	6	2025-05-11	9
463	10	2024-10-20	14
464	10	2024-05-27	10
465	7	2025-10-03	7
466	9	2025-07-25	16
467	9	2025-05-30	12
468	8	2025-01-15	9
469	9	2024-10-21	17
470	8	2025-09-30	6
471	7	2024-11-06	6
472	7	2025-01-10	7
473	10	2024-12-19	15
474	8	2025-08-10	6
475	6	2024-08-01	13
476	10	2024-05-25	7
477	7	2024-09-30	15
478	10	2025-09-08	15
479	9	2024-10-14	20
480	7	2025-07-25	12
481	8	2024-09-28	12
482	7	2024-04-27	9
483	9	2025-02-16	12
484	7	2025-02-22	14
485	8	2024-08-20	7
486	8	2025-06-14	15
487	10	2024-10-28	15
488	7	2025-07-05	9
489	6	2024-07-03	6
490	10	2025-05-16	16
491	9	2025-03-12	17
492	10	2025-03-09	11
493	9	2025-07-14	6
494	7	2025-06-29	10
495	9	2025-06-19	10
496	8	2025-02-22	17
497	9	2024-06-24	8
498	8	2025-03-09	7
499	8	2024-05-27	14
500	9	2025-09-13	13
501	8	2025-04-09	11
502	7	2024-09-03	18
503	8	2024-04-28	14
504	7	2025-03-11	15
505	8	2025-02-23	20
506	7	2025-05-05	19
507	9	2024-10-10	7
508	7	2025-03-26	10
509	6	2025-06-03	7
510	10	2024-09-26	20
511	6	2024-06-29	19
512	10	2025-04-17	19
513	7	2025-07-05	10
514	6	2024-09-17	14
515	9	2025-05-17	12
516	7	2025-02-20	19
517	9	2024-05-08	14
518	10	2024-08-04	16
519	7	2024-11-08	20
520	6	2025-09-24	13
521	9	2024-12-01	8
522	9	2024-09-08	13
523	9	2025-09-08	20
524	9	2025-10-03	15
525	10	2025-09-14	12
526	6	2025-07-09	18
527	8	2024-07-18	8
528	10	2024-08-24	18
529	10	2025-05-19	13
530	7	2025-04-22	16
531	7	2024-11-07	20
532	10	2024-05-14	16
533	8	2025-03-28	14
534	10	2025-01-09	9
535	6	2025-10-06	6
536	9	2025-08-01	15
537	8	2024-09-24	12
538	7	2024-05-07	10
539	10	2024-08-12	19
540	6	2024-05-12	17
541	8	2024-06-19	10
542	8	2025-09-23	11
543	7	2024-11-24	9
544	10	2025-06-28	9
545	9	2025-08-03	11
546	7	2025-01-05	11
547	8	2024-10-12	16
548	10	2024-06-05	11
549	7	2024-04-28	7
550	7	2025-09-16	9
551	9	2025-01-15	17
552	8	2024-06-18	12
553	6	2024-11-12	19
554	8	2024-05-19	13
555	10	2024-07-24	7
556	9	2024-10-18	17
557	10	2024-07-06	14
558	7	2024-11-21	7
559	7	2025-08-06	19
560	6	2024-12-28	13
561	9	2025-06-14	10
562	9	2025-09-01	6
563	9	2025-07-02	8
564	6	2025-04-01	12
565	7	2025-05-13	7
566	7	2024-10-24	19
567	8	2025-05-21	20
568	6	2024-12-24	18
569	10	2025-07-24	13
570	9	2024-05-11	7
571	6	2025-02-18	12
572	7	2024-11-24	15
573	8	2025-10-03	16
574	7	2025-06-30	14
575	6	2025-05-28	11
576	10	2025-02-12	13
577	9	2025-01-07	10
578	6	2024-11-25	13
579	6	2025-06-16	7
580	8	2025-09-22	15
581	9	2024-06-27	12
582	7	2025-05-09	10
583	6	2025-01-23	18
584	9	2024-12-20	14
585	9	2024-09-01	11
586	6	2024-11-29	20
587	6	2024-10-22	11
588	10	2024-12-22	11
589	6	2024-07-22	7
590	9	2025-09-20	15
591	6	2025-10-06	9
592	8	2024-09-12	11
593	6	2025-05-24	14
594	9	2025-06-02	13
595	6	2025-03-02	13
596	8	2024-08-04	6
597	9	2024-11-30	13
598	8	2025-06-21	7
599	10	2024-12-12	18
600	8	2025-09-19	11
601	10	2024-08-18	10
602	8	2025-03-11	18
603	10	2025-02-07	10
604	10	2024-10-24	11
605	10	2025-02-23	20
606	6	2024-07-19	8
607	6	2024-12-25	20
608	9	2025-03-12	19
609	6	2025-02-01	8
610	7	2025-01-15	9
611	10	2025-09-08	16
612	6	2025-04-06	15
613	9	2025-06-02	11
614	7	2024-11-08	9
615	6	2025-03-15	6
616	6	2025-02-15	20
617	6	2025-05-05	9
618	6	2025-09-30	8
619	9	2025-03-09	6
620	7	2024-11-15	18
621	7	2024-06-07	8
622	10	2024-10-09	13
623	7	2025-02-18	20
624	7	2025-08-14	10
625	7	2025-07-03	10
626	6	2024-05-01	14
627	9	2025-07-21	16
628	6	2025-03-30	15
629	9	2024-06-17	15
630	10	2025-07-04	19
631	6	2024-08-01	16
632	10	2025-06-22	17
633	7	2024-05-25	7
634	9	2025-07-27	15
635	7	2024-10-28	12
636	7	2024-10-20	20
637	8	2025-10-02	8
638	6	2024-12-05	13
639	10	2025-02-15	13
640	10	2024-06-13	7
641	9	2024-08-08	17
642	8	2024-11-01	17
643	9	2024-05-15	19
644	8	2025-06-12	10
645	6	2025-07-23	11
646	6	2024-10-01	18
647	10	2025-03-03	7
648	6	2025-05-28	16
649	10	2024-09-07	18
650	9	2025-08-09	6
651	6	2025-01-12	13
652	7	2024-09-28	7
653	9	2024-07-21	12
654	10	2025-02-26	11
655	8	2025-06-28	15
656	10	2024-07-05	8
657	6	2025-04-22	17
658	9	2025-04-12	17
659	6	2025-04-27	17
660	6	2024-10-02	15
661	10	2024-11-17	7
662	7	2025-02-22	18
663	9	2024-12-10	12
664	6	2025-09-15	8
665	9	2024-07-30	17
666	7	2025-02-26	10
667	8	2025-09-16	19
668	7	2025-05-20	15
669	10	2024-11-03	14
670	8	2024-11-30	9
671	8	2025-06-25	14
672	9	2025-07-18	18
673	9	2025-05-25	6
674	10	2024-05-10	20
675	10	2024-09-10	14
676	7	2025-05-08	15
677	6	2024-11-24	13
678	10	2024-11-24	11
679	7	2025-07-06	9
680	9	2024-07-28	14
681	9	2024-07-27	9
682	10	2024-07-03	11
683	6	2025-04-23	16
684	6	2024-07-20	17
685	7	2025-01-02	14
686	6	2024-05-01	10
687	10	2024-08-27	13
688	9	2024-11-21	13
689	8	2025-07-21	12
690	7	2024-12-03	11
691	6	2024-07-06	19
692	9	2024-08-14	9
693	9	2025-03-17	15
694	6	2024-11-24	10
695	7	2024-09-10	7
696	6	2025-03-04	18
697	9	2024-07-25	6
698	10	2024-09-09	10
699	8	2025-03-12	19
700	9	2024-12-31	10
701	6	2025-03-26	16
702	8	2025-02-06	19
703	8	2025-07-13	20
704	8	2024-06-04	19
705	8	2024-11-26	7
706	7	2024-12-16	10
707	9	2025-09-17	10
708	7	2024-10-24	17
709	6	2024-10-13	12
710	9	2025-06-26	6
711	7	2024-10-16	18
712	8	2025-05-26	15
713	6	2025-07-25	19
714	6	2024-05-05	19
715	8	2024-06-12	7
716	6	2025-08-23	12
717	6	2025-06-06	10
718	8	2024-05-19	19
719	10	2024-08-24	16
720	9	2025-01-20	11
721	9	2025-09-26	19
722	8	2024-07-20	9
723	6	2024-08-20	7
724	8	2025-06-13	18
725	8	2025-01-24	8
726	9	2024-09-25	19
727	6	2025-06-29	16
728	10	2025-07-08	18
729	8	2025-05-29	17
730	7	2024-10-28	17
731	6	2025-01-30	13
732	9	2024-08-13	9
733	9	2024-06-14	13
734	7	2024-06-26	14
735	8	2024-06-13	18
736	10	2025-09-05	20
737	6	2025-08-08	19
738	8	2025-07-19	6
739	9	2025-01-31	12
740	9	2025-08-05	8
741	8	2024-11-23	12
742	7	2025-04-12	13
743	8	2025-06-03	12
744	10	2025-08-10	10
745	6	2025-01-03	15
746	7	2025-03-28	8
747	10	2025-02-01	11
748	7	2024-06-17	13
749	10	2024-07-07	11
750	7	2024-05-18	15
751	6	2024-09-15	15
752	9	2024-04-29	7
753	7	2024-08-10	9
754	6	2024-07-12	10
755	9	2025-03-28	13
756	9	2024-11-30	7
757	6	2024-10-11	17
758	10	2024-11-15	16
759	7	2025-03-23	6
760	6	2024-05-09	11
761	10	2024-10-20	8
762	7	2024-08-14	20
763	8	2024-11-10	10
764	6	2025-08-05	17
765	9	2025-02-24	9
766	10	2024-08-12	7
767	9	2025-07-23	13
768	10	2024-10-23	12
769	8	2024-11-17	7
770	7	2024-05-06	6
771	9	2025-07-06	15
772	10	2024-07-21	14
773	7	2025-03-22	15
774	7	2024-07-08	13
775	6	2025-02-25	20
776	10	2025-01-05	19
777	8	2024-11-28	7
778	7	2025-03-03	16
779	6	2025-02-27	14
780	6	2025-04-05	8
781	9	2024-08-19	15
782	9	2025-07-11	20
783	9	2024-12-23	9
784	10	2024-07-29	10
785	9	2024-06-12	9
786	7	2025-09-18	11
787	6	2024-09-06	18
788	7	2024-12-22	15
789	7	2024-05-18	16
790	8	2024-05-21	12
791	9	2024-06-08	9
792	8	2025-06-18	12
793	7	2024-06-04	6
794	7	2025-08-23	15
795	7	2024-11-04	18
796	9	2024-06-22	16
797	10	2024-09-23	13
798	7	2025-09-04	10
799	9	2025-02-03	12
800	6	2025-05-28	7
801	6	2024-11-12	17
802	7	2024-10-17	7
803	9	2024-07-01	18
804	7	2025-04-13	6
805	9	2025-03-22	17
806	10	2024-11-20	18
807	9	2025-05-24	10
808	6	2025-03-22	10
809	8	2024-06-11	11
810	9	2024-06-16	14
811	7	2025-01-25	19
812	8	2025-05-05	7
813	9	2024-10-25	7
814	9	2024-12-27	6
815	10	2025-09-02	17
816	10	2024-08-05	13
817	7	2025-03-28	10
818	7	2025-07-27	8
819	10	2025-05-08	10
820	6	2025-07-19	19
821	8	2024-07-03	7
822	10	2025-04-14	12
823	9	2024-07-05	19
824	7	2025-04-06	7
825	7	2024-08-28	9
826	9	2025-05-15	7
827	9	2024-05-27	16
828	6	2025-09-25	20
829	6	2025-01-23	7
830	10	2024-05-21	11
831	8	2025-06-13	20
832	11	2024-10-28	19
833	13	2024-05-03	7
834	11	2024-11-10	15
835	11	2024-09-30	13
836	15	2025-08-27	20
837	13	2024-10-26	18
838	12	2024-07-12	13
839	15	2024-05-20	9
840	14	2025-08-14	20
841	13	2025-04-16	11
842	14	2025-02-18	20
843	11	2025-09-29	8
844	11	2024-08-05	16
845	12	2025-06-18	14
846	14	2024-10-20	11
847	14	2025-02-18	10
848	12	2024-10-01	17
849	15	2024-11-29	6
850	14	2025-10-03	6
851	13	2025-03-15	13
852	11	2025-06-18	7
853	11	2024-12-20	19
854	12	2025-05-10	11
855	15	2024-07-21	19
856	15	2025-06-26	19
857	15	2024-07-12	19
858	13	2025-05-07	17
859	15	2024-11-17	20
860	11	2025-05-04	16
861	11	2025-06-15	17
862	14	2024-07-24	20
863	14	2025-05-27	11
864	13	2025-01-10	9
865	11	2025-07-23	20
866	13	2025-02-15	14
867	11	2024-07-16	9
868	15	2025-02-17	11
869	15	2025-07-16	19
870	15	2025-03-21	9
871	14	2025-08-19	15
872	12	2025-09-19	13
873	11	2025-06-22	20
874	11	2024-11-21	14
875	12	2025-01-01	19
876	14	2025-01-17	7
877	15	2025-01-05	10
878	14	2025-01-17	18
879	14	2025-04-02	18
880	14	2024-10-20	15
881	14	2024-08-22	17
882	11	2025-09-25	10
883	15	2024-06-03	8
884	14	2025-05-05	10
885	13	2025-05-16	9
886	13	2024-07-21	20
887	13	2025-02-16	6
888	14	2025-02-12	11
889	13	2024-09-13	19
890	13	2025-07-06	20
891	13	2025-05-12	20
892	15	2025-04-18	16
893	13	2024-10-13	12
894	12	2025-02-17	17
895	13	2025-03-08	17
896	11	2025-03-28	6
897	11	2025-07-28	9
898	12	2025-10-01	9
899	15	2024-08-28	7
900	11	2025-09-26	10
901	13	2025-08-23	15
902	12	2025-07-10	17
903	13	2025-09-27	12
904	13	2024-05-14	14
905	11	2024-05-29	20
906	12	2025-09-23	8
907	11	2024-07-29	17
908	15	2024-10-25	9
909	15	2025-02-02	12
910	15	2024-10-18	11
911	12	2024-11-05	9
912	15	2025-08-19	17
913	15	2024-05-05	20
914	15	2024-09-04	12
915	15	2024-08-15	16
916	13	2025-06-03	13
917	12	2024-10-16	19
918	13	2024-05-06	6
919	14	2024-07-20	7
920	13	2025-03-27	15
921	14	2025-03-19	14
922	11	2025-01-27	11
923	13	2025-07-13	14
924	11	2025-05-22	17
925	15	2024-08-21	6
926	11	2024-08-25	19
927	13	2025-01-26	10
928	15	2025-06-20	6
929	12	2024-05-21	8
930	13	2024-11-01	10
931	13	2024-06-01	10
932	11	2024-10-27	10
933	14	2025-08-01	13
934	13	2024-08-30	20
935	15	2025-04-12	16
936	14	2025-02-03	13
937	14	2025-09-03	12
938	14	2025-09-07	19
939	12	2024-09-25	15
940	15	2024-06-20	11
941	15	2024-12-29	10
942	11	2025-07-13	12
943	12	2025-09-20	16
944	15	2025-01-30	20
945	14	2025-05-07	19
946	12	2025-07-16	15
947	13	2025-09-23	15
948	15	2025-02-28	10
949	11	2024-09-05	19
950	15	2024-10-01	15
951	14	2025-06-07	19
952	12	2024-11-11	7
953	11	2024-06-14	9
954	15	2024-06-12	7
955	13	2024-06-05	17
956	14	2024-11-04	6
957	15	2025-09-11	16
958	11	2024-08-20	18
959	11	2024-10-17	14
960	15	2025-02-16	17
961	15	2025-03-12	8
962	15	2025-09-26	9
963	11	2025-04-02	7
964	14	2024-07-09	11
965	14	2025-05-22	14
966	14	2025-06-19	6
967	12	2024-06-30	11
968	14	2024-06-23	6
969	15	2024-07-30	16
970	15	2025-01-02	14
971	14	2025-05-07	14
972	12	2025-09-16	11
973	15	2024-12-04	11
974	12	2025-06-22	16
975	12	2025-06-24	19
976	12	2024-11-17	15
977	13	2025-01-12	14
978	12	2025-07-26	10
979	15	2024-07-20	16
980	12	2024-05-31	19
981	12	2025-04-15	13
982	15	2024-10-13	19
983	12	2024-12-09	19
984	11	2024-07-30	19
985	15	2025-03-06	6
986	14	2024-11-30	19
987	15	2025-06-16	15
988	15	2025-08-05	16
989	15	2025-09-15	15
990	11	2024-07-19	10
991	11	2024-10-04	18
992	14	2025-08-29	7
993	14	2024-08-09	10
994	12	2024-12-21	12
995	14	2024-07-10	14
996	11	2024-08-16	14
997	15	2025-07-19	8
998	14	2024-08-11	17
999	14	2024-06-24	11
1000	11	2024-09-26	16
1001	11	2024-10-31	20
1002	14	2025-01-26	16
1003	14	2024-08-10	13
1004	14	2025-06-12	17
1005	14	2025-03-04	13
1006	11	2024-11-08	14
1007	12	2025-06-24	16
1008	13	2025-09-10	17
1009	14	2025-06-11	11
1010	12	2024-08-01	6
1011	12	2025-10-04	11
1012	14	2025-02-18	13
1013	12	2024-12-10	17
1014	14	2025-09-19	16
1015	13	2025-04-18	13
1016	11	2025-04-04	18
1017	15	2024-09-04	12
1018	15	2025-10-07	17
1019	13	2025-02-27	6
1020	12	2025-05-09	11
1021	15	2024-06-09	14
1022	14	2025-03-22	18
1023	13	2025-01-02	18
1024	14	2024-10-24	10
1025	12	2024-10-18	12
1026	14	2024-07-27	13
1027	15	2024-09-17	8
1028	15	2025-04-07	20
1029	11	2024-10-16	15
1030	15	2024-06-01	16
1031	12	2025-04-03	15
1032	12	2024-12-01	16
1033	11	2024-10-07	20
1034	11	2024-12-27	20
1035	13	2024-11-10	10
1036	15	2024-12-09	8
1037	12	2024-10-28	16
1038	14	2024-10-25	15
1039	11	2025-09-21	10
1040	11	2025-07-25	16
1041	13	2024-07-28	15
1042	12	2024-09-24	9
1043	15	2024-09-13	7
1044	12	2024-07-25	15
1045	11	2024-09-30	18
1046	14	2024-07-24	7
1047	15	2025-02-18	9
1048	12	2025-03-17	7
1049	15	2024-09-20	7
1050	11	2025-03-27	20
1051	11	2024-12-31	9
1052	11	2024-07-27	7
1053	11	2024-08-28	17
1054	11	2025-01-07	10
1055	12	2024-07-22	16
1056	15	2024-08-03	15
1057	14	2025-09-25	10
1058	11	2025-05-04	19
1059	11	2024-08-05	20
1060	15	2024-09-18	18
1061	14	2024-06-09	7
1062	11	2025-05-31	6
1063	13	2025-10-08	20
1064	14	2025-07-13	15
1065	12	2025-07-04	7
1066	11	2024-11-26	7
1067	14	2024-11-17	14
1068	13	2025-03-18	8
1069	15	2024-08-17	9
1070	12	2025-05-07	14
1071	15	2025-01-19	12
1072	15	2024-05-27	9
1073	13	2025-03-20	16
1074	14	2025-05-22	7
1075	14	2025-02-17	6
1076	12	2024-05-08	6
1077	12	2024-10-05	6
1078	13	2025-07-01	19
1079	12	2024-12-26	20
1080	15	2025-09-23	14
1081	12	2025-04-14	18
1082	14	2025-07-18	9
1083	13	2025-04-19	20
1084	13	2024-06-20	10
1085	13	2025-01-19	8
1086	15	2025-03-23	13
1087	14	2025-06-15	18
1088	15	2024-10-08	13
1089	15	2025-03-24	6
1090	12	2025-09-23	13
1091	12	2024-06-21	9
1092	14	2024-09-15	14
1093	15	2025-05-11	6
1094	13	2024-10-23	16
1095	13	2024-06-27	20
1096	12	2025-05-24	18
1097	11	2024-10-01	8
1098	15	2025-07-22	9
1099	15	2024-10-05	20
1100	12	2025-01-28	15
1101	14	2025-01-02	16
1102	14	2025-08-05	16
1103	12	2024-09-28	13
1104	11	2024-06-15	20
1105	13	2024-12-27	19
1106	13	2024-11-06	20
1107	13	2025-07-28	12
1108	15	2025-06-23	8
1109	12	2024-12-21	12
1110	15	2024-05-20	20
1111	15	2024-12-17	10
1112	14	2024-11-04	8
1113	11	2025-01-06	19
1114	12	2024-09-16	9
1115	15	2024-05-27	16
1116	11	2025-06-05	12
1117	14	2024-06-02	7
1118	14	2025-07-11	18
1119	12	2024-12-23	11
1120	11	2025-09-07	14
1121	11	2024-07-23	19
1122	12	2024-09-28	15
1123	11	2025-03-28	8
1124	14	2025-09-19	18
1125	13	2025-03-18	16
1126	14	2024-07-01	12
1127	15	2025-07-20	19
1128	13	2025-09-02	19
1129	13	2025-04-11	6
1130	13	2024-06-07	15
1131	15	2024-09-11	20
1132	14	2024-10-07	14
1133	15	2025-09-08	8
1134	12	2025-06-11	19
1135	12	2025-08-24	8
1136	14	2024-08-18	6
1137	14	2025-04-09	16
1138	14	2024-11-21	13
1139	14	2025-06-09	13
1140	14	2024-06-21	8
1141	12	2025-07-29	13
1142	11	2025-04-23	18
1143	13	2025-06-23	9
1144	15	2025-05-07	15
1145	15	2025-08-29	13
1146	14	2025-02-22	15
1147	11	2024-08-03	9
1148	12	2024-05-19	8
1149	14	2025-05-02	16
1150	11	2024-09-15	7
1151	14	2024-09-14	14
1152	12	2024-05-26	12
1153	13	2025-08-30	19
1154	15	2025-08-01	6
1155	12	2024-10-13	13
1156	11	2025-09-28	10
1157	14	2025-01-28	9
1158	13	2025-08-03	15
1159	15	2024-12-06	7
1160	12	2025-02-16	14
1161	15	2024-10-06	14
1162	13	2025-07-27	16
1163	15	2025-01-02	16
1164	12	2025-07-02	7
1165	13	2024-10-27	12
1166	13	2024-08-30	6
1167	13	2024-10-02	18
1168	13	2024-05-09	6
1169	11	2025-08-10	11
1170	13	2024-10-17	8
1171	11	2024-09-02	6
1172	13	2025-04-03	12
1173	15	2024-11-15	7
1174	12	2024-11-05	13
1175	15	2025-06-09	10
1176	12	2024-08-10	18
1177	15	2024-06-06	6
1178	12	2024-07-15	9
1179	15	2024-12-30	15
1180	14	2025-07-07	18
1181	12	2024-06-04	10
1182	11	2025-05-17	16
1183	14	2025-10-06	13
1184	12	2024-10-08	6
1185	14	2024-09-13	8
1186	15	2024-05-01	10
1187	12	2025-06-09	6
1188	14	2025-06-05	17
1189	13	2025-03-08	14
1190	12	2025-03-03	14
1191	12	2025-05-29	13
1192	11	2025-10-04	11
1193	12	2025-08-11	16
1194	13	2024-05-30	9
1195	12	2025-01-15	17
1196	14	2024-10-12	13
1197	11	2024-06-13	6
1198	11	2025-10-01	17
1199	13	2025-02-02	15
1200	14	2024-10-24	6
1201	11	2025-02-24	13
1202	12	2024-05-09	9
1203	13	2025-02-01	14
1204	15	2025-01-31	10
1205	13	2024-09-17	8
1206	11	2025-05-12	12
1207	13	2025-05-01	17
1208	11	2025-07-09	7
1209	15	2025-01-01	9
1210	14	2025-03-28	8
1211	12	2024-05-11	7
1212	13	2025-06-17	9
1213	15	2025-09-23	13
1214	13	2025-05-13	16
1215	11	2024-06-11	14
1216	15	2025-01-07	12
1217	13	2024-06-17	20
1218	15	2025-09-24	12
1219	11	2025-05-08	6
1220	11	2024-09-15	11
1221	14	2024-06-12	10
1222	13	2024-11-13	17
1223	14	2025-09-07	20
1224	12	2025-10-07	11
1225	15	2024-08-09	15
1226	14	2025-08-24	13
1227	15	2025-07-06	10
1228	13	2024-05-20	12
1229	11	2025-01-31	7
1230	12	2025-08-06	8
1231	14	2025-01-14	10
1232	12	2024-04-29	14
1233	13	2025-07-09	9
1234	12	2024-07-20	9
1235	13	2024-09-30	10
1236	12	2025-06-30	7
1237	12	2024-11-20	6
1238	14	2025-04-21	18
1239	11	2024-10-25	19
1240	12	2024-08-01	10
1241	11	2025-04-29	20
1242	12	2025-08-14	8
1243	15	2025-03-12	8
1244	14	2025-05-01	20
1245	14	2025-02-06	12
1246	11	2025-06-27	20
1247	13	2024-08-13	8
1248	13	2025-08-17	14
1249	15	2024-12-19	16
1250	15	2024-07-30	8
1251	13	2025-04-07	6
1252	15	2025-02-08	19
1253	14	2024-06-16	18
1254	14	2024-08-15	16
1255	14	2024-09-12	18
1256	14	2025-09-07	15
1257	15	2024-11-10	20
1258	11	2024-08-22	12
1259	12	2025-04-02	7
1260	11	2025-01-25	20
1261	13	2025-05-22	11
1262	12	2025-02-17	17
1263	11	2025-09-12	20
1264	11	2025-09-30	19
1265	14	2024-07-21	15
1266	13	2025-08-06	7
1267	14	2024-07-16	20
1268	14	2025-07-02	7
1269	12	2024-07-02	15
1270	14	2025-02-11	15
1271	14	2025-07-10	15
1272	13	2024-05-14	17
1273	12	2025-06-11	13
1274	15	2024-08-25	20
1275	12	2024-11-18	8
1276	12	2024-08-07	18
1277	15	2025-01-30	15
1278	12	2024-12-09	13
1279	13	2025-04-26	12
1280	11	2025-08-06	7
1281	11	2025-07-11	20
1282	14	2025-07-31	9
1283	13	2024-09-08	17
1284	14	2024-12-05	19
1285	11	2025-08-12	8
1286	12	2024-08-10	10
1287	12	2025-05-07	14
1288	12	2025-04-07	17
1289	15	2024-09-12	10
1290	12	2024-05-01	6
\.


--
-- Data for Name: fields; Type: TABLE DATA; Schema: public; Owner: postgres
--

COPY public.fields (field_id, field_name, sport, rental_price) FROM stdin;
1	Lapangan Tennis 1	tennis	400000
2	Lapangan Tennis 2	tennis	600000
3	Lapangan Tennis 3	tennis	250000
4	Lapangan Tennis 4	tennis	600000
5	Lapangan Tennis 5	tennis	600000
6	Lapangan Pickleball 6	pickleball	160000
7	Lapangan Pickleball 7	pickleball	400000
8	Lapangan Pickleball 8	pickleball	190000
9	Lapangan Pickleball 9	pickleball	190000
10	Lapangan Pickleball 10	pickleball	250000
11	Lapangan Padel 11	padel	400000
12	Lapangan Padel 12	padel	400000
13	Lapangan Padel 13	padel	120000
14	Lapangan Padel 14	padel	400000
15	Lapangan Padel 15	padel	500000
\.


--
-- Data for Name: groupcourseorder; Type: TABLE DATA; Schema: public; Owner: postgres
--

COPY public.groupcourseorder (group_course_order_id, customer_id, payment_id) FROM stdin;
1	395	1
2	133	2
3	91	3
4	150	4
5	140	5
6	63	6
7	147	7
8	259	8
9	331	9
10	249	10
11	262	11
12	39	12
13	189	13
14	106	14
15	354	15
16	269	16
17	326	17
18	123	18
19	250	19
20	113	20
21	118	21
22	315	22
23	13	23
24	368	24
25	196	25
26	200	26
27	20	27
28	380	28
29	75	29
30	15	30
31	183	31
32	133	32
33	351	33
34	385	34
35	296	35
36	371	36
37	47	37
38	91	38
39	54	39
40	219	40
41	140	41
42	263	42
43	179	43
44	36	44
45	216	45
46	223	46
47	386	47
48	343	48
49	71	49
50	343	50
51	150	51
52	324	52
53	55	53
54	103	54
55	330	55
56	396	56
57	100	57
58	341	58
59	156	59
60	48	60
61	365	61
62	9	62
63	142	63
64	23	64
65	216	65
66	240	66
67	11	67
68	89	68
69	351	69
70	397	70
71	177	71
72	332	72
73	267	73
74	245	74
75	48	75
76	341	76
77	373	77
78	179	78
79	389	79
80	300	80
81	218	81
82	71	82
83	239	83
84	293	84
85	227	85
86	111	86
87	56	87
88	67	88
89	207	89
90	195	90
91	76	91
92	336	92
93	37	93
94	347	94
95	387	95
96	289	96
97	153	97
98	123	98
99	10	99
100	143	100
101	132	101
102	285	102
103	44	103
104	44	104
105	17	105
106	354	106
107	124	107
108	173	108
109	36	109
110	363	110
111	357	111
112	192	112
113	198	113
114	6	114
115	359	115
116	183	116
117	16	117
118	222	118
119	324	119
120	272	120
121	400	121
122	31	122
123	166	123
124	146	124
125	281	125
126	219	126
127	62	127
128	30	128
129	13	129
130	12	130
131	255	131
132	153	132
133	115	133
134	135	134
135	275	135
136	68	136
137	353	137
138	280	138
139	381	139
140	261	140
141	27	141
142	131	142
143	294	143
144	134	144
145	318	145
146	396	146
147	197	147
148	289	148
149	83	149
150	316	150
151	259	151
152	45	152
153	170	153
154	115	154
155	311	155
156	102	156
157	276	157
158	335	158
159	350	159
160	160	160
161	354	161
162	308	162
163	164	163
164	360	164
165	102	165
166	302	166
167	280	167
168	87	168
169	391	169
170	207	170
171	249	171
172	58	172
173	306	173
174	378	174
175	287	175
176	149	176
177	42	177
178	337	178
179	148	179
180	335	180
181	212	181
182	262	182
183	331	183
184	285	184
185	331	185
186	273	186
187	322	187
188	100	188
189	213	189
190	300	190
191	184	191
192	48	192
193	206	193
194	41	194
195	59	195
196	186	196
197	18	197
198	135	198
199	300	199
200	326	200
201	35	201
202	229	202
203	16	203
204	204	204
205	83	205
206	223	206
207	57	207
208	293	208
209	8	209
210	125	210
211	179	211
212	160	212
213	386	213
214	37	214
215	375	215
216	42	216
217	130	217
218	151	218
219	57	219
220	365	220
221	38	221
222	375	222
223	245	223
224	84	224
225	136	225
226	368	226
227	29	227
228	197	228
229	187	229
230	335	230
231	241	231
232	106	232
233	158	233
234	36	234
235	241	235
236	213	236
237	218	237
238	200	238
239	44	239
240	356	240
241	265	241
242	83	242
243	30	243
244	22	244
245	22	245
246	284	246
247	213	247
248	396	248
249	140	249
250	59	250
251	232	251
252	215	252
253	163	253
254	92	254
255	260	255
256	118	256
257	116	257
258	291	258
259	199	259
260	371	260
261	242	261
262	323	262
263	287	263
264	374	264
265	372	265
266	225	266
267	21	267
268	88	268
269	43	269
270	34	270
271	356	271
272	41	272
273	151	273
274	397	274
275	31	275
276	365	276
277	125	277
278	123	278
279	315	279
280	142	280
281	296	281
282	355	282
283	128	283
284	111	284
285	378	285
286	145	286
287	82	287
288	159	288
289	319	289
290	212	290
291	273	291
292	350	292
293	389	293
294	107	294
295	137	295
296	161	296
297	186	297
298	286	298
299	372	299
300	109	300
301	195	301
302	23	302
303	153	303
304	333	304
305	272	305
306	233	306
307	18	307
308	225	308
309	231	309
310	399	310
311	76	311
312	325	312
313	266	313
314	311	314
315	265	315
316	142	316
317	150	317
318	296	318
319	150	319
320	278	320
321	67	321
322	46	322
323	66	323
324	360	324
325	39	325
326	138	326
327	341	327
328	243	328
329	340	329
330	234	330
331	7	331
332	355	332
333	182	333
334	244	334
335	264	335
336	24	336
337	168	337
338	245	338
339	160	339
340	11	340
341	170	341
342	43	342
343	116	343
344	296	344
345	295	345
346	397	346
347	8	347
348	30	348
349	55	349
350	207	350
351	221	351
352	181	352
353	290	353
354	378	354
355	82	355
356	48	356
357	101	357
358	318	358
359	173	359
360	368	360
361	228	361
362	42	362
363	217	363
364	274	364
365	32	365
366	232	366
367	115	367
368	159	368
369	266	369
370	231	370
371	314	371
372	253	372
373	106	373
374	159	374
375	250	375
376	322	376
377	387	377
378	223	378
379	336	379
380	362	380
381	169	381
382	213	382
383	23	383
384	351	384
385	203	385
386	365	386
387	204	387
388	353	388
389	95	389
390	293	390
391	238	391
392	387	392
393	89	393
394	69	394
395	234	395
396	100	396
397	133	397
398	228	398
399	96	399
400	287	400
401	139	401
402	259	402
403	259	403
404	179	404
405	335	405
406	125	406
407	311	407
408	204	408
409	204	409
410	20	410
411	179	411
412	210	412
413	200	413
414	289	414
415	360	415
416	145	416
417	298	417
418	297	418
419	89	419
420	324	420
421	374	421
422	285	422
423	372	423
424	202	424
425	134	425
426	147	426
427	208	427
428	211	428
429	356	429
430	174	430
431	110	431
432	81	432
433	157	433
434	101	434
435	390	435
436	314	436
437	309	437
438	106	438
439	257	439
440	178	440
441	222	441
442	221	442
443	229	443
444	145	444
445	334	445
446	194	446
447	144	447
448	355	448
449	281	449
450	212	450
451	399	451
452	328	452
453	38	453
454	122	454
455	21	455
456	305	456
457	252	457
458	288	458
459	188	459
460	98	460
461	338	461
462	99	462
463	165	463
464	314	464
465	385	465
466	210	466
467	32	467
468	191	468
469	16	469
470	388	470
471	257	471
472	368	472
473	178	473
474	89	474
475	11	475
476	110	476
477	250	477
478	52	478
479	34	479
480	293	480
481	263	481
482	392	482
483	39	483
484	302	484
485	312	485
486	66	486
487	288	487
488	254	488
489	152	489
490	331	490
491	262	491
492	320	492
493	143	493
494	41	494
495	216	495
496	136	496
497	223	497
498	393	498
499	326	499
500	119	500
501	164	501
502	113	502
503	37	503
504	48	504
505	276	505
506	308	506
507	150	507
508	152	508
509	228	509
510	249	510
511	365	511
512	23	512
513	80	513
514	306	514
515	359	515
516	367	516
517	399	517
518	82	518
519	169	519
520	57	520
521	181	521
522	396	522
523	16	523
524	125	524
525	307	525
526	15	526
527	127	527
528	347	528
529	100	529
530	131	530
531	41	531
532	258	532
533	399	533
534	44	534
535	398	535
536	396	536
537	13	537
538	339	538
539	81	539
540	382	540
541	341	541
542	358	542
543	305	543
544	276	544
545	53	545
546	9	546
547	217	547
548	284	548
549	95	549
550	293	550
551	316	551
552	320	552
553	368	553
554	169	554
555	116	555
556	59	556
557	144	557
558	101	558
559	10	559
560	156	560
561	263	561
562	6	562
563	310	563
564	275	564
565	323	565
566	6	566
567	310	567
568	387	568
569	103	569
570	375	570
571	163	571
572	353	572
573	137	573
574	206	574
575	12	575
576	20	576
577	120	577
578	226	578
579	340	579
580	388	580
581	52	581
582	295	582
583	235	583
584	386	584
585	263	585
586	229	586
587	250	587
588	221	588
589	307	589
590	67	590
591	199	591
592	115	592
593	319	593
594	363	594
595	145	595
596	114	596
597	365	597
598	277	598
599	148	599
600	379	600
601	94	601
602	17	602
603	291	603
604	194	604
605	357	605
606	28	606
607	175	607
608	386	608
609	158	609
610	170	610
611	251	611
612	44	612
613	196	613
614	300	614
615	87	615
616	347	616
617	374	617
618	80	618
619	234	619
620	99	620
621	198	621
622	257	622
623	309	623
624	183	624
625	92	625
626	158	626
627	349	627
628	7	628
629	159	629
630	363	630
631	206	631
632	191	632
633	250	633
634	13	634
635	302	635
636	348	636
637	12	637
638	324	638
639	105	639
640	374	640
641	26	641
642	360	642
643	72	643
644	323	644
645	284	645
646	262	646
647	171	647
648	354	648
649	138	649
650	202	650
651	397	651
652	246	652
653	389	653
654	389	654
655	198	655
656	372	656
657	272	657
658	311	658
659	174	659
660	313	660
661	352	661
662	269	662
663	114	663
664	168	664
665	211	665
666	81	666
667	309	667
668	327	668
669	87	669
670	275	670
671	169	671
672	359	672
673	222	673
674	110	674
675	304	675
676	256	676
677	200	677
678	155	678
679	219	679
680	46	680
681	318	681
682	328	682
683	191	683
684	170	684
685	384	685
686	350	686
687	287	687
688	158	688
689	53	689
690	363	690
691	384	691
692	265	692
693	58	693
694	181	694
695	171	695
696	373	696
697	162	697
698	392	698
699	27	699
700	104	700
701	63	701
702	232	702
703	40	703
704	10	704
705	99	705
706	237	706
707	165	707
708	324	708
709	245	709
710	333	710
711	237	711
712	222	712
713	152	713
714	400	714
715	398	715
716	117	716
717	224	717
718	51	718
719	190	719
720	304	720
721	263	721
722	145	722
723	186	723
724	351	724
725	58	725
726	99	726
727	135	727
728	238	728
729	290	729
730	79	730
731	137	731
732	36	732
733	257	733
734	231	734
735	378	735
736	52	736
737	79	737
738	246	738
739	33	739
740	30	740
741	390	741
742	372	742
743	331	743
744	301	744
745	278	745
746	305	746
747	30	747
748	200	748
749	279	749
750	171	750
751	320	751
752	205	752
753	390	753
754	285	754
755	35	755
756	100	756
757	219	757
758	43	758
759	108	759
760	144	760
761	12	761
762	214	762
763	299	763
764	233	764
765	101	765
766	132	766
767	160	767
768	90	768
769	157	769
770	101	770
771	197	771
772	39	772
773	234	773
774	381	774
\.


--
-- Data for Name: groupcourseorderdetail; Type: TABLE DATA; Schema: public; Owner: postgres
--

COPY public.groupcourseorderdetail (group_course_order_detail_id, group_course_order_id, course_id, pax_count) FROM stdin;
1	1	455	2
2	2	222	3
3	3	581	1
4	4	986	2
5	5	231	3
6	6	736	7
7	7	1226	7
8	8	884	5
9	9	1231	10
10	10	812	6
11	11	536	3
12	12	24	5
13	13	748	4
14	14	783	3
15	15	553	7
16	16	1159	5
17	17	956	3
18	18	1095	6
19	19	1115	1
20	20	851	1
21	21	580	10
22	22	809	7
23	23	206	2
24	24	172	8
25	25	507	6
26	26	781	6
27	27	214	4
28	28	625	3
29	29	888	1
30	30	935	7
31	31	829	5
32	32	88	7
33	33	1236	5
34	34	312	2
35	35	366	7
36	36	654	8
37	37	465	4
38	38	1254	1
39	39	717	3
40	40	248	5
41	41	258	8
42	42	664	7
43	43	188	8
44	44	1202	8
45	45	59	2
46	46	199	1
47	47	23	4
48	48	604	9
49	49	943	9
50	50	1154	10
51	51	189	9
52	52	1126	5
53	53	731	1
54	54	1042	2
55	55	567	7
56	56	530	2
57	57	288	4
58	58	365	3
59	59	725	1
60	60	1084	6
61	61	837	8
62	62	535	9
63	63	807	6
64	64	652	2
65	65	1185	7
66	66	84	5
67	67	514	3
68	68	822	9
69	69	22	8
70	70	644	10
71	71	1021	2
72	72	374	3
73	73	58	8
74	74	1286	4
75	75	1183	7
76	76	842	1
77	77	293	6
78	78	727	3
79	79	368	1
80	80	778	9
81	81	768	8
82	82	112	3
83	83	128	10
84	84	269	6
85	85	1193	7
86	86	1258	10
87	87	256	7
88	88	1079	3
89	89	937	6
90	90	861	4
91	91	622	6
92	92	448	9
93	93	481	4
94	94	505	9
95	95	1094	7
96	96	1069	5
97	97	194	10
98	98	745	6
99	99	550	3
100	100	354	4
101	101	494	10
102	102	162	4
103	103	117	7
104	104	965	7
105	105	1135	2
106	106	832	2
107	107	444	3
108	108	1218	6
109	109	1274	4
110	110	1033	2
111	111	1080	1
112	112	26	6
113	113	881	6
114	114	571	8
115	115	765	7
116	116	342	3
117	117	137	6
118	118	758	9
119	119	859	3
120	120	287	7
121	121	1261	2
122	122	513	10
123	123	284	6
124	124	393	1
125	125	407	1
126	126	456	10
127	127	1142	4
128	128	478	9
129	129	421	2
130	130	1219	4
131	131	838	2
132	132	426	5
133	133	588	8
134	134	151	10
135	135	318	7
136	136	340	2
137	137	147	10
138	138	892	3
139	139	1057	1
140	140	1225	3
141	141	473	3
142	142	1041	3
143	143	295	8
144	144	428	3
145	145	439	1
146	146	786	7
147	147	304	1
148	148	577	9
149	149	629	5
150	150	76	8
151	151	618	4
152	152	784	6
153	153	796	1
154	154	610	10
155	155	1241	7
156	156	1128	6
157	157	1251	4
158	158	775	9
159	159	702	8
160	160	939	8
161	161	443	5
162	162	1198	4
163	163	688	2
164	164	728	5
165	165	591	6
166	166	910	7
167	167	313	7
168	168	1129	3
169	169	379	7
170	170	1007	9
171	171	171	2
172	172	767	8
173	173	1182	1
174	174	913	5
175	175	1266	7
176	176	849	10
177	177	306	3
178	178	700	8
179	179	477	3
180	180	980	2
181	181	1124	4
182	182	1010	4
183	183	679	4
184	184	1090	2
185	185	484	2
186	186	1078	6
187	187	126	1
188	188	321	10
189	189	1175	9
190	190	623	2
191	191	403	3
192	192	1223	6
193	193	276	2
194	194	483	2
195	195	408	5
196	196	972	1
197	197	332	9
198	198	772	8
199	199	1163	6
200	200	789	9
201	201	389	2
202	202	1165	10
203	203	1113	5
204	204	621	2
205	205	1228	9
206	206	520	5
207	207	1024	1
208	208	1061	7
209	209	69	2
210	210	459	8
211	211	430	1
212	212	1184	2
213	213	432	8
214	214	15	8
215	215	404	9
216	216	270	2
217	217	472	2
218	218	1028	6
219	219	559	10
220	220	150	6
221	221	1256	7
222	222	386	5
223	223	970	7
224	224	398	3
225	225	1173	2
226	226	474	1
227	227	928	2
228	228	605	5
229	229	873	8
230	230	607	7
231	231	791	3
232	232	1168	4
233	233	388	6
234	234	267	6
235	235	387	3
236	236	1075	8
237	237	186	6
238	238	804	5
239	239	173	2
240	240	918	1
241	241	16	5
242	242	678	2
243	243	479	7
244	244	292	5
245	245	716	3
246	246	122	10
247	247	1149	8
248	248	355	4
249	249	352	4
250	250	1049	10
251	251	271	8
252	252	570	1
253	253	976	4
254	254	396	3
255	255	209	1
256	256	1140	6
257	257	307	7
258	258	800	5
259	259	509	10
260	260	1246	4
261	261	875	5
262	262	1270	2
263	263	61	5
264	264	130	9
265	265	919	2
266	266	741	6
267	267	163	8
268	268	867	5
269	269	497	2
270	270	399	3
271	271	508	3
272	272	1257	6
273	273	1243	9
274	274	108	2
275	275	951	2
276	276	671	10
277	277	835	6
278	278	344	7
279	279	813	8
280	280	1172	7
281	281	920	2
282	282	449	7
283	283	864	4
284	284	968	10
285	285	452	6
286	286	496	4
287	287	49	9
288	288	275	2
289	289	823	6
290	290	953	10
291	291	50	9
292	292	917	1
293	293	1035	5
294	294	659	6
295	295	101	6
296	296	759	7
297	297	1059	3
298	298	1127	9
299	299	803	6
300	300	967	5
301	301	1098	7
302	302	470	5
303	303	719	4
304	304	906	3
305	305	338	6
306	306	169	4
307	307	57	8
308	308	227	5
309	309	907	6
310	310	643	5
311	311	691	3
312	312	999	1
313	313	1002	5
314	314	211	10
315	315	982	3
316	316	847	4
317	317	746	2
318	318	486	2
319	319	522	5
320	320	198	1
321	321	21	5
322	322	880	4
323	323	232	2
324	324	254	2
325	325	811	2
326	326	476	9
327	327	792	5
328	328	134	5
329	329	958	3
330	330	1108	3
331	331	204	2
332	332	1209	3
333	333	445	4
334	334	1101	6
335	335	1196	10
336	336	1052	2
337	337	1280	7
338	338	1271	10
339	339	752	4
340	340	442	2
341	341	53	4
342	342	197	3
343	343	534	7
344	344	914	8
345	345	869	2
346	346	1013	3
347	347	708	5
348	348	1167	2
349	349	251	2
350	350	633	5
351	351	650	1
352	352	1210	8
353	353	155	6
354	354	165	4
355	355	950	2
356	356	11	7
357	357	413	6
358	358	515	8
359	359	29	2
360	360	317	8
361	361	998	2
362	362	135	5
363	363	1242	3
364	364	655	7
365	365	568	6
366	366	517	3
367	367	331	3
368	368	4	6
369	369	709	5
370	370	1009	5
371	371	1070	8
372	372	747	5
373	373	934	1
374	374	273	1
375	375	762	5
376	376	833	2
377	377	611	3
378	378	136	1
379	379	166	1
380	380	1074	4
381	381	1	8
382	382	93	1
383	383	1267	8
384	384	1081	4
385	385	1148	2
386	386	462	2
387	387	1197	5
388	388	377	5
389	389	453	10
390	390	458	7
391	391	1204	4
392	392	291	4
393	393	723	5
394	394	72	1
395	395	1283	6
396	396	265	4
397	397	521	1
398	398	653	3
399	399	1164	6
400	400	164	1
401	401	244	4
402	402	66	2
403	403	687	4
404	404	14	7
405	405	547	9
406	406	593	3
407	407	106	1
408	408	794	5
409	409	1215	10
410	410	1141	9
411	411	908	3
412	412	1147	4
413	413	703	8
414	414	347	3
415	415	499	10
416	416	589	5
417	417	543	9
418	418	585	7
419	419	298	4
420	420	726	2
421	421	1203	1
422	422	1288	3
423	423	769	1
424	424	489	8
425	425	34	4
426	426	552	5
427	427	613	7
428	428	97	3
429	429	281	1
430	430	1106	4
431	431	1224	1
432	432	1011	3
433	433	836	6
434	434	160	5
435	435	624	10
436	436	744	3
437	437	793	8
438	438	196	9
439	439	305	10
440	440	1191	2
441	441	826	5
442	442	889	3
443	443	616	3
444	444	544	1
445	445	871	7
446	446	1073	3
447	447	961	9
448	448	236	7
449	449	1017	2
450	450	218	6
451	451	1018	10
452	452	757	9
453	453	1230	5
454	454	921	2
455	455	894	4
456	456	1093	3
457	457	495	2
458	458	850	4
459	459	1222	4
460	460	140	5
461	461	1138	8
462	462	213	7
463	463	63	5
464	464	524	2
465	465	90	5
466	466	1060	10
467	467	94	4
468	468	148	1
469	469	18	2
470	470	598	1
471	471	285	3
472	472	225	9
473	473	1235	5
474	474	1234	7
475	475	394	8
476	476	776	3
477	477	814	5
478	478	1038	3
479	479	457	3
480	480	1281	3
481	481	95	1
482	482	816	2
483	483	1285	7
484	484	525	6
485	485	237	4
486	486	1023	8
487	487	185	6
488	488	12	10
489	489	129	2
490	490	1053	2
491	491	210	3
492	492	1150	3
493	493	601	6
494	494	35	5
495	495	882	1
496	496	946	1
497	497	1014	9
498	498	423	6
499	499	62	1
500	500	790	5
501	501	175	4
502	502	420	6
503	503	576	3
504	504	903	2
505	505	1120	8
506	506	1133	1
507	507	425	6
508	508	1282	6
509	509	177	2
510	510	468	4
511	511	963	6
512	512	1153	2
513	513	409	3
514	514	1112	5
515	515	351	8
516	516	685	6
517	517	1116	6
518	518	556	3
519	519	715	2
520	520	1083	4
521	521	488	4
522	522	245	3
523	523	1091	6
524	524	380	6
525	525	71	8
526	526	806	3
527	527	730	3
528	528	1186	7
529	529	323	7
530	530	114	5
531	531	272	6
532	532	357	5
533	533	911	4
534	534	487	4
535	535	168	5
536	536	933	10
537	537	634	9
538	538	584	1
539	539	282	8
540	540	1118	10
541	541	414	3
542	542	310	2
543	543	694	5
544	544	952	10
545	545	264	2
546	546	575	1
547	547	732	5
548	548	860	1
549	549	105	9
550	550	149	4
551	551	335	7
552	552	54	5
553	553	638	4
554	554	99	5
555	555	975	10
556	556	1004	4
557	557	1055	6
558	558	246	1
559	559	645	4
560	560	701	4
561	561	202	7
562	562	938	8
563	563	962	1
564	564	912	9
565	565	1056	4
566	566	857	2
567	567	675	2
568	568	454	1
569	569	1096	5
570	570	676	7
571	571	46	2
572	572	1206	1
573	573	243	7
574	574	896	3
575	575	984	5
576	576	841	5
577	577	1220	5
578	578	1030	3
579	579	1249	9
580	580	996	6
581	581	656	3
582	582	247	2
583	583	949	5
584	584	754	5
585	585	13	9
586	586	1275	8
587	587	1170	7
588	588	92	5
589	589	300	1
590	590	220	10
591	591	333	5
592	592	1031	6
593	593	1158	1
594	594	874	7
595	595	641	8
596	596	1072	4
597	597	669	7
598	598	37	1
599	599	1036	1
600	600	1290	1
601	601	750	6
602	602	346	4
603	603	31	5
604	604	415	9
605	605	259	4
606	606	440	1
607	607	1207	7
608	608	482	3
609	609	843	2
610	610	1161	3
611	611	1122	5
612	612	1262	6
613	613	696	9
614	614	70	5
615	615	491	3
616	616	1029	3
617	617	1019	1
618	618	145	6
619	619	1111	10
620	620	161	7
621	621	1217	1
622	622	48	1
623	623	1103	9
624	624	1058	6
625	625	1037	7
626	626	637	9
627	627	369	6
628	628	143	1
629	629	85	9
630	630	1188	9
631	631	546	1
632	632	528	7
633	633	592	3
634	634	737	3
635	635	602	5
636	636	964	9
637	637	1088	9
638	638	223	3
639	639	75	2
640	640	713	7
641	641	424	5
642	642	142	10
643	643	230	1
644	644	815	5
645	645	929	4
646	646	170	2
647	647	184	1
648	648	1272	8
649	649	511	2
650	650	103	7
651	651	118	1
652	652	405	9
653	653	156	1
654	654	334	5
655	655	125	2
656	656	739	4
657	657	1247	2
658	658	1268	7
659	659	773	2
660	660	406	6
661	661	1003	5
662	662	433	3
663	663	283	2
664	664	133	4
665	665	1214	6
666	666	451	8
667	667	698	5
668	668	995	1
669	669	909	8
670	670	249	5
671	671	411	9
672	672	1181	4
673	673	277	2
674	674	51	2
675	675	542	1
676	676	512	4
677	677	42	1
678	678	89	2
679	679	537	1
680	680	10	2
681	681	1132	2
682	682	878	10
683	683	729	7
684	684	706	1
685	685	1099	8
686	686	771	9
687	687	471	1
688	688	215	9
689	689	1012	10
690	690	1166	7
691	691	898	7
692	692	573	1
693	693	930	3
694	694	646	4
695	695	180	2
696	696	554	6
697	697	887	2
698	698	1092	6
699	699	385	6
700	700	960	4
701	701	651	6
702	702	830	1
703	703	931	5
704	704	834	3
705	705	47	6
706	706	382	8
707	707	260	4
708	708	1139	4
709	709	1068	6
710	710	648	1
711	711	572	3
712	712	948	4
713	713	1276	1
714	714	441	7
715	715	770	6
716	716	299	2
717	717	241	2
718	718	766	2
719	719	590	2
720	720	1089	7
721	721	666	8
722	722	384	6
723	723	828	9
724	724	422	3
725	725	957	5
726	726	1252	1
727	727	870	2
728	728	205	7
729	729	558	2
730	730	738	3
731	731	146	7
732	732	1192	7
733	733	176	5
734	734	924	3
735	735	154	4
736	736	586	4
737	737	261	5
738	738	1156	2
739	739	86	3
740	740	674	6
741	741	667	7
742	742	116	6
743	743	1177	6
744	744	65	3
745	745	1201	2
746	746	208	10
747	747	263	10
748	748	493	3
749	749	1278	7
750	750	311	1
751	751	760	5
752	752	981	5
753	753	224	3
754	754	668	3
755	755	337	2
756	756	91	1
757	757	858	1
758	758	119	1
759	759	549	10
760	760	925	9
761	761	532	9
762	762	353	8
763	763	798	6
764	764	915	2
765	765	900	7
766	766	6	2
767	767	600	3
768	768	336	7
769	769	1107	1
770	770	286	3
771	771	640	2
772	772	565	5
773	773	865	8
774	774	852	10
\.


--
-- Data for Name: groupcourses; Type: TABLE DATA; Schema: public; Owner: postgres
--

COPY public.groupcourses (course_id, course_name, coach_id, sport, field_id, date, start_hour, course_price, quota) FROM stdin;
1	Kursus Grup Tennis 1	1	tennis	1	2024-05-21	19	250000	18
2	Kursus Grup Tennis 2	1	tennis	5	2025-08-15	20	500000	8
3	Kursus Grup Tennis 3	1	tennis	5	2024-08-01	10	300000	15
4	Kursus Grup Tennis 4	1	tennis	3	2024-05-11	19	250000	13
5	Kursus Grup Tennis 5	1	tennis	2	2025-02-10	16	350000	10
6	Kursus Grup Tennis 6	1	tennis	2	2025-07-27	7	500000	10
7	Kursus Grup Tennis 7	1	tennis	5	2025-05-12	6	350000	14
8	Kursus Grup Tennis 8	1	tennis	2	2024-07-24	10	250000	16
9	Kursus Grup Tennis 9	1	tennis	3	2025-08-26	9	450000	10
10	Kursus Grup Tennis 10	1	tennis	5	2024-08-02	15	350000	17
11	Kursus Grup Tennis 11	1	tennis	1	2024-05-21	7	200000	7
12	Kursus Grup Tennis 12	1	tennis	3	2024-07-30	18	200000	10
13	Kursus Grup Tennis 13	1	tennis	3	2025-08-26	8	350000	20
14	Kursus Grup Tennis 14	1	tennis	4	2025-10-07	14	500000	16
15	Kursus Grup Tennis 15	1	tennis	4	2024-08-23	9	450000	19
16	Kursus Grup Tennis 16	1	tennis	1	2025-05-12	12	450000	11
17	Kursus Grup Tennis 17	1	tennis	1	2024-05-03	15	500000	15
18	Kursus Grup Tennis 18	1	tennis	1	2025-09-12	10	300000	8
19	Kursus Grup Tennis 19	1	tennis	1	2025-08-20	17	300000	16
20	Kursus Grup Tennis 20	1	tennis	3	2024-11-22	10	350000	18
21	Kursus Grup Tennis 21	1	tennis	3	2025-08-13	15	500000	18
22	Kursus Grup Tennis 22	1	tennis	2	2024-12-03	9	350000	11
23	Kursus Grup Tennis 23	1	tennis	5	2025-03-26	14	250000	17
24	Kursus Grup Tennis 24	1	tennis	1	2024-05-05	15	300000	5
25	Kursus Grup Tennis 25	1	tennis	1	2025-09-18	13	250000	11
26	Kursus Grup Tennis 26	1	tennis	3	2024-10-30	12	450000	19
27	Kursus Grup Tennis 27	1	tennis	2	2024-04-27	10	250000	15
28	Kursus Grup Tennis 28	1	tennis	2	2024-07-01	14	300000	20
29	Kursus Grup Tennis 29	1	tennis	2	2024-08-03	19	300000	11
30	Kursus Grup Tennis 30	1	tennis	2	2025-08-11	10	400000	16
31	Kursus Grup Tennis 31	1	tennis	2	2025-06-08	9	400000	11
32	Kursus Grup Tennis 32	1	tennis	2	2025-10-07	9	500000	18
33	Kursus Grup Tennis 33	1	tennis	3	2024-08-22	17	500000	19
34	Kursus Grup Tennis 34	1	tennis	5	2024-11-07	16	350000	18
35	Kursus Grup Tennis 35	1	tennis	5	2024-05-12	7	200000	18
36	Kursus Grup Tennis 36	1	tennis	2	2024-05-25	13	450000	17
37	Kursus Grup Tennis 37	1	tennis	1	2024-08-18	6	400000	7
38	Kursus Grup Tennis 38	1	tennis	5	2024-12-22	10	200000	7
39	Kursus Grup Tennis 39	1	tennis	2	2024-06-09	10	300000	6
40	Kursus Grup Tennis 40	1	tennis	5	2024-07-21	18	200000	13
41	Kursus Grup Tennis 41	1	tennis	5	2025-01-30	20	300000	9
42	Kursus Grup Tennis 42	1	tennis	1	2025-06-19	19	500000	10
43	Kursus Grup Tennis 43	1	tennis	3	2024-06-27	12	300000	10
44	Kursus Grup Tennis 44	1	tennis	2	2024-07-28	8	350000	6
45	Kursus Grup Tennis 45	1	tennis	3	2025-01-12	18	350000	5
46	Kursus Grup Tennis 46	1	tennis	5	2024-10-26	10	200000	5
47	Kursus Grup Tennis 47	1	tennis	4	2025-01-12	6	350000	6
48	Kursus Grup Tennis 48	1	tennis	4	2024-11-11	6	500000	11
49	Kursus Grup Tennis 49	1	tennis	1	2024-09-22	17	450000	12
50	Kursus Grup Tennis 50	1	tennis	1	2025-06-15	11	200000	17
51	Kursus Grup Tennis 51	1	tennis	4	2024-10-13	8	250000	7
52	Kursus Grup Tennis 52	1	tennis	1	2025-01-18	15	200000	8
53	Kursus Grup Tennis 53	1	tennis	3	2025-02-09	9	450000	5
54	Kursus Grup Tennis 54	1	tennis	4	2025-03-27	17	250000	19
55	Kursus Grup Tennis 55	1	tennis	3	2024-05-16	13	300000	8
56	Kursus Grup Tennis 56	1	tennis	2	2025-02-28	17	350000	10
57	Kursus Grup Tennis 57	1	tennis	5	2024-05-18	6	500000	17
58	Kursus Grup Tennis 58	1	tennis	5	2024-10-10	13	350000	17
59	Kursus Grup Tennis 59	1	tennis	3	2025-10-03	14	350000	15
60	Kursus Grup Tennis 60	1	tennis	2	2024-10-08	11	500000	18
61	Kursus Grup Tennis 61	1	tennis	1	2024-12-03	15	350000	7
62	Kursus Grup Tennis 62	1	tennis	4	2024-12-22	9	450000	12
63	Kursus Grup Tennis 63	1	tennis	5	2025-04-11	18	350000	9
64	Kursus Grup Tennis 64	1	tennis	3	2025-04-18	13	350000	12
65	Kursus Grup Tennis 65	1	tennis	5	2024-09-02	12	300000	10
66	Kursus Grup Tennis 66	1	tennis	4	2025-04-14	20	250000	8
67	Kursus Grup Tennis 67	1	tennis	1	2024-09-11	13	200000	12
68	Kursus Grup Tennis 68	1	tennis	4	2024-06-29	8	300000	14
69	Kursus Grup Tennis 69	1	tennis	4	2025-06-05	8	350000	6
70	Kursus Grup Tennis 70	1	tennis	1	2024-10-07	6	200000	20
71	Kursus Grup Tennis 71	1	tennis	5	2024-12-07	18	500000	18
72	Kursus Grup Tennis 72	1	tennis	3	2025-08-03	9	300000	13
73	Kursus Grup Tennis 73	1	tennis	2	2025-05-20	19	500000	10
74	Kursus Grup Tennis 74	1	tennis	1	2025-02-23	14	300000	14
75	Kursus Grup Tennis 75	1	tennis	2	2024-11-14	9	200000	18
76	Kursus Grup Tennis 76	1	tennis	5	2025-04-20	16	400000	13
77	Kursus Grup Tennis 77	1	tennis	5	2024-05-23	10	350000	5
78	Kursus Grup Tennis 78	1	tennis	3	2024-11-30	8	350000	6
79	Kursus Grup Tennis 79	1	tennis	5	2024-12-24	8	300000	20
80	Kursus Grup Tennis 80	1	tennis	5	2025-03-31	12	400000	5
81	Kursus Grup Tennis 81	1	tennis	5	2024-05-08	19	250000	10
82	Kursus Grup Tennis 82	1	tennis	5	2024-08-16	14	300000	20
83	Kursus Grup Tennis 83	1	tennis	4	2024-12-08	13	350000	10
84	Kursus Grup Tennis 84	1	tennis	5	2025-07-31	7	200000	12
85	Kursus Grup Tennis 85	1	tennis	4	2025-04-23	6	500000	11
86	Kursus Grup Tennis 86	1	tennis	2	2024-05-27	6	400000	12
87	Kursus Grup Tennis 87	1	tennis	4	2024-08-04	20	300000	9
88	Kursus Grup Tennis 88	1	tennis	4	2024-08-05	14	500000	10
89	Kursus Grup Tennis 89	1	tennis	4	2024-06-18	20	200000	15
90	Kursus Grup Tennis 90	1	tennis	3	2024-11-23	15	400000	5
91	Kursus Grup Tennis 91	1	tennis	2	2025-09-17	8	200000	20
92	Kursus Grup Tennis 92	1	tennis	3	2024-12-07	13	400000	7
93	Kursus Grup Tennis 93	1	tennis	4	2025-02-04	15	350000	12
94	Kursus Grup Tennis 94	2	tennis	2	2024-09-22	14	500000	7
95	Kursus Grup Tennis 95	2	tennis	3	2025-03-17	12	500000	15
96	Kursus Grup Tennis 96	2	tennis	3	2025-04-20	15	500000	8
97	Kursus Grup Tennis 97	2	tennis	4	2024-10-25	8	400000	17
98	Kursus Grup Tennis 98	2	tennis	3	2024-07-09	18	250000	15
99	Kursus Grup Tennis 99	2	tennis	3	2025-04-16	11	200000	11
100	Kursus Grup Tennis 100	2	tennis	1	2024-05-16	9	250000	12
101	Kursus Grup Tennis 101	2	tennis	2	2024-09-16	17	400000	6
102	Kursus Grup Tennis 102	2	tennis	5	2025-02-21	20	400000	5
103	Kursus Grup Tennis 103	2	tennis	5	2024-08-30	9	300000	16
104	Kursus Grup Tennis 104	2	tennis	3	2025-01-02	12	300000	12
105	Kursus Grup Tennis 105	2	tennis	1	2025-04-27	18	450000	11
106	Kursus Grup Tennis 106	2	tennis	2	2024-05-22	10	500000	9
107	Kursus Grup Tennis 107	2	tennis	5	2025-02-06	7	250000	7
108	Kursus Grup Tennis 108	2	tennis	3	2024-12-27	14	300000	12
109	Kursus Grup Tennis 109	2	tennis	5	2025-10-03	6	500000	14
110	Kursus Grup Tennis 110	2	tennis	2	2025-02-18	8	500000	9
111	Kursus Grup Tennis 111	2	tennis	4	2025-07-19	19	200000	18
112	Kursus Grup Tennis 112	2	tennis	2	2024-05-06	12	450000	14
113	Kursus Grup Tennis 113	2	tennis	4	2024-12-24	13	350000	6
114	Kursus Grup Tennis 114	2	tennis	2	2024-10-12	16	250000	13
115	Kursus Grup Tennis 115	2	tennis	4	2025-04-04	11	500000	10
116	Kursus Grup Tennis 116	2	tennis	2	2025-02-20	19	350000	15
117	Kursus Grup Tennis 117	2	tennis	4	2024-09-08	7	300000	10
118	Kursus Grup Tennis 118	2	tennis	1	2025-06-05	16	250000	8
119	Kursus Grup Tennis 119	2	tennis	3	2024-10-05	13	400000	7
120	Kursus Grup Tennis 120	2	tennis	1	2025-03-23	20	400000	6
121	Kursus Grup Tennis 121	2	tennis	5	2024-12-16	19	200000	17
122	Kursus Grup Tennis 122	2	tennis	2	2024-05-09	12	500000	19
123	Kursus Grup Tennis 123	2	tennis	2	2024-12-21	17	350000	16
124	Kursus Grup Tennis 124	2	tennis	3	2025-10-07	17	450000	14
125	Kursus Grup Tennis 125	2	tennis	3	2024-05-22	20	450000	19
126	Kursus Grup Tennis 126	2	tennis	3	2024-06-23	8	250000	11
127	Kursus Grup Tennis 127	2	tennis	3	2024-09-02	16	300000	11
128	Kursus Grup Tennis 128	2	tennis	3	2025-08-09	17	450000	18
129	Kursus Grup Tennis 129	2	tennis	1	2025-08-01	8	200000	9
130	Kursus Grup Tennis 130	2	tennis	1	2024-07-21	15	450000	18
131	Kursus Grup Tennis 131	2	tennis	4	2024-12-29	10	450000	19
132	Kursus Grup Tennis 132	2	tennis	4	2024-07-24	17	250000	17
133	Kursus Grup Tennis 133	2	tennis	2	2025-08-07	19	450000	18
134	Kursus Grup Tennis 134	2	tennis	3	2025-04-02	12	450000	15
135	Kursus Grup Tennis 135	2	tennis	1	2024-09-03	13	250000	15
136	Kursus Grup Tennis 136	2	tennis	4	2025-07-17	10	450000	5
137	Kursus Grup Tennis 137	2	tennis	2	2025-04-24	16	250000	6
138	Kursus Grup Tennis 138	2	tennis	4	2024-10-10	17	500000	5
139	Kursus Grup Tennis 139	2	tennis	4	2025-01-25	8	350000	15
140	Kursus Grup Tennis 140	2	tennis	1	2025-01-30	17	450000	20
141	Kursus Grup Tennis 141	2	tennis	1	2024-12-06	10	400000	20
142	Kursus Grup Tennis 142	2	tennis	4	2025-04-28	17	300000	14
143	Kursus Grup Tennis 143	2	tennis	4	2024-07-04	20	450000	11
144	Kursus Grup Tennis 144	2	tennis	2	2024-11-09	17	350000	12
145	Kursus Grup Tennis 145	2	tennis	2	2024-07-17	8	450000	15
146	Kursus Grup Tennis 146	2	tennis	1	2025-04-10	14	350000	10
147	Kursus Grup Tennis 147	2	tennis	4	2025-03-07	16	300000	20
148	Kursus Grup Tennis 148	2	tennis	2	2025-03-26	9	450000	8
149	Kursus Grup Tennis 149	2	tennis	2	2025-09-07	10	400000	13
150	Kursus Grup Tennis 150	2	tennis	3	2024-12-02	19	200000	7
151	Kursus Grup Tennis 151	2	tennis	3	2024-12-02	13	400000	12
152	Kursus Grup Tennis 152	2	tennis	1	2024-07-10	11	350000	11
153	Kursus Grup Tennis 153	2	tennis	2	2024-12-02	18	450000	13
154	Kursus Grup Tennis 154	2	tennis	2	2025-01-18	18	300000	18
155	Kursus Grup Tennis 155	2	tennis	5	2024-05-14	11	400000	12
156	Kursus Grup Tennis 156	2	tennis	3	2024-10-12	17	450000	12
157	Kursus Grup Tennis 157	2	tennis	5	2025-08-29	6	250000	9
158	Kursus Grup Tennis 158	2	tennis	1	2024-06-05	19	300000	6
159	Kursus Grup Tennis 159	2	tennis	2	2025-04-25	17	400000	20
160	Kursus Grup Tennis 160	2	tennis	4	2025-06-23	14	450000	11
161	Kursus Grup Tennis 161	2	tennis	2	2024-11-03	20	350000	8
162	Kursus Grup Tennis 162	2	tennis	5	2025-06-03	18	350000	20
163	Kursus Grup Tennis 163	2	tennis	3	2025-01-02	8	400000	11
164	Kursus Grup Tennis 164	2	tennis	5	2024-12-28	9	400000	16
165	Kursus Grup Tennis 165	2	tennis	4	2025-07-03	17	450000	6
166	Kursus Grup Tennis 166	3	tennis	3	2025-01-26	10	200000	14
167	Kursus Grup Tennis 167	3	tennis	3	2025-03-23	10	500000	15
168	Kursus Grup Tennis 168	3	tennis	2	2025-05-27	11	500000	18
169	Kursus Grup Tennis 169	3	tennis	2	2025-01-09	10	350000	14
170	Kursus Grup Tennis 170	3	tennis	3	2025-01-20	19	450000	10
171	Kursus Grup Tennis 171	3	tennis	3	2025-04-15	11	400000	7
172	Kursus Grup Tennis 172	3	tennis	4	2025-09-03	9	300000	8
173	Kursus Grup Tennis 173	3	tennis	1	2024-05-02	18	500000	10
174	Kursus Grup Tennis 174	3	tennis	2	2025-03-10	7	400000	18
175	Kursus Grup Tennis 175	3	tennis	1	2025-04-05	8	500000	7
176	Kursus Grup Tennis 176	3	tennis	2	2025-09-23	10	250000	5
177	Kursus Grup Tennis 177	3	tennis	3	2025-03-05	13	300000	7
178	Kursus Grup Tennis 178	3	tennis	2	2025-02-26	19	200000	20
179	Kursus Grup Tennis 179	3	tennis	2	2025-05-16	18	450000	12
180	Kursus Grup Tennis 180	3	tennis	5	2025-09-21	13	400000	20
181	Kursus Grup Tennis 181	3	tennis	1	2025-06-23	13	300000	11
182	Kursus Grup Tennis 182	3	tennis	3	2025-05-11	20	300000	11
183	Kursus Grup Tennis 183	3	tennis	2	2024-07-05	9	400000	20
184	Kursus Grup Tennis 184	3	tennis	3	2024-09-13	14	500000	10
185	Kursus Grup Tennis 185	3	tennis	4	2025-01-16	19	250000	12
186	Kursus Grup Tennis 186	3	tennis	3	2024-11-11	9	400000	11
187	Kursus Grup Tennis 187	3	tennis	1	2025-09-06	13	450000	14
188	Kursus Grup Tennis 188	3	tennis	2	2025-04-20	12	250000	15
189	Kursus Grup Tennis 189	3	tennis	5	2024-11-29	7	250000	14
190	Kursus Grup Tennis 190	3	tennis	2	2024-06-15	6	500000	6
191	Kursus Grup Tennis 191	3	tennis	3	2024-09-22	17	400000	18
192	Kursus Grup Tennis 192	3	tennis	4	2024-12-01	20	500000	9
193	Kursus Grup Tennis 193	3	tennis	3	2024-09-23	10	500000	14
194	Kursus Grup Tennis 194	3	tennis	3	2024-08-12	11	400000	12
195	Kursus Grup Tennis 195	3	tennis	3	2025-09-08	12	400000	17
196	Kursus Grup Tennis 196	3	tennis	2	2025-09-16	16	250000	20
197	Kursus Grup Tennis 197	3	tennis	5	2024-11-12	16	200000	6
198	Kursus Grup Tennis 198	3	tennis	5	2024-08-01	13	250000	19
199	Kursus Grup Tennis 199	3	tennis	1	2024-10-17	20	200000	8
200	Kursus Grup Tennis 200	3	tennis	4	2024-11-16	7	400000	17
201	Kursus Grup Tennis 201	3	tennis	2	2025-04-19	11	250000	19
202	Kursus Grup Tennis 202	3	tennis	3	2025-01-18	10	200000	13
203	Kursus Grup Tennis 203	3	tennis	1	2025-02-28	18	250000	19
204	Kursus Grup Tennis 204	3	tennis	4	2024-06-10	7	300000	18
205	Kursus Grup Tennis 205	3	tennis	2	2025-04-21	18	250000	7
206	Kursus Grup Tennis 206	3	tennis	5	2025-10-05	14	500000	20
207	Kursus Grup Tennis 207	3	tennis	2	2025-09-14	7	300000	19
208	Kursus Grup Tennis 208	3	tennis	2	2024-12-07	9	350000	10
209	Kursus Grup Tennis 209	3	tennis	2	2024-11-23	18	500000	6
210	Kursus Grup Tennis 210	3	tennis	4	2025-10-05	15	300000	13
211	Kursus Grup Tennis 211	3	tennis	2	2025-07-21	11	200000	10
212	Kursus Grup Tennis 212	3	tennis	5	2024-10-22	12	250000	7
213	Kursus Grup Tennis 213	3	tennis	5	2024-05-30	19	450000	14
214	Kursus Grup Tennis 214	3	tennis	3	2024-10-29	12	250000	11
215	Kursus Grup Tennis 215	3	tennis	3	2024-07-07	10	450000	18
216	Kursus Grup Tennis 216	3	tennis	4	2024-05-06	9	500000	8
217	Kursus Grup Tennis 217	3	tennis	3	2025-08-22	6	450000	17
218	Kursus Grup Tennis 218	3	tennis	4	2025-06-27	15	350000	9
219	Kursus Grup Tennis 219	3	tennis	1	2024-09-12	8	500000	14
220	Kursus Grup Tennis 220	3	tennis	2	2024-10-06	9	450000	17
221	Kursus Grup Tennis 221	3	tennis	3	2024-08-09	20	500000	17
222	Kursus Grup Tennis 222	3	tennis	4	2024-05-26	8	200000	11
223	Kursus Grup Tennis 223	3	tennis	1	2025-07-21	6	500000	17
224	Kursus Grup Tennis 224	3	tennis	1	2025-01-28	7	300000	13
225	Kursus Grup Tennis 225	3	tennis	1	2024-10-23	20	300000	13
226	Kursus Grup Tennis 226	3	tennis	3	2025-01-16	20	500000	9
227	Kursus Grup Tennis 227	3	tennis	3	2025-01-08	11	300000	17
228	Kursus Grup Tennis 228	3	tennis	3	2024-08-16	13	200000	8
229	Kursus Grup Tennis 229	3	tennis	5	2024-12-07	12	250000	7
230	Kursus Grup Tennis 230	3	tennis	5	2025-10-06	13	400000	15
231	Kursus Grup Tennis 231	3	tennis	5	2024-06-20	6	300000	18
232	Kursus Grup Tennis 232	3	tennis	4	2025-05-28	19	450000	13
233	Kursus Grup Tennis 233	3	tennis	4	2025-01-26	7	350000	9
234	Kursus Grup Tennis 234	3	tennis	4	2025-05-13	11	450000	16
235	Kursus Grup Tennis 235	3	tennis	4	2025-08-12	12	500000	13
236	Kursus Grup Tennis 236	3	tennis	3	2025-02-05	12	400000	9
237	Kursus Grup Tennis 237	3	tennis	3	2025-09-29	11	350000	12
238	Kursus Grup Tennis 238	3	tennis	4	2024-07-09	12	450000	7
239	Kursus Grup Tennis 239	3	tennis	4	2025-08-11	14	300000	17
240	Kursus Grup Tennis 240	3	tennis	3	2025-06-25	9	350000	6
241	Kursus Grup Tennis 241	3	tennis	2	2025-02-25	16	400000	19
242	Kursus Grup Tennis 242	3	tennis	1	2024-08-26	12	350000	12
243	Kursus Grup Tennis 243	3	tennis	1	2024-10-28	13	500000	7
244	Kursus Grup Tennis 244	3	tennis	4	2025-09-06	11	200000	8
245	Kursus Grup Tennis 245	3	tennis	4	2025-06-21	16	350000	10
246	Kursus Grup Tennis 246	3	tennis	4	2024-09-24	13	350000	17
247	Kursus Grup Tennis 247	3	tennis	4	2024-06-28	19	500000	8
248	Kursus Grup Tennis 248	3	tennis	1	2025-05-19	10	450000	20
249	Kursus Grup Tennis 249	3	tennis	1	2024-12-09	7	350000	12
250	Kursus Grup Tennis 250	4	tennis	2	2025-09-18	15	300000	14
251	Kursus Grup Tennis 251	4	tennis	3	2025-02-06	20	300000	9
252	Kursus Grup Tennis 252	4	tennis	3	2025-06-28	8	500000	5
253	Kursus Grup Tennis 253	4	tennis	4	2025-05-03	15	250000	18
254	Kursus Grup Tennis 254	4	tennis	4	2024-12-02	16	400000	7
255	Kursus Grup Tennis 255	4	tennis	4	2024-11-04	13	500000	19
256	Kursus Grup Tennis 256	4	tennis	2	2025-07-27	8	200000	13
257	Kursus Grup Tennis 257	4	tennis	1	2024-12-08	12	450000	7
258	Kursus Grup Tennis 258	4	tennis	1	2024-12-31	12	500000	17
259	Kursus Grup Tennis 259	4	tennis	3	2024-08-10	8	350000	9
260	Kursus Grup Tennis 260	4	tennis	2	2025-07-30	20	350000	13
261	Kursus Grup Tennis 261	4	tennis	3	2025-05-25	11	400000	12
262	Kursus Grup Tennis 262	4	tennis	5	2025-02-02	20	500000	17
263	Kursus Grup Tennis 263	4	tennis	4	2024-07-25	16	350000	15
264	Kursus Grup Tennis 264	4	tennis	2	2024-05-21	11	400000	8
265	Kursus Grup Tennis 265	4	tennis	4	2025-07-06	6	500000	9
266	Kursus Grup Tennis 266	4	tennis	1	2025-03-20	12	300000	8
267	Kursus Grup Tennis 267	4	tennis	2	2024-08-09	11	450000	12
268	Kursus Grup Tennis 268	4	tennis	4	2025-09-22	19	200000	8
269	Kursus Grup Tennis 269	4	tennis	5	2025-01-28	8	350000	20
270	Kursus Grup Tennis 270	4	tennis	1	2024-12-17	7	250000	18
271	Kursus Grup Tennis 271	4	tennis	4	2024-09-24	13	350000	15
272	Kursus Grup Tennis 272	4	tennis	5	2024-08-19	16	400000	10
273	Kursus Grup Tennis 273	4	tennis	3	2025-04-19	11	250000	10
274	Kursus Grup Tennis 274	4	tennis	1	2024-09-02	19	200000	11
275	Kursus Grup Tennis 275	4	tennis	1	2025-09-01	14	200000	10
276	Kursus Grup Tennis 276	4	tennis	2	2025-09-26	19	350000	12
277	Kursus Grup Tennis 277	4	tennis	2	2024-08-02	6	250000	6
278	Kursus Grup Tennis 278	4	tennis	4	2025-02-15	14	200000	15
279	Kursus Grup Tennis 279	4	tennis	5	2024-07-25	14	400000	6
280	Kursus Grup Tennis 280	4	tennis	2	2025-05-24	14	200000	9
281	Kursus Grup Tennis 281	4	tennis	2	2025-03-04	19	200000	13
282	Kursus Grup Tennis 282	4	tennis	3	2025-09-07	20	250000	9
283	Kursus Grup Tennis 283	4	tennis	5	2025-06-11	16	350000	20
284	Kursus Grup Tennis 284	4	tennis	2	2024-10-13	6	500000	20
285	Kursus Grup Tennis 285	4	tennis	5	2024-06-12	17	250000	5
286	Kursus Grup Tennis 286	4	tennis	2	2025-01-26	16	500000	5
287	Kursus Grup Tennis 287	4	tennis	3	2025-09-07	8	300000	15
288	Kursus Grup Tennis 288	4	tennis	1	2024-12-20	15	350000	17
289	Kursus Grup Tennis 289	4	tennis	2	2024-06-14	11	400000	18
290	Kursus Grup Tennis 290	4	tennis	4	2025-08-21	19	250000	19
291	Kursus Grup Tennis 291	4	tennis	2	2024-08-15	16	500000	16
292	Kursus Grup Tennis 292	4	tennis	2	2024-10-11	13	250000	5
293	Kursus Grup Tennis 293	4	tennis	5	2024-05-09	17	400000	6
294	Kursus Grup Tennis 294	4	tennis	2	2024-05-28	7	500000	7
295	Kursus Grup Tennis 295	4	tennis	2	2025-08-01	7	250000	9
296	Kursus Grup Tennis 296	4	tennis	2	2024-11-09	6	500000	11
297	Kursus Grup Tennis 297	4	tennis	3	2025-05-21	16	450000	5
298	Kursus Grup Tennis 298	4	tennis	1	2025-02-20	19	200000	7
299	Kursus Grup Tennis 299	4	tennis	1	2024-11-22	16	200000	10
300	Kursus Grup Tennis 300	4	tennis	1	2024-10-19	19	300000	13
301	Kursus Grup Tennis 301	4	tennis	5	2025-03-30	12	450000	8
302	Kursus Grup Tennis 302	4	tennis	2	2025-01-19	14	250000	17
303	Kursus Grup Tennis 303	4	tennis	5	2024-05-05	15	450000	20
304	Kursus Grup Tennis 304	4	tennis	2	2024-05-19	12	500000	11
305	Kursus Grup Tennis 305	4	tennis	3	2025-03-11	6	450000	17
306	Kursus Grup Tennis 306	4	tennis	2	2025-01-24	13	350000	12
307	Kursus Grup Tennis 307	4	tennis	1	2025-08-28	14	400000	17
308	Kursus Grup Tennis 308	4	tennis	5	2024-05-07	10	200000	8
309	Kursus Grup Tennis 309	4	tennis	5	2024-11-29	20	300000	19
310	Kursus Grup Tennis 310	4	tennis	1	2025-04-09	10	450000	11
311	Kursus Grup Tennis 311	4	tennis	3	2025-04-16	13	400000	17
312	Kursus Grup Tennis 312	4	tennis	1	2025-05-31	16	400000	20
313	Kursus Grup Tennis 313	4	tennis	2	2024-10-13	16	250000	9
314	Kursus Grup Tennis 314	4	tennis	5	2025-07-27	9	500000	15
315	Kursus Grup Tennis 315	4	tennis	2	2024-05-05	11	350000	10
316	Kursus Grup Tennis 316	4	tennis	1	2024-06-01	9	500000	9
317	Kursus Grup Tennis 317	4	tennis	3	2025-07-17	16	450000	14
318	Kursus Grup Tennis 318	4	tennis	4	2024-12-29	11	400000	15
319	Kursus Grup Tennis 319	4	tennis	1	2025-02-21	6	250000	20
320	Kursus Grup Tennis 320	4	tennis	5	2025-08-21	8	500000	17
321	Kursus Grup Tennis 321	4	tennis	5	2024-07-14	8	200000	19
322	Kursus Grup Tennis 322	4	tennis	4	2024-08-23	18	350000	18
323	Kursus Grup Tennis 323	4	tennis	3	2025-09-28	17	500000	9
324	Kursus Grup Tennis 324	4	tennis	1	2024-12-15	9	400000	18
325	Kursus Grup Tennis 325	4	tennis	1	2024-12-02	15	350000	14
326	Kursus Grup Tennis 326	4	tennis	2	2024-11-08	6	500000	19
327	Kursus Grup Tennis 327	4	tennis	1	2025-02-24	12	200000	13
328	Kursus Grup Tennis 328	4	tennis	1	2025-08-27	6	250000	10
329	Kursus Grup Tennis 329	4	tennis	3	2024-08-28	13	300000	10
330	Kursus Grup Tennis 330	4	tennis	3	2025-06-14	20	300000	20
331	Kursus Grup Tennis 331	4	tennis	5	2024-12-08	8	450000	9
332	Kursus Grup Tennis 332	4	tennis	4	2025-08-08	6	500000	16
333	Kursus Grup Tennis 333	4	tennis	1	2025-05-30	15	400000	15
334	Kursus Grup Tennis 334	4	tennis	3	2025-06-20	19	350000	20
335	Kursus Grup Tennis 335	4	tennis	2	2024-06-21	11	500000	7
336	Kursus Grup Tennis 336	4	tennis	2	2025-01-05	17	250000	18
337	Kursus Grup Tennis 337	4	tennis	4	2025-08-20	6	300000	9
338	Kursus Grup Tennis 338	4	tennis	4	2025-07-17	6	400000	19
339	Kursus Grup Tennis 339	4	tennis	2	2024-11-08	8	500000	16
340	Kursus Grup Tennis 340	4	tennis	1	2025-09-20	14	300000	18
341	Kursus Grup Tennis 341	4	tennis	5	2024-10-24	16	500000	14
342	Kursus Grup Tennis 342	4	tennis	2	2025-04-11	10	250000	10
343	Kursus Grup Tennis 343	4	tennis	2	2024-06-23	6	200000	17
344	Kursus Grup Tennis 344	4	tennis	1	2024-09-26	13	350000	13
345	Kursus Grup Tennis 345	4	tennis	4	2025-07-14	14	300000	8
346	Kursus Grup Tennis 346	4	tennis	5	2024-10-23	17	400000	6
347	Kursus Grup Tennis 347	4	tennis	2	2025-09-02	17	500000	18
348	Kursus Grup Tennis 348	5	tennis	2	2025-10-01	9	200000	16
349	Kursus Grup Tennis 349	5	tennis	4	2024-11-11	15	250000	17
350	Kursus Grup Tennis 350	5	tennis	2	2025-07-09	14	300000	11
351	Kursus Grup Tennis 351	5	tennis	5	2025-04-25	7	250000	12
352	Kursus Grup Tennis 352	5	tennis	4	2024-06-27	20	400000	7
353	Kursus Grup Tennis 353	5	tennis	3	2024-09-05	17	250000	18
354	Kursus Grup Tennis 354	5	tennis	4	2024-10-12	13	200000	18
355	Kursus Grup Tennis 355	5	tennis	1	2025-01-21	13	500000	18
356	Kursus Grup Tennis 356	5	tennis	5	2025-09-03	20	400000	15
357	Kursus Grup Tennis 357	5	tennis	2	2025-06-14	9	350000	20
358	Kursus Grup Tennis 358	5	tennis	3	2025-04-18	8	500000	18
359	Kursus Grup Tennis 359	5	tennis	1	2024-05-23	19	350000	6
360	Kursus Grup Tennis 360	5	tennis	3	2024-05-05	15	250000	19
361	Kursus Grup Tennis 361	5	tennis	3	2024-05-21	11	450000	15
362	Kursus Grup Tennis 362	5	tennis	2	2025-03-15	19	450000	12
363	Kursus Grup Tennis 363	5	tennis	3	2024-07-17	18	250000	18
364	Kursus Grup Tennis 364	5	tennis	3	2025-06-16	9	250000	14
365	Kursus Grup Tennis 365	5	tennis	5	2024-11-01	11	500000	18
366	Kursus Grup Tennis 366	5	tennis	1	2024-10-21	20	500000	15
367	Kursus Grup Tennis 367	5	tennis	3	2025-05-04	9	200000	20
368	Kursus Grup Tennis 368	5	tennis	4	2024-06-13	18	350000	20
369	Kursus Grup Tennis 369	5	tennis	1	2025-04-20	13	200000	14
370	Kursus Grup Tennis 370	5	tennis	1	2024-07-21	15	350000	18
371	Kursus Grup Tennis 371	5	tennis	3	2025-07-23	20	300000	8
372	Kursus Grup Tennis 372	5	tennis	4	2025-03-27	15	300000	19
373	Kursus Grup Tennis 373	5	tennis	3	2024-10-13	20	350000	7
374	Kursus Grup Tennis 374	5	tennis	4	2024-08-10	16	500000	14
375	Kursus Grup Tennis 375	5	tennis	1	2024-07-18	14	450000	12
376	Kursus Grup Tennis 376	5	tennis	3	2024-08-30	14	300000	17
377	Kursus Grup Tennis 377	5	tennis	1	2024-12-19	17	350000	7
378	Kursus Grup Tennis 378	5	tennis	1	2025-06-19	8	200000	18
379	Kursus Grup Tennis 379	5	tennis	5	2024-12-22	14	500000	13
380	Kursus Grup Tennis 380	5	tennis	4	2025-08-12	18	250000	13
381	Kursus Grup Tennis 381	5	tennis	3	2025-06-07	11	500000	18
382	Kursus Grup Tennis 382	5	tennis	1	2025-05-01	15	200000	20
383	Kursus Grup Tennis 383	5	tennis	4	2024-12-15	17	300000	17
384	Kursus Grup Tennis 384	5	tennis	5	2024-12-12	14	350000	7
385	Kursus Grup Tennis 385	5	tennis	2	2025-01-29	8	300000	7
386	Kursus Grup Tennis 386	5	tennis	4	2025-04-23	15	250000	14
387	Kursus Grup Tennis 387	5	tennis	3	2024-06-27	9	250000	9
388	Kursus Grup Tennis 388	5	tennis	2	2024-06-10	15	300000	10
389	Kursus Grup Tennis 389	5	tennis	5	2025-09-04	8	450000	11
390	Kursus Grup Tennis 390	5	tennis	4	2025-02-23	10	250000	9
391	Kursus Grup Tennis 391	5	tennis	3	2025-06-07	8	300000	16
392	Kursus Grup Tennis 392	5	tennis	4	2024-12-07	13	250000	9
393	Kursus Grup Tennis 393	5	tennis	4	2025-01-29	17	250000	6
394	Kursus Grup Tennis 394	5	tennis	2	2025-10-05	10	300000	20
395	Kursus Grup Tennis 395	5	tennis	2	2024-08-16	6	500000	9
396	Kursus Grup Tennis 396	5	tennis	2	2025-04-17	6	350000	16
397	Kursus Grup Tennis 397	5	tennis	3	2024-10-07	8	400000	15
398	Kursus Grup Tennis 398	5	tennis	5	2025-05-29	15	450000	7
399	Kursus Grup Tennis 399	5	tennis	4	2025-04-24	12	300000	10
400	Kursus Grup Tennis 400	5	tennis	5	2024-08-10	9	450000	5
401	Kursus Grup Tennis 401	5	tennis	2	2024-12-23	11	400000	17
402	Kursus Grup Tennis 402	5	tennis	2	2024-11-22	13	450000	14
403	Kursus Grup Tennis 403	5	tennis	3	2025-07-22	15	400000	12
404	Kursus Grup Tennis 404	5	tennis	2	2024-07-22	10	300000	20
405	Kursus Grup Tennis 405	5	tennis	5	2024-11-15	20	450000	15
406	Kursus Grup Tennis 406	5	tennis	1	2025-07-29	13	350000	10
407	Kursus Grup Tennis 407	5	tennis	4	2025-09-28	19	200000	5
408	Kursus Grup Tennis 408	5	tennis	4	2024-06-03	11	500000	5
409	Kursus Grup Tennis 409	5	tennis	3	2024-04-30	19	250000	12
410	Kursus Grup Tennis 410	5	tennis	5	2024-12-03	12	200000	15
411	Kursus Grup Tennis 411	5	tennis	4	2024-07-21	11	250000	12
412	Kursus Grup Tennis 412	5	tennis	4	2025-05-01	9	500000	20
413	Kursus Grup Tennis 413	5	tennis	4	2024-06-26	9	450000	13
414	Kursus Grup Tennis 414	5	tennis	5	2024-12-15	10	500000	20
415	Kursus Grup Tennis 415	5	tennis	2	2025-02-10	16	350000	13
416	Kursus Grup Tennis 416	5	tennis	2	2024-08-31	15	250000	13
417	Kursus Grup Tennis 417	5	tennis	1	2025-07-12	7	250000	10
418	Kursus Grup Tennis 418	5	tennis	4	2025-05-16	9	400000	9
419	Kursus Grup Tennis 419	5	tennis	1	2025-02-03	15	250000	18
420	Kursus Grup Tennis 420	5	tennis	4	2024-12-18	13	250000	14
421	Kursus Grup Tennis 421	5	tennis	3	2024-12-07	14	250000	19
422	Kursus Grup Tennis 422	5	tennis	4	2024-11-18	7	500000	14
423	Kursus Grup Tennis 423	5	tennis	1	2024-09-01	13	400000	6
424	Kursus Grup Tennis 424	5	tennis	3	2024-05-15	18	200000	8
425	Kursus Grup Tennis 425	5	tennis	5	2024-10-25	9	250000	12
426	Kursus Grup Tennis 426	5	tennis	5	2024-09-03	12	200000	9
427	Kursus Grup Tennis 427	5	tennis	5	2025-05-16	19	300000	17
428	Kursus Grup Tennis 428	5	tennis	2	2024-07-09	6	450000	6
429	Kursus Grup Tennis 429	5	tennis	5	2025-04-25	13	250000	16
430	Kursus Grup Tennis 430	5	tennis	4	2024-11-11	8	200000	9
431	Kursus Grup Tennis 431	5	tennis	2	2024-09-03	7	400000	15
432	Kursus Grup Tennis 432	5	tennis	2	2025-05-10	11	300000	16
433	Kursus Grup Tennis 433	5	tennis	1	2024-08-07	9	350000	15
434	Kursus Grup Tennis 434	5	tennis	1	2024-10-03	12	400000	17
435	Kursus Grup Tennis 435	5	tennis	5	2024-05-28	11	400000	9
436	Kursus Grup Tennis 436	5	tennis	2	2024-08-17	16	350000	13
437	Kursus Grup Tennis 437	5	tennis	4	2024-08-02	6	200000	19
438	Kursus Grup Tennis 438	5	tennis	1	2024-05-14	12	350000	13
439	Kursus Grup Tennis 439	5	tennis	2	2025-08-16	9	200000	14
440	Kursus Grup Tennis 440	5	tennis	5	2024-12-10	18	350000	5
441	Kursus Grup Tennis 441	5	tennis	2	2024-12-28	17	250000	8
442	Kursus Grup Tennis 442	5	tennis	4	2025-01-06	9	500000	7
443	Kursus Grup Tennis 443	5	tennis	3	2024-06-02	10	450000	7
444	Kursus Grup Tennis 444	5	tennis	1	2024-10-09	20	500000	7
445	Kursus Grup Tennis 445	5	tennis	5	2025-10-02	12	500000	6
446	Kursus Grup Pickleball 446	6	pickleball	6	2025-01-07	17	240000	7
447	Kursus Grup Pickleball 447	6	pickleball	9	2024-10-05	16	240000	10
448	Kursus Grup Pickleball 448	6	pickleball	7	2024-08-22	17	150000	12
449	Kursus Grup Pickleball 449	6	pickleball	6	2024-07-29	6	350000	18
450	Kursus Grup Pickleball 450	6	pickleball	8	2024-11-26	18	150000	13
451	Kursus Grup Pickleball 451	6	pickleball	6	2025-10-07	6	210000	17
452	Kursus Grup Pickleball 452	6	pickleball	8	2024-05-28	20	150000	11
453	Kursus Grup Pickleball 453	6	pickleball	7	2025-06-05	11	180000	18
454	Kursus Grup Pickleball 454	6	pickleball	10	2025-06-13	11	210000	6
455	Kursus Grup Pickleball 455	6	pickleball	6	2025-04-29	8	270000	11
456	Kursus Grup Pickleball 456	6	pickleball	10	2024-08-20	8	150000	18
457	Kursus Grup Pickleball 457	6	pickleball	9	2025-04-06	16	210000	18
458	Kursus Grup Pickleball 458	6	pickleball	6	2025-02-07	10	240000	19
459	Kursus Grup Pickleball 459	6	pickleball	10	2024-06-15	14	350000	16
460	Kursus Grup Pickleball 460	6	pickleball	8	2025-04-28	9	180000	15
461	Kursus Grup Pickleball 461	6	pickleball	6	2025-08-27	14	300000	11
462	Kursus Grup Pickleball 462	6	pickleball	6	2025-05-11	9	240000	11
463	Kursus Grup Pickleball 463	6	pickleball	10	2024-10-20	14	350000	10
464	Kursus Grup Pickleball 464	6	pickleball	10	2024-05-27	10	240000	11
465	Kursus Grup Pickleball 465	6	pickleball	7	2025-10-03	7	210000	5
466	Kursus Grup Pickleball 466	6	pickleball	9	2025-07-25	16	150000	13
467	Kursus Grup Pickleball 467	6	pickleball	9	2025-05-30	12	350000	13
468	Kursus Grup Pickleball 468	6	pickleball	8	2025-01-15	9	150000	18
469	Kursus Grup Pickleball 469	6	pickleball	9	2024-10-21	17	180000	14
470	Kursus Grup Pickleball 470	6	pickleball	8	2025-09-30	6	350000	15
471	Kursus Grup Pickleball 471	6	pickleball	7	2024-11-06	6	270000	20
472	Kursus Grup Pickleball 472	6	pickleball	7	2025-01-10	7	150000	19
473	Kursus Grup Pickleball 473	6	pickleball	10	2024-12-19	15	180000	9
474	Kursus Grup Pickleball 474	6	pickleball	8	2025-08-10	6	270000	9
475	Kursus Grup Pickleball 475	6	pickleball	6	2024-08-01	13	270000	16
476	Kursus Grup Pickleball 476	6	pickleball	10	2024-05-25	7	350000	18
477	Kursus Grup Pickleball 477	6	pickleball	7	2024-09-30	15	210000	8
478	Kursus Grup Pickleball 478	6	pickleball	10	2025-09-08	15	350000	17
479	Kursus Grup Pickleball 479	6	pickleball	9	2024-10-14	20	270000	18
480	Kursus Grup Pickleball 480	6	pickleball	7	2025-07-25	12	350000	17
481	Kursus Grup Pickleball 481	6	pickleball	8	2024-09-28	12	300000	9
482	Kursus Grup Pickleball 482	6	pickleball	7	2024-04-27	9	150000	13
483	Kursus Grup Pickleball 483	6	pickleball	9	2025-02-16	12	300000	16
484	Kursus Grup Pickleball 484	6	pickleball	7	2025-02-22	14	270000	10
485	Kursus Grup Pickleball 485	6	pickleball	8	2024-08-20	7	270000	14
486	Kursus Grup Pickleball 486	6	pickleball	8	2025-06-14	15	270000	7
487	Kursus Grup Pickleball 487	6	pickleball	10	2024-10-28	15	150000	7
488	Kursus Grup Pickleball 488	6	pickleball	7	2025-07-05	9	270000	20
489	Kursus Grup Pickleball 489	6	pickleball	6	2024-07-03	6	150000	17
490	Kursus Grup Pickleball 490	6	pickleball	10	2025-05-16	16	270000	11
491	Kursus Grup Pickleball 491	6	pickleball	9	2025-03-12	17	300000	7
492	Kursus Grup Pickleball 492	6	pickleball	10	2025-03-09	11	300000	5
493	Kursus Grup Pickleball 493	6	pickleball	9	2025-07-14	6	300000	20
494	Kursus Grup Pickleball 494	6	pickleball	7	2025-06-29	10	350000	11
495	Kursus Grup Pickleball 495	6	pickleball	9	2025-06-19	10	210000	16
496	Kursus Grup Pickleball 496	6	pickleball	8	2025-02-22	17	180000	16
497	Kursus Grup Pickleball 497	6	pickleball	9	2024-06-24	8	240000	5
498	Kursus Grup Pickleball 498	6	pickleball	8	2025-03-09	7	300000	19
499	Kursus Grup Pickleball 499	6	pickleball	8	2024-05-27	14	180000	11
500	Kursus Grup Pickleball 500	6	pickleball	9	2025-09-13	13	270000	13
501	Kursus Grup Pickleball 501	6	pickleball	8	2025-04-09	11	350000	9
502	Kursus Grup Pickleball 502	6	pickleball	7	2024-09-03	18	350000	12
503	Kursus Grup Pickleball 503	6	pickleball	8	2024-04-28	14	150000	12
504	Kursus Grup Pickleball 504	6	pickleball	7	2025-03-11	15	180000	13
505	Kursus Grup Pickleball 505	6	pickleball	8	2025-02-23	20	180000	17
506	Kursus Grup Pickleball 506	6	pickleball	7	2025-05-05	19	300000	14
507	Kursus Grup Pickleball 507	6	pickleball	9	2024-10-10	7	270000	18
508	Kursus Grup Pickleball 508	6	pickleball	7	2025-03-26	10	210000	12
509	Kursus Grup Pickleball 509	6	pickleball	6	2025-06-03	7	240000	11
510	Kursus Grup Pickleball 510	6	pickleball	10	2024-09-26	20	270000	19
511	Kursus Grup Pickleball 511	6	pickleball	6	2024-06-29	19	180000	6
512	Kursus Grup Pickleball 512	6	pickleball	10	2025-04-17	19	350000	19
513	Kursus Grup Pickleball 513	6	pickleball	7	2025-07-05	10	300000	19
514	Kursus Grup Pickleball 514	6	pickleball	6	2024-09-17	14	240000	15
515	Kursus Grup Pickleball 515	6	pickleball	9	2025-05-17	12	210000	9
516	Kursus Grup Pickleball 516	6	pickleball	7	2025-02-20	19	300000	8
517	Kursus Grup Pickleball 517	6	pickleball	9	2024-05-08	14	150000	6
518	Kursus Grup Pickleball 518	6	pickleball	10	2024-08-04	16	350000	16
519	Kursus Grup Pickleball 519	7	pickleball	7	2024-11-08	20	150000	10
520	Kursus Grup Pickleball 520	7	pickleball	6	2025-09-24	13	210000	15
521	Kursus Grup Pickleball 521	7	pickleball	9	2024-12-01	8	180000	13
522	Kursus Grup Pickleball 522	7	pickleball	9	2024-09-08	13	210000	13
523	Kursus Grup Pickleball 523	7	pickleball	9	2025-09-08	20	210000	15
524	Kursus Grup Pickleball 524	7	pickleball	9	2025-10-03	15	240000	18
525	Kursus Grup Pickleball 525	7	pickleball	10	2025-09-14	12	210000	7
526	Kursus Grup Pickleball 526	7	pickleball	6	2025-07-09	18	210000	9
527	Kursus Grup Pickleball 527	7	pickleball	8	2024-07-18	8	300000	20
528	Kursus Grup Pickleball 528	7	pickleball	10	2024-08-24	18	350000	8
529	Kursus Grup Pickleball 529	7	pickleball	10	2025-05-19	13	180000	7
530	Kursus Grup Pickleball 530	7	pickleball	7	2025-04-22	16	240000	16
531	Kursus Grup Pickleball 531	7	pickleball	7	2024-11-07	20	240000	19
532	Kursus Grup Pickleball 532	7	pickleball	10	2024-05-14	16	300000	11
533	Kursus Grup Pickleball 533	7	pickleball	8	2025-03-28	14	210000	13
534	Kursus Grup Pickleball 534	7	pickleball	10	2025-01-09	9	210000	19
535	Kursus Grup Pickleball 535	7	pickleball	6	2025-10-06	6	180000	13
536	Kursus Grup Pickleball 536	7	pickleball	9	2025-08-01	15	150000	18
537	Kursus Grup Pickleball 537	7	pickleball	8	2024-09-24	12	180000	5
538	Kursus Grup Pickleball 538	7	pickleball	7	2024-05-07	10	240000	5
539	Kursus Grup Pickleball 539	7	pickleball	10	2024-08-12	19	180000	17
540	Kursus Grup Pickleball 540	7	pickleball	6	2024-05-12	17	150000	17
541	Kursus Grup Pickleball 541	7	pickleball	8	2024-06-19	10	210000	13
542	Kursus Grup Pickleball 542	7	pickleball	8	2025-09-23	11	240000	15
543	Kursus Grup Pickleball 543	7	pickleball	7	2024-11-24	9	300000	20
544	Kursus Grup Pickleball 544	7	pickleball	10	2025-06-28	9	150000	16
545	Kursus Grup Pickleball 545	7	pickleball	9	2025-08-03	11	270000	15
546	Kursus Grup Pickleball 546	7	pickleball	7	2025-01-05	11	210000	10
547	Kursus Grup Pickleball 547	7	pickleball	8	2024-10-12	16	150000	17
548	Kursus Grup Pickleball 548	7	pickleball	10	2024-06-05	11	350000	6
549	Kursus Grup Pickleball 549	7	pickleball	7	2024-04-28	7	210000	15
550	Kursus Grup Pickleball 550	7	pickleball	7	2025-09-16	9	350000	5
551	Kursus Grup Pickleball 551	7	pickleball	9	2025-01-15	17	240000	11
552	Kursus Grup Pickleball 552	7	pickleball	8	2024-06-18	12	270000	6
553	Kursus Grup Pickleball 553	7	pickleball	6	2024-11-12	19	270000	8
554	Kursus Grup Pickleball 554	7	pickleball	8	2024-05-19	13	180000	6
555	Kursus Grup Pickleball 555	7	pickleball	10	2024-07-24	7	350000	9
556	Kursus Grup Pickleball 556	7	pickleball	9	2024-10-18	17	180000	8
557	Kursus Grup Pickleball 557	7	pickleball	10	2024-07-06	14	270000	11
558	Kursus Grup Pickleball 558	7	pickleball	7	2024-11-21	7	300000	10
559	Kursus Grup Pickleball 559	7	pickleball	7	2025-08-06	19	270000	10
560	Kursus Grup Pickleball 560	7	pickleball	6	2024-12-28	13	240000	6
561	Kursus Grup Pickleball 561	7	pickleball	9	2025-06-14	10	150000	10
562	Kursus Grup Pickleball 562	7	pickleball	9	2025-09-01	6	150000	20
563	Kursus Grup Pickleball 563	7	pickleball	9	2025-07-02	8	240000	7
564	Kursus Grup Pickleball 564	7	pickleball	6	2025-04-01	12	180000	15
565	Kursus Grup Pickleball 565	7	pickleball	7	2025-05-13	7	300000	17
566	Kursus Grup Pickleball 566	7	pickleball	7	2024-10-24	19	210000	5
567	Kursus Grup Pickleball 567	7	pickleball	8	2025-05-21	20	240000	13
568	Kursus Grup Pickleball 568	7	pickleball	6	2024-12-24	18	210000	6
569	Kursus Grup Pickleball 569	7	pickleball	10	2025-07-24	13	240000	12
570	Kursus Grup Pickleball 570	7	pickleball	9	2024-05-11	7	210000	20
571	Kursus Grup Pickleball 571	7	pickleball	6	2025-02-18	12	240000	19
572	Kursus Grup Pickleball 572	7	pickleball	7	2024-11-24	15	270000	8
573	Kursus Grup Pickleball 573	7	pickleball	8	2025-10-03	16	270000	5
574	Kursus Grup Pickleball 574	7	pickleball	7	2025-06-30	14	270000	13
575	Kursus Grup Pickleball 575	7	pickleball	6	2025-05-28	11	180000	9
576	Kursus Grup Pickleball 576	7	pickleball	10	2025-02-12	13	150000	7
577	Kursus Grup Pickleball 577	7	pickleball	9	2025-01-07	10	240000	20
578	Kursus Grup Pickleball 578	7	pickleball	6	2024-11-25	13	240000	6
579	Kursus Grup Pickleball 579	7	pickleball	6	2025-06-16	7	350000	7
580	Kursus Grup Pickleball 580	7	pickleball	8	2025-09-22	15	210000	15
581	Kursus Grup Pickleball 581	7	pickleball	9	2024-06-27	12	240000	17
582	Kursus Grup Pickleball 582	7	pickleball	7	2025-05-09	10	210000	14
583	Kursus Grup Pickleball 583	7	pickleball	6	2025-01-23	18	240000	6
584	Kursus Grup Pickleball 584	7	pickleball	9	2024-12-20	14	350000	13
585	Kursus Grup Pickleball 585	7	pickleball	9	2024-09-01	11	240000	7
586	Kursus Grup Pickleball 586	7	pickleball	6	2024-11-29	20	240000	15
587	Kursus Grup Pickleball 587	7	pickleball	6	2024-10-22	11	180000	6
588	Kursus Grup Pickleball 588	7	pickleball	10	2024-12-22	11	240000	10
589	Kursus Grup Pickleball 589	7	pickleball	6	2024-07-22	7	180000	5
590	Kursus Grup Pickleball 590	7	pickleball	9	2025-09-20	15	350000	15
591	Kursus Grup Pickleball 591	7	pickleball	6	2025-10-06	9	180000	6
592	Kursus Grup Pickleball 592	7	pickleball	8	2024-09-12	11	270000	5
593	Kursus Grup Pickleball 593	7	pickleball	6	2025-05-24	14	150000	8
594	Kursus Grup Pickleball 594	7	pickleball	9	2025-06-02	13	150000	12
595	Kursus Grup Pickleball 595	7	pickleball	6	2025-03-02	13	350000	13
596	Kursus Grup Pickleball 596	7	pickleball	8	2024-08-04	6	180000	19
597	Kursus Grup Pickleball 597	7	pickleball	9	2024-11-30	13	300000	19
598	Kursus Grup Pickleball 598	7	pickleball	8	2025-06-21	7	270000	20
599	Kursus Grup Pickleball 599	7	pickleball	10	2024-12-12	18	270000	16
600	Kursus Grup Pickleball 600	7	pickleball	8	2025-09-19	11	300000	18
601	Kursus Grup Pickleball 601	7	pickleball	10	2024-08-18	10	350000	6
602	Kursus Grup Pickleball 602	7	pickleball	8	2025-03-11	18	210000	10
603	Kursus Grup Pickleball 603	8	pickleball	10	2025-02-07	10	350000	15
604	Kursus Grup Pickleball 604	8	pickleball	10	2024-10-24	11	180000	17
605	Kursus Grup Pickleball 605	8	pickleball	10	2025-02-23	20	350000	15
606	Kursus Grup Pickleball 606	8	pickleball	6	2024-07-19	8	240000	12
607	Kursus Grup Pickleball 607	8	pickleball	6	2024-12-25	20	180000	11
608	Kursus Grup Pickleball 608	8	pickleball	9	2025-03-12	19	300000	16
609	Kursus Grup Pickleball 609	8	pickleball	6	2025-02-01	8	150000	9
610	Kursus Grup Pickleball 610	8	pickleball	7	2025-01-15	9	150000	12
611	Kursus Grup Pickleball 611	8	pickleball	10	2025-09-08	16	150000	7
612	Kursus Grup Pickleball 612	8	pickleball	6	2025-04-06	15	300000	17
613	Kursus Grup Pickleball 613	8	pickleball	9	2025-06-02	11	270000	7
614	Kursus Grup Pickleball 614	8	pickleball	7	2024-11-08	9	150000	13
615	Kursus Grup Pickleball 615	8	pickleball	6	2025-03-15	6	180000	5
616	Kursus Grup Pickleball 616	8	pickleball	6	2025-02-15	20	150000	7
617	Kursus Grup Pickleball 617	8	pickleball	6	2025-05-05	9	300000	14
618	Kursus Grup Pickleball 618	8	pickleball	6	2025-09-30	8	270000	8
619	Kursus Grup Pickleball 619	8	pickleball	9	2025-03-09	6	240000	10
620	Kursus Grup Pickleball 620	8	pickleball	7	2024-11-15	18	210000	20
621	Kursus Grup Pickleball 621	8	pickleball	7	2024-06-07	8	270000	8
622	Kursus Grup Pickleball 622	8	pickleball	10	2024-10-09	13	240000	14
623	Kursus Grup Pickleball 623	8	pickleball	7	2025-02-18	20	300000	10
624	Kursus Grup Pickleball 624	8	pickleball	7	2025-08-14	10	300000	19
625	Kursus Grup Pickleball 625	8	pickleball	7	2025-07-03	10	240000	19
626	Kursus Grup Pickleball 626	8	pickleball	6	2024-05-01	14	180000	18
627	Kursus Grup Pickleball 627	8	pickleball	9	2025-07-21	16	350000	8
628	Kursus Grup Pickleball 628	8	pickleball	6	2025-03-30	15	240000	17
629	Kursus Grup Pickleball 629	8	pickleball	9	2024-06-17	15	180000	9
630	Kursus Grup Pickleball 630	8	pickleball	10	2025-07-04	19	350000	8
631	Kursus Grup Pickleball 631	8	pickleball	6	2024-08-01	16	150000	17
632	Kursus Grup Pickleball 632	8	pickleball	10	2025-06-22	17	300000	17
633	Kursus Grup Pickleball 633	8	pickleball	7	2024-05-25	7	180000	12
634	Kursus Grup Pickleball 634	8	pickleball	9	2025-07-27	15	180000	11
635	Kursus Grup Pickleball 635	8	pickleball	7	2024-10-28	12	350000	15
636	Kursus Grup Pickleball 636	8	pickleball	7	2024-10-20	20	210000	10
637	Kursus Grup Pickleball 637	8	pickleball	8	2025-10-02	8	270000	16
638	Kursus Grup Pickleball 638	8	pickleball	6	2024-12-05	13	270000	7
639	Kursus Grup Pickleball 639	8	pickleball	10	2025-02-15	13	270000	20
640	Kursus Grup Pickleball 640	8	pickleball	10	2024-06-13	7	300000	19
641	Kursus Grup Pickleball 641	8	pickleball	9	2024-08-08	17	270000	8
642	Kursus Grup Pickleball 642	8	pickleball	8	2024-11-01	17	210000	12
643	Kursus Grup Pickleball 643	8	pickleball	9	2024-05-15	19	300000	11
644	Kursus Grup Pickleball 644	8	pickleball	8	2025-06-12	10	240000	20
645	Kursus Grup Pickleball 645	8	pickleball	6	2025-07-23	11	350000	10
646	Kursus Grup Pickleball 646	8	pickleball	6	2024-10-01	18	180000	14
647	Kursus Grup Pickleball 647	8	pickleball	10	2025-03-03	7	210000	15
648	Kursus Grup Pickleball 648	8	pickleball	6	2025-05-28	16	240000	9
649	Kursus Grup Pickleball 649	8	pickleball	10	2024-09-07	18	150000	17
650	Kursus Grup Pickleball 650	8	pickleball	9	2025-08-09	6	180000	17
651	Kursus Grup Pickleball 651	8	pickleball	6	2025-01-12	13	350000	16
652	Kursus Grup Pickleball 652	8	pickleball	7	2024-09-28	7	150000	8
653	Kursus Grup Pickleball 653	8	pickleball	9	2024-07-21	12	150000	20
654	Kursus Grup Pickleball 654	8	pickleball	10	2025-02-26	11	210000	13
655	Kursus Grup Pickleball 655	8	pickleball	8	2025-06-28	15	300000	15
656	Kursus Grup Pickleball 656	8	pickleball	10	2024-07-05	8	180000	18
657	Kursus Grup Pickleball 657	8	pickleball	6	2025-04-22	17	350000	13
658	Kursus Grup Pickleball 658	8	pickleball	9	2025-04-12	17	150000	19
659	Kursus Grup Pickleball 659	8	pickleball	6	2025-04-27	17	270000	8
660	Kursus Grup Pickleball 660	8	pickleball	6	2024-10-02	15	350000	14
661	Kursus Grup Pickleball 661	8	pickleball	10	2024-11-17	7	270000	8
662	Kursus Grup Pickleball 662	8	pickleball	7	2025-02-22	18	150000	12
663	Kursus Grup Pickleball 663	8	pickleball	9	2024-12-10	12	210000	19
664	Kursus Grup Pickleball 664	8	pickleball	6	2025-09-15	8	180000	17
665	Kursus Grup Pickleball 665	8	pickleball	9	2024-07-30	17	300000	14
666	Kursus Grup Pickleball 666	8	pickleball	7	2025-02-26	10	300000	17
667	Kursus Grup Pickleball 667	8	pickleball	8	2025-09-16	19	210000	20
668	Kursus Grup Pickleball 668	8	pickleball	7	2025-05-20	15	210000	20
669	Kursus Grup Pickleball 669	8	pickleball	10	2024-11-03	14	210000	7
670	Kursus Grup Pickleball 670	8	pickleball	8	2024-11-30	9	300000	12
671	Kursus Grup Pickleball 671	8	pickleball	8	2025-06-25	14	350000	16
672	Kursus Grup Pickleball 672	8	pickleball	9	2025-07-18	18	210000	12
673	Kursus Grup Pickleball 673	8	pickleball	9	2025-05-25	6	210000	17
674	Kursus Grup Pickleball 674	9	pickleball	10	2024-05-10	20	270000	18
675	Kursus Grup Pickleball 675	9	pickleball	10	2024-09-10	14	350000	6
676	Kursus Grup Pickleball 676	9	pickleball	7	2025-05-08	15	270000	14
677	Kursus Grup Pickleball 677	9	pickleball	6	2024-11-24	13	240000	15
678	Kursus Grup Pickleball 678	9	pickleball	10	2024-11-24	11	180000	13
679	Kursus Grup Pickleball 679	9	pickleball	7	2025-07-06	9	180000	18
680	Kursus Grup Pickleball 680	9	pickleball	9	2024-07-28	14	270000	14
681	Kursus Grup Pickleball 681	9	pickleball	9	2024-07-27	9	210000	20
682	Kursus Grup Pickleball 682	9	pickleball	10	2024-07-03	11	300000	15
683	Kursus Grup Pickleball 683	9	pickleball	6	2025-04-23	16	180000	17
684	Kursus Grup Pickleball 684	9	pickleball	6	2024-07-20	17	240000	7
685	Kursus Grup Pickleball 685	9	pickleball	7	2025-01-02	14	300000	10
686	Kursus Grup Pickleball 686	9	pickleball	6	2024-05-01	10	210000	9
687	Kursus Grup Pickleball 687	9	pickleball	10	2024-08-27	13	150000	14
688	Kursus Grup Pickleball 688	9	pickleball	9	2024-11-21	13	150000	11
689	Kursus Grup Pickleball 689	9	pickleball	8	2025-07-21	12	210000	17
690	Kursus Grup Pickleball 690	9	pickleball	7	2024-12-03	11	240000	8
691	Kursus Grup Pickleball 691	9	pickleball	6	2024-07-06	19	150000	15
692	Kursus Grup Pickleball 692	9	pickleball	9	2024-08-14	9	270000	15
693	Kursus Grup Pickleball 693	9	pickleball	9	2025-03-17	15	240000	11
694	Kursus Grup Pickleball 694	9	pickleball	6	2024-11-24	10	350000	10
695	Kursus Grup Pickleball 695	9	pickleball	7	2024-09-10	7	210000	13
696	Kursus Grup Pickleball 696	9	pickleball	6	2025-03-04	18	180000	15
697	Kursus Grup Pickleball 697	9	pickleball	9	2024-07-25	6	240000	10
698	Kursus Grup Pickleball 698	9	pickleball	10	2024-09-09	10	300000	20
699	Kursus Grup Pickleball 699	9	pickleball	8	2025-03-12	19	350000	8
700	Kursus Grup Pickleball 700	9	pickleball	9	2024-12-31	10	180000	8
701	Kursus Grup Pickleball 701	9	pickleball	6	2025-03-26	16	350000	5
702	Kursus Grup Pickleball 702	9	pickleball	8	2025-02-06	19	270000	12
703	Kursus Grup Pickleball 703	9	pickleball	8	2025-07-13	20	270000	11
704	Kursus Grup Pickleball 704	9	pickleball	8	2024-06-04	19	210000	11
705	Kursus Grup Pickleball 705	9	pickleball	8	2024-11-26	7	350000	19
706	Kursus Grup Pickleball 706	9	pickleball	7	2024-12-16	10	300000	18
707	Kursus Grup Pickleball 707	9	pickleball	9	2025-09-17	10	150000	6
708	Kursus Grup Pickleball 708	9	pickleball	7	2024-10-24	17	350000	18
709	Kursus Grup Pickleball 709	9	pickleball	6	2024-10-13	12	240000	16
710	Kursus Grup Pickleball 710	9	pickleball	9	2025-06-26	6	240000	11
711	Kursus Grup Pickleball 711	9	pickleball	7	2024-10-16	18	240000	9
712	Kursus Grup Pickleball 712	9	pickleball	8	2025-05-26	15	300000	14
713	Kursus Grup Pickleball 713	9	pickleball	6	2025-07-25	19	150000	12
714	Kursus Grup Pickleball 714	9	pickleball	6	2024-05-05	19	350000	11
715	Kursus Grup Pickleball 715	9	pickleball	8	2024-06-12	7	270000	12
716	Kursus Grup Pickleball 716	9	pickleball	6	2025-08-23	12	210000	20
717	Kursus Grup Pickleball 717	9	pickleball	6	2025-06-06	10	240000	8
718	Kursus Grup Pickleball 718	9	pickleball	8	2024-05-19	19	270000	14
719	Kursus Grup Pickleball 719	9	pickleball	10	2024-08-24	16	150000	17
720	Kursus Grup Pickleball 720	9	pickleball	9	2025-01-20	11	350000	17
721	Kursus Grup Pickleball 721	9	pickleball	9	2025-09-26	19	180000	16
722	Kursus Grup Pickleball 722	9	pickleball	8	2024-07-20	9	300000	7
723	Kursus Grup Pickleball 723	9	pickleball	6	2024-08-20	7	150000	7
724	Kursus Grup Pickleball 724	9	pickleball	8	2025-06-13	18	180000	12
725	Kursus Grup Pickleball 725	9	pickleball	8	2025-01-24	8	210000	5
726	Kursus Grup Pickleball 726	9	pickleball	9	2024-09-25	19	270000	20
727	Kursus Grup Pickleball 727	9	pickleball	6	2025-06-29	16	270000	7
728	Kursus Grup Pickleball 728	9	pickleball	10	2025-07-08	18	150000	5
729	Kursus Grup Pickleball 729	9	pickleball	8	2025-05-29	17	300000	7
730	Kursus Grup Pickleball 730	9	pickleball	7	2024-10-28	17	150000	5
731	Kursus Grup Pickleball 731	9	pickleball	6	2025-01-30	13	150000	15
732	Kursus Grup Pickleball 732	9	pickleball	9	2024-08-13	9	300000	18
733	Kursus Grup Pickleball 733	9	pickleball	9	2024-06-14	13	150000	17
734	Kursus Grup Pickleball 734	9	pickleball	7	2024-06-26	14	240000	9
735	Kursus Grup Pickleball 735	9	pickleball	8	2024-06-13	18	240000	7
736	Kursus Grup Pickleball 736	9	pickleball	10	2025-09-05	20	150000	9
737	Kursus Grup Pickleball 737	9	pickleball	6	2025-08-08	19	240000	6
738	Kursus Grup Pickleball 738	9	pickleball	8	2025-07-19	6	240000	19
739	Kursus Grup Pickleball 739	9	pickleball	9	2025-01-31	12	240000	20
740	Kursus Grup Pickleball 740	9	pickleball	9	2025-08-05	8	350000	6
741	Kursus Grup Pickleball 741	9	pickleball	8	2024-11-23	12	210000	17
742	Kursus Grup Pickleball 742	9	pickleball	7	2025-04-12	13	300000	10
743	Kursus Grup Pickleball 743	9	pickleball	8	2025-06-03	12	270000	14
744	Kursus Grup Pickleball 744	9	pickleball	10	2025-08-10	10	150000	5
745	Kursus Grup Pickleball 745	9	pickleball	6	2025-01-03	15	180000	7
746	Kursus Grup Pickleball 746	9	pickleball	7	2025-03-28	8	350000	10
747	Kursus Grup Pickleball 747	9	pickleball	10	2025-02-01	11	240000	9
748	Kursus Grup Pickleball 748	9	pickleball	7	2024-06-17	13	350000	11
749	Kursus Grup Pickleball 749	10	pickleball	10	2024-07-07	11	210000	19
750	Kursus Grup Pickleball 750	10	pickleball	7	2024-05-18	15	240000	12
751	Kursus Grup Pickleball 751	10	pickleball	6	2024-09-15	15	240000	14
752	Kursus Grup Pickleball 752	10	pickleball	9	2024-04-29	7	210000	18
753	Kursus Grup Pickleball 753	10	pickleball	7	2024-08-10	9	150000	18
754	Kursus Grup Pickleball 754	10	pickleball	6	2024-07-12	10	180000	8
755	Kursus Grup Pickleball 755	10	pickleball	9	2025-03-28	13	150000	8
756	Kursus Grup Pickleball 756	10	pickleball	9	2024-11-30	7	180000	10
757	Kursus Grup Pickleball 757	10	pickleball	6	2024-10-11	17	300000	9
758	Kursus Grup Pickleball 758	10	pickleball	10	2024-11-15	16	350000	9
759	Kursus Grup Pickleball 759	10	pickleball	7	2025-03-23	6	350000	10
760	Kursus Grup Pickleball 760	10	pickleball	6	2024-05-09	11	350000	16
761	Kursus Grup Pickleball 761	10	pickleball	10	2024-10-20	8	180000	19
762	Kursus Grup Pickleball 762	10	pickleball	7	2024-08-14	20	300000	10
763	Kursus Grup Pickleball 763	10	pickleball	8	2024-11-10	10	350000	11
764	Kursus Grup Pickleball 764	10	pickleball	6	2025-08-05	17	350000	14
765	Kursus Grup Pickleball 765	10	pickleball	9	2025-02-24	9	240000	8
766	Kursus Grup Pickleball 766	10	pickleball	10	2024-08-12	7	180000	6
767	Kursus Grup Pickleball 767	10	pickleball	9	2025-07-23	13	240000	9
768	Kursus Grup Pickleball 768	10	pickleball	10	2024-10-23	12	180000	17
769	Kursus Grup Pickleball 769	10	pickleball	8	2024-11-17	7	180000	5
770	Kursus Grup Pickleball 770	10	pickleball	7	2024-05-06	6	180000	16
771	Kursus Grup Pickleball 771	10	pickleball	9	2025-07-06	15	210000	10
772	Kursus Grup Pickleball 772	10	pickleball	10	2024-07-21	14	150000	14
773	Kursus Grup Pickleball 773	10	pickleball	7	2025-03-22	15	350000	5
774	Kursus Grup Pickleball 774	10	pickleball	7	2024-07-08	13	350000	5
775	Kursus Grup Pickleball 775	10	pickleball	6	2025-02-25	20	300000	18
776	Kursus Grup Pickleball 776	10	pickleball	10	2025-01-05	19	150000	20
777	Kursus Grup Pickleball 777	10	pickleball	8	2024-11-28	7	210000	20
778	Kursus Grup Pickleball 778	10	pickleball	7	2025-03-03	16	350000	17
779	Kursus Grup Pickleball 779	10	pickleball	6	2025-02-27	14	210000	6
780	Kursus Grup Pickleball 780	10	pickleball	6	2025-04-05	8	150000	17
781	Kursus Grup Pickleball 781	10	pickleball	9	2024-08-19	15	180000	8
782	Kursus Grup Pickleball 782	10	pickleball	9	2025-07-11	20	210000	10
783	Kursus Grup Pickleball 783	10	pickleball	9	2024-12-23	9	240000	16
784	Kursus Grup Pickleball 784	10	pickleball	10	2024-07-29	10	240000	9
785	Kursus Grup Pickleball 785	10	pickleball	9	2024-06-12	9	350000	7
786	Kursus Grup Pickleball 786	10	pickleball	7	2025-09-18	11	180000	13
787	Kursus Grup Pickleball 787	10	pickleball	6	2024-09-06	18	210000	14
788	Kursus Grup Pickleball 788	10	pickleball	7	2024-12-22	15	270000	14
789	Kursus Grup Pickleball 789	10	pickleball	7	2024-05-18	16	350000	13
790	Kursus Grup Pickleball 790	10	pickleball	8	2024-05-21	12	270000	9
791	Kursus Grup Pickleball 791	10	pickleball	9	2024-06-08	9	350000	17
792	Kursus Grup Pickleball 792	10	pickleball	8	2025-06-18	12	300000	5
793	Kursus Grup Pickleball 793	10	pickleball	7	2024-06-04	6	270000	10
794	Kursus Grup Pickleball 794	10	pickleball	7	2025-08-23	15	350000	7
795	Kursus Grup Pickleball 795	10	pickleball	7	2024-11-04	18	240000	11
796	Kursus Grup Pickleball 796	10	pickleball	9	2024-06-22	16	210000	12
797	Kursus Grup Pickleball 797	10	pickleball	10	2024-09-23	13	300000	18
798	Kursus Grup Pickleball 798	10	pickleball	7	2025-09-04	10	240000	10
799	Kursus Grup Pickleball 799	10	pickleball	9	2025-02-03	12	350000	8
800	Kursus Grup Pickleball 800	10	pickleball	6	2025-05-28	7	210000	7
801	Kursus Grup Pickleball 801	10	pickleball	6	2024-11-12	17	240000	9
802	Kursus Grup Pickleball 802	10	pickleball	7	2024-10-17	7	150000	13
803	Kursus Grup Pickleball 803	10	pickleball	9	2024-07-01	18	300000	10
804	Kursus Grup Pickleball 804	10	pickleball	7	2025-04-13	6	240000	6
805	Kursus Grup Pickleball 805	10	pickleball	9	2025-03-22	17	180000	7
806	Kursus Grup Pickleball 806	10	pickleball	10	2024-11-20	18	270000	13
807	Kursus Grup Pickleball 807	10	pickleball	9	2025-05-24	10	180000	9
808	Kursus Grup Pickleball 808	10	pickleball	6	2025-03-22	10	300000	19
809	Kursus Grup Pickleball 809	10	pickleball	8	2024-06-11	11	350000	10
810	Kursus Grup Pickleball 810	10	pickleball	9	2024-06-16	14	270000	17
811	Kursus Grup Pickleball 811	10	pickleball	7	2025-01-25	19	240000	13
812	Kursus Grup Pickleball 812	10	pickleball	8	2025-05-05	7	350000	14
813	Kursus Grup Pickleball 813	10	pickleball	9	2024-10-25	7	180000	13
814	Kursus Grup Pickleball 814	10	pickleball	9	2024-12-27	6	240000	16
815	Kursus Grup Pickleball 815	10	pickleball	10	2025-09-02	17	350000	15
816	Kursus Grup Pickleball 816	10	pickleball	10	2024-08-05	13	210000	6
817	Kursus Grup Pickleball 817	10	pickleball	7	2025-03-28	10	350000	9
818	Kursus Grup Pickleball 818	10	pickleball	7	2025-07-27	8	350000	8
819	Kursus Grup Pickleball 819	10	pickleball	10	2025-05-08	10	270000	16
820	Kursus Grup Pickleball 820	10	pickleball	6	2025-07-19	19	240000	7
821	Kursus Grup Pickleball 821	10	pickleball	8	2024-07-03	7	180000	14
822	Kursus Grup Pickleball 822	10	pickleball	10	2025-04-14	12	180000	15
823	Kursus Grup Pickleball 823	10	pickleball	9	2024-07-05	19	350000	10
824	Kursus Grup Pickleball 824	10	pickleball	7	2025-04-06	7	210000	7
825	Kursus Grup Pickleball 825	10	pickleball	7	2024-08-28	9	350000	18
826	Kursus Grup Pickleball 826	10	pickleball	9	2025-05-15	7	300000	11
827	Kursus Grup Pickleball 827	10	pickleball	9	2024-05-27	16	150000	5
828	Kursus Grup Pickleball 828	10	pickleball	6	2025-09-25	20	300000	11
829	Kursus Grup Pickleball 829	10	pickleball	6	2025-01-23	7	350000	17
830	Kursus Grup Pickleball 830	10	pickleball	10	2024-05-21	11	240000	15
831	Kursus Grup Pickleball 831	10	pickleball	8	2025-06-13	20	180000	16
832	Kursus Grup Padel 832	11	padel	11	2024-10-28	19	420000	18
833	Kursus Grup Padel 833	11	padel	13	2024-05-03	7	340000	14
834	Kursus Grup Padel 834	11	padel	11	2024-11-10	15	300000	9
835	Kursus Grup Padel 835	11	padel	11	2024-09-30	13	380000	12
836	Kursus Grup Padel 836	11	padel	15	2025-08-27	20	380000	11
837	Kursus Grup Padel 837	11	padel	13	2024-10-26	18	380000	10
838	Kursus Grup Padel 838	11	padel	12	2024-07-12	13	300000	5
839	Kursus Grup Padel 839	11	padel	15	2024-05-20	9	340000	5
840	Kursus Grup Padel 840	11	padel	14	2025-08-14	20	300000	16
841	Kursus Grup Padel 841	11	padel	13	2025-04-16	11	380000	9
842	Kursus Grup Padel 842	11	padel	14	2025-02-18	20	380000	5
843	Kursus Grup Padel 843	11	padel	11	2025-09-29	8	220000	6
844	Kursus Grup Padel 844	11	padel	11	2024-08-05	16	300000	17
845	Kursus Grup Padel 845	11	padel	12	2025-06-18	14	260000	5
846	Kursus Grup Padel 846	11	padel	14	2024-10-20	11	380000	5
847	Kursus Grup Padel 847	11	padel	14	2025-02-18	10	180000	14
848	Kursus Grup Padel 848	11	padel	12	2024-10-01	17	380000	14
849	Kursus Grup Padel 849	11	padel	15	2024-11-29	6	220000	16
850	Kursus Grup Padel 850	11	padel	14	2025-10-03	6	420000	17
851	Kursus Grup Padel 851	11	padel	13	2025-03-15	13	450000	12
852	Kursus Grup Padel 852	11	padel	11	2025-06-18	7	380000	19
853	Kursus Grup Padel 853	11	padel	11	2024-12-20	19	450000	13
854	Kursus Grup Padel 854	11	padel	12	2025-05-10	11	180000	10
855	Kursus Grup Padel 855	11	padel	15	2024-07-21	19	450000	20
856	Kursus Grup Padel 856	11	padel	15	2025-06-26	19	420000	11
857	Kursus Grup Padel 857	11	padel	15	2024-07-12	19	420000	5
858	Kursus Grup Padel 858	11	padel	13	2025-05-07	17	340000	10
859	Kursus Grup Padel 859	11	padel	15	2024-11-17	20	220000	12
860	Kursus Grup Padel 860	11	padel	11	2025-05-04	16	220000	9
861	Kursus Grup Padel 861	11	padel	11	2025-06-15	17	220000	15
862	Kursus Grup Padel 862	11	padel	14	2024-07-24	20	450000	17
863	Kursus Grup Padel 863	11	padel	14	2025-05-27	11	380000	11
864	Kursus Grup Padel 864	11	padel	13	2025-01-10	9	450000	11
865	Kursus Grup Padel 865	11	padel	11	2025-07-23	20	420000	9
866	Kursus Grup Padel 866	11	padel	13	2025-02-15	14	180000	15
867	Kursus Grup Padel 867	11	padel	11	2024-07-16	9	450000	16
868	Kursus Grup Padel 868	11	padel	15	2025-02-17	11	180000	8
869	Kursus Grup Padel 869	11	padel	15	2025-07-16	19	220000	6
870	Kursus Grup Padel 870	11	padel	15	2025-03-21	9	380000	5
871	Kursus Grup Padel 871	11	padel	14	2025-08-19	15	260000	14
872	Kursus Grup Padel 872	11	padel	12	2025-09-19	13	450000	13
873	Kursus Grup Padel 873	11	padel	11	2025-06-22	20	450000	16
874	Kursus Grup Padel 874	11	padel	11	2024-11-21	14	300000	10
875	Kursus Grup Padel 875	11	padel	12	2025-01-01	19	260000	10
876	Kursus Grup Padel 876	11	padel	14	2025-01-17	7	340000	20
877	Kursus Grup Padel 877	11	padel	15	2025-01-05	10	220000	19
878	Kursus Grup Padel 878	11	padel	14	2025-01-17	18	180000	19
879	Kursus Grup Padel 879	11	padel	14	2025-04-02	18	450000	17
880	Kursus Grup Padel 880	11	padel	14	2024-10-20	15	450000	6
881	Kursus Grup Padel 881	11	padel	14	2024-08-22	17	340000	8
882	Kursus Grup Padel 882	11	padel	11	2025-09-25	10	300000	12
883	Kursus Grup Padel 883	11	padel	15	2024-06-03	8	340000	9
884	Kursus Grup Padel 884	11	padel	14	2025-05-05	10	420000	18
885	Kursus Grup Padel 885	11	padel	13	2025-05-16	9	220000	18
886	Kursus Grup Padel 886	11	padel	13	2024-07-21	20	380000	9
887	Kursus Grup Padel 887	11	padel	13	2025-02-16	6	420000	20
888	Kursus Grup Padel 888	11	padel	14	2025-02-12	11	180000	9
889	Kursus Grup Padel 889	11	padel	13	2024-09-13	19	260000	15
890	Kursus Grup Padel 890	11	padel	13	2025-07-06	20	220000	9
891	Kursus Grup Padel 891	11	padel	13	2025-05-12	20	260000	7
892	Kursus Grup Padel 892	11	padel	15	2025-04-18	16	300000	17
893	Kursus Grup Padel 893	11	padel	13	2024-10-13	12	220000	9
894	Kursus Grup Padel 894	11	padel	12	2025-02-17	17	380000	15
895	Kursus Grup Padel 895	11	padel	13	2025-03-08	17	340000	15
896	Kursus Grup Padel 896	11	padel	11	2025-03-28	6	180000	11
897	Kursus Grup Padel 897	11	padel	11	2025-07-28	9	180000	12
898	Kursus Grup Padel 898	11	padel	12	2025-10-01	9	450000	8
899	Kursus Grup Padel 899	11	padel	15	2024-08-28	7	260000	11
900	Kursus Grup Padel 900	11	padel	11	2025-09-26	10	260000	13
901	Kursus Grup Padel 901	11	padel	13	2025-08-23	15	420000	8
902	Kursus Grup Padel 902	11	padel	12	2025-07-10	17	450000	12
903	Kursus Grup Padel 903	11	padel	13	2025-09-27	12	220000	20
904	Kursus Grup Padel 904	11	padel	13	2024-05-14	14	420000	14
905	Kursus Grup Padel 905	11	padel	11	2024-05-29	20	450000	17
906	Kursus Grup Padel 906	11	padel	12	2025-09-23	8	450000	15
907	Kursus Grup Padel 907	11	padel	11	2024-07-29	17	180000	9
908	Kursus Grup Padel 908	11	padel	15	2024-10-25	9	420000	13
909	Kursus Grup Padel 909	11	padel	15	2025-02-02	12	220000	8
910	Kursus Grup Padel 910	11	padel	15	2024-10-18	11	340000	12
911	Kursus Grup Padel 911	11	padel	12	2024-11-05	9	300000	8
912	Kursus Grup Padel 912	11	padel	15	2025-08-19	17	180000	19
913	Kursus Grup Padel 913	11	padel	15	2024-05-05	20	260000	5
914	Kursus Grup Padel 914	11	padel	15	2024-09-04	12	260000	20
915	Kursus Grup Padel 915	11	padel	15	2024-08-15	16	340000	11
916	Kursus Grup Padel 916	11	padel	13	2025-06-03	13	220000	9
917	Kursus Grup Padel 917	11	padel	12	2024-10-16	19	300000	15
918	Kursus Grup Padel 918	11	padel	13	2024-05-06	6	180000	20
919	Kursus Grup Padel 919	11	padel	14	2024-07-20	7	260000	16
920	Kursus Grup Padel 920	11	padel	13	2025-03-27	15	340000	18
921	Kursus Grup Padel 921	11	padel	14	2025-03-19	14	180000	14
922	Kursus Grup Padel 922	11	padel	11	2025-01-27	11	180000	14
923	Kursus Grup Padel 923	11	padel	13	2025-07-13	14	300000	16
924	Kursus Grup Padel 924	12	padel	11	2025-05-22	17	340000	18
925	Kursus Grup Padel 925	12	padel	15	2024-08-21	6	180000	9
926	Kursus Grup Padel 926	12	padel	11	2024-08-25	19	300000	7
927	Kursus Grup Padel 927	12	padel	13	2025-01-26	10	300000	10
928	Kursus Grup Padel 928	12	padel	15	2025-06-20	6	380000	7
929	Kursus Grup Padel 929	12	padel	12	2024-05-21	8	340000	7
930	Kursus Grup Padel 930	12	padel	13	2024-11-01	10	420000	11
931	Kursus Grup Padel 931	12	padel	13	2024-06-01	10	380000	18
932	Kursus Grup Padel 932	12	padel	11	2024-10-27	10	420000	10
933	Kursus Grup Padel 933	12	padel	14	2025-08-01	13	450000	20
934	Kursus Grup Padel 934	12	padel	13	2024-08-30	20	380000	9
935	Kursus Grup Padel 935	12	padel	15	2025-04-12	16	300000	11
936	Kursus Grup Padel 936	12	padel	14	2025-02-03	13	180000	7
937	Kursus Grup Padel 937	12	padel	14	2025-09-03	12	180000	20
938	Kursus Grup Padel 938	12	padel	14	2025-09-07	19	450000	20
939	Kursus Grup Padel 939	12	padel	12	2024-09-25	15	180000	8
940	Kursus Grup Padel 940	12	padel	15	2024-06-20	11	300000	5
941	Kursus Grup Padel 941	12	padel	15	2024-12-29	10	450000	15
942	Kursus Grup Padel 942	12	padel	11	2025-07-13	12	340000	9
943	Kursus Grup Padel 943	12	padel	12	2025-09-20	16	220000	10
944	Kursus Grup Padel 944	12	padel	15	2025-01-30	20	420000	19
945	Kursus Grup Padel 945	12	padel	14	2025-05-07	19	260000	12
946	Kursus Grup Padel 946	12	padel	12	2025-07-16	15	300000	14
947	Kursus Grup Padel 947	12	padel	13	2025-09-23	15	220000	7
948	Kursus Grup Padel 948	12	padel	15	2025-02-28	10	260000	17
949	Kursus Grup Padel 949	12	padel	11	2024-09-05	19	450000	5
950	Kursus Grup Padel 950	12	padel	15	2024-10-01	15	340000	9
951	Kursus Grup Padel 951	12	padel	14	2025-06-07	19	340000	11
952	Kursus Grup Padel 952	12	padel	12	2024-11-11	7	340000	10
953	Kursus Grup Padel 953	12	padel	11	2024-06-14	9	220000	16
954	Kursus Grup Padel 954	12	padel	15	2024-06-12	7	340000	14
955	Kursus Grup Padel 955	12	padel	13	2024-06-05	17	340000	17
956	Kursus Grup Padel 956	12	padel	14	2024-11-04	6	380000	5
957	Kursus Grup Padel 957	12	padel	15	2025-09-11	16	220000	16
958	Kursus Grup Padel 958	12	padel	11	2024-08-20	18	420000	20
959	Kursus Grup Padel 959	12	padel	11	2024-10-17	14	180000	15
960	Kursus Grup Padel 960	12	padel	15	2025-02-16	17	450000	18
961	Kursus Grup Padel 961	12	padel	15	2025-03-12	8	260000	14
962	Kursus Grup Padel 962	12	padel	15	2025-09-26	9	220000	9
963	Kursus Grup Padel 963	12	padel	11	2025-04-02	7	450000	9
964	Kursus Grup Padel 964	12	padel	14	2024-07-09	11	420000	20
965	Kursus Grup Padel 965	12	padel	14	2025-05-22	14	340000	7
966	Kursus Grup Padel 966	12	padel	14	2025-06-19	6	300000	8
967	Kursus Grup Padel 967	12	padel	12	2024-06-30	11	450000	14
968	Kursus Grup Padel 968	12	padel	14	2024-06-23	6	450000	18
969	Kursus Grup Padel 969	12	padel	15	2024-07-30	16	260000	17
970	Kursus Grup Padel 970	12	padel	15	2025-01-02	14	420000	11
971	Kursus Grup Padel 971	12	padel	14	2025-05-07	14	220000	17
972	Kursus Grup Padel 972	12	padel	12	2025-09-16	11	180000	14
973	Kursus Grup Padel 973	12	padel	15	2024-12-04	11	180000	5
974	Kursus Grup Padel 974	12	padel	12	2025-06-22	16	420000	6
975	Kursus Grup Padel 975	12	padel	12	2025-06-24	19	420000	16
976	Kursus Grup Padel 976	12	padel	12	2024-11-17	15	340000	6
977	Kursus Grup Padel 977	12	padel	13	2025-01-12	14	260000	19
978	Kursus Grup Padel 978	12	padel	12	2025-07-26	10	220000	18
979	Kursus Grup Padel 979	12	padel	15	2024-07-20	16	380000	10
980	Kursus Grup Padel 980	12	padel	12	2024-05-31	19	340000	10
981	Kursus Grup Padel 981	12	padel	12	2025-04-15	13	380000	16
982	Kursus Grup Padel 982	12	padel	15	2024-10-13	19	180000	14
983	Kursus Grup Padel 983	12	padel	12	2024-12-09	19	260000	5
984	Kursus Grup Padel 984	12	padel	11	2024-07-30	19	220000	9
985	Kursus Grup Padel 985	12	padel	15	2025-03-06	6	380000	6
986	Kursus Grup Padel 986	12	padel	14	2024-11-30	19	260000	17
987	Kursus Grup Padel 987	12	padel	15	2025-06-16	15	380000	10
988	Kursus Grup Padel 988	12	padel	15	2025-08-05	16	450000	5
989	Kursus Grup Padel 989	12	padel	15	2025-09-15	15	180000	20
990	Kursus Grup Padel 990	12	padel	11	2024-07-19	10	260000	16
991	Kursus Grup Padel 991	12	padel	11	2024-10-04	18	340000	11
992	Kursus Grup Padel 992	12	padel	14	2025-08-29	7	380000	20
993	Kursus Grup Padel 993	12	padel	14	2024-08-09	10	260000	9
994	Kursus Grup Padel 994	12	padel	12	2024-12-21	12	180000	13
995	Kursus Grup Padel 995	12	padel	14	2024-07-10	14	340000	19
996	Kursus Grup Padel 996	12	padel	11	2024-08-16	14	380000	14
997	Kursus Grup Padel 997	12	padel	15	2025-07-19	8	420000	11
998	Kursus Grup Padel 998	12	padel	14	2024-08-11	17	420000	11
999	Kursus Grup Padel 999	12	padel	14	2024-06-24	11	340000	18
1000	Kursus Grup Padel 1000	12	padel	11	2024-09-26	16	220000	10
1001	Kursus Grup Padel 1001	12	padel	11	2024-10-31	20	220000	7
1002	Kursus Grup Padel 1002	12	padel	14	2025-01-26	16	380000	10
1003	Kursus Grup Padel 1003	12	padel	14	2024-08-10	13	260000	5
1004	Kursus Grup Padel 1004	12	padel	14	2025-06-12	17	340000	20
1005	Kursus Grup Padel 1005	13	padel	14	2025-03-04	13	340000	15
1006	Kursus Grup Padel 1006	13	padel	11	2024-11-08	14	300000	14
1007	Kursus Grup Padel 1007	13	padel	12	2025-06-24	16	380000	20
1008	Kursus Grup Padel 1008	13	padel	13	2025-09-10	17	450000	19
1009	Kursus Grup Padel 1009	13	padel	14	2025-06-11	11	450000	7
1010	Kursus Grup Padel 1010	13	padel	12	2024-08-01	6	220000	9
1011	Kursus Grup Padel 1011	13	padel	12	2025-10-04	11	260000	13
1012	Kursus Grup Padel 1012	13	padel	14	2025-02-18	13	260000	14
1013	Kursus Grup Padel 1013	13	padel	12	2024-12-10	17	380000	16
1014	Kursus Grup Padel 1014	13	padel	14	2025-09-19	16	300000	20
1015	Kursus Grup Padel 1015	13	padel	13	2025-04-18	13	220000	20
1016	Kursus Grup Padel 1016	13	padel	11	2025-04-04	18	450000	11
1017	Kursus Grup Padel 1017	13	padel	15	2024-09-04	12	300000	7
1018	Kursus Grup Padel 1018	13	padel	15	2025-10-07	17	220000	20
1019	Kursus Grup Padel 1019	13	padel	13	2025-02-27	6	180000	13
1020	Kursus Grup Padel 1020	13	padel	12	2025-05-09	11	380000	7
1021	Kursus Grup Padel 1021	13	padel	15	2024-06-09	14	450000	18
1022	Kursus Grup Padel 1022	13	padel	14	2025-03-22	18	340000	18
1023	Kursus Grup Padel 1023	13	padel	13	2025-01-02	18	220000	17
1024	Kursus Grup Padel 1024	13	padel	14	2024-10-24	10	450000	14
1025	Kursus Grup Padel 1025	13	padel	12	2024-10-18	12	260000	5
1026	Kursus Grup Padel 1026	13	padel	14	2024-07-27	13	220000	11
1027	Kursus Grup Padel 1027	13	padel	15	2024-09-17	8	260000	10
1028	Kursus Grup Padel 1028	13	padel	15	2025-04-07	20	340000	10
1029	Kursus Grup Padel 1029	13	padel	11	2024-10-16	15	260000	5
1030	Kursus Grup Padel 1030	13	padel	15	2024-06-01	16	220000	14
1031	Kursus Grup Padel 1031	13	padel	12	2025-04-03	15	180000	20
1032	Kursus Grup Padel 1032	13	padel	12	2024-12-01	16	300000	8
1033	Kursus Grup Padel 1033	13	padel	11	2024-10-07	20	180000	20
1034	Kursus Grup Padel 1034	13	padel	11	2024-12-27	20	340000	9
1035	Kursus Grup Padel 1035	13	padel	13	2024-11-10	10	260000	15
1036	Kursus Grup Padel 1036	13	padel	15	2024-12-09	8	260000	14
1037	Kursus Grup Padel 1037	13	padel	12	2024-10-28	16	300000	17
1038	Kursus Grup Padel 1038	13	padel	14	2024-10-25	15	380000	10
1039	Kursus Grup Padel 1039	13	padel	11	2025-09-21	10	300000	17
1040	Kursus Grup Padel 1040	13	padel	11	2025-07-25	16	450000	19
1041	Kursus Grup Padel 1041	13	padel	13	2024-07-28	15	180000	16
1042	Kursus Grup Padel 1042	13	padel	12	2024-09-24	9	300000	15
1043	Kursus Grup Padel 1043	13	padel	15	2024-09-13	7	260000	12
1044	Kursus Grup Padel 1044	13	padel	12	2024-07-25	15	220000	13
1045	Kursus Grup Padel 1045	13	padel	11	2024-09-30	18	220000	6
1046	Kursus Grup Padel 1046	13	padel	14	2024-07-24	7	420000	20
1047	Kursus Grup Padel 1047	13	padel	15	2025-02-18	9	380000	15
1048	Kursus Grup Padel 1048	13	padel	12	2025-03-17	7	450000	6
1049	Kursus Grup Padel 1049	13	padel	15	2024-09-20	7	380000	18
1050	Kursus Grup Padel 1050	13	padel	11	2025-03-27	20	450000	8
1051	Kursus Grup Padel 1051	13	padel	11	2024-12-31	9	420000	14
1052	Kursus Grup Padel 1052	13	padel	11	2024-07-27	7	260000	9
1053	Kursus Grup Padel 1053	13	padel	11	2024-08-28	17	180000	16
1054	Kursus Grup Padel 1054	13	padel	11	2025-01-07	10	220000	11
1055	Kursus Grup Padel 1055	13	padel	12	2024-07-22	16	300000	6
1056	Kursus Grup Padel 1056	13	padel	15	2024-08-03	15	220000	6
1057	Kursus Grup Padel 1057	13	padel	14	2025-09-25	10	340000	16
1058	Kursus Grup Padel 1058	13	padel	11	2025-05-04	19	380000	7
1059	Kursus Grup Padel 1059	13	padel	11	2024-08-05	20	220000	10
1060	Kursus Grup Padel 1060	13	padel	15	2024-09-18	18	380000	14
1061	Kursus Grup Padel 1061	13	padel	14	2024-06-09	7	180000	8
1062	Kursus Grup Padel 1062	13	padel	11	2025-05-31	6	300000	14
1063	Kursus Grup Padel 1063	13	padel	13	2025-10-08	20	420000	6
1064	Kursus Grup Padel 1064	13	padel	14	2025-07-13	15	380000	7
1065	Kursus Grup Padel 1065	13	padel	12	2025-07-04	7	260000	18
1066	Kursus Grup Padel 1066	13	padel	11	2024-11-26	7	180000	14
1067	Kursus Grup Padel 1067	13	padel	14	2024-11-17	14	380000	19
1068	Kursus Grup Padel 1068	13	padel	13	2025-03-18	8	300000	10
1069	Kursus Grup Padel 1069	13	padel	15	2024-08-17	9	340000	14
1070	Kursus Grup Padel 1070	13	padel	12	2025-05-07	14	180000	16
1071	Kursus Grup Padel 1071	13	padel	15	2025-01-19	12	180000	6
1072	Kursus Grup Padel 1072	13	padel	15	2024-05-27	9	420000	8
1073	Kursus Grup Padel 1073	13	padel	13	2025-03-20	16	300000	10
1074	Kursus Grup Padel 1074	13	padel	14	2025-05-22	7	340000	14
1075	Kursus Grup Padel 1075	13	padel	14	2025-02-17	6	180000	20
1076	Kursus Grup Padel 1076	13	padel	12	2024-05-08	6	220000	12
1077	Kursus Grup Padel 1077	13	padel	12	2024-10-05	6	340000	8
1078	Kursus Grup Padel 1078	13	padel	13	2025-07-01	19	450000	11
1079	Kursus Grup Padel 1079	13	padel	12	2024-12-26	20	380000	17
1080	Kursus Grup Padel 1080	13	padel	15	2025-09-23	14	450000	5
1081	Kursus Grup Padel 1081	13	padel	12	2025-04-14	18	380000	5
1082	Kursus Grup Padel 1082	13	padel	14	2025-07-18	9	180000	10
1083	Kursus Grup Padel 1083	13	padel	13	2025-04-19	20	220000	13
1084	Kursus Grup Padel 1084	13	padel	13	2024-06-20	10	300000	13
1085	Kursus Grup Padel 1085	13	padel	13	2025-01-19	8	220000	14
1086	Kursus Grup Padel 1086	13	padel	15	2025-03-23	13	300000	10
1087	Kursus Grup Padel 1087	13	padel	14	2025-06-15	18	220000	8
1088	Kursus Grup Padel 1088	13	padel	15	2024-10-08	13	340000	14
1089	Kursus Grup Padel 1089	13	padel	15	2025-03-24	6	380000	11
1090	Kursus Grup Padel 1090	13	padel	12	2025-09-23	13	340000	8
1091	Kursus Grup Padel 1091	13	padel	12	2024-06-21	9	340000	20
1092	Kursus Grup Padel 1092	13	padel	14	2024-09-15	14	340000	18
1093	Kursus Grup Padel 1093	13	padel	15	2025-05-11	6	380000	10
1094	Kursus Grup Padel 1094	13	padel	13	2024-10-23	16	180000	9
1095	Kursus Grup Padel 1095	13	padel	13	2024-06-27	20	260000	7
1096	Kursus Grup Padel 1096	13	padel	12	2025-05-24	18	420000	12
1097	Kursus Grup Padel 1097	13	padel	11	2024-10-01	8	380000	18
1098	Kursus Grup Padel 1098	13	padel	15	2025-07-22	9	260000	19
1099	Kursus Grup Padel 1099	13	padel	15	2024-10-05	20	300000	15
1100	Kursus Grup Padel 1100	13	padel	12	2025-01-28	15	300000	18
1101	Kursus Grup Padel 1101	13	padel	14	2025-01-02	16	180000	19
1102	Kursus Grup Padel 1102	14	padel	14	2025-08-05	16	450000	7
1103	Kursus Grup Padel 1103	14	padel	12	2024-09-28	13	220000	9
1104	Kursus Grup Padel 1104	14	padel	11	2024-06-15	20	380000	17
1105	Kursus Grup Padel 1105	14	padel	13	2024-12-27	19	300000	20
1106	Kursus Grup Padel 1106	14	padel	13	2024-11-06	20	180000	6
1107	Kursus Grup Padel 1107	14	padel	13	2025-07-28	12	260000	9
1108	Kursus Grup Padel 1108	14	padel	15	2025-06-23	8	220000	7
1109	Kursus Grup Padel 1109	14	padel	12	2024-12-21	12	380000	13
1110	Kursus Grup Padel 1110	14	padel	15	2024-05-20	20	340000	14
1111	Kursus Grup Padel 1111	14	padel	15	2024-12-17	10	450000	13
1112	Kursus Grup Padel 1112	14	padel	14	2024-11-04	8	260000	7
1113	Kursus Grup Padel 1113	14	padel	11	2025-01-06	19	450000	18
1114	Kursus Grup Padel 1114	14	padel	12	2024-09-16	9	260000	7
1115	Kursus Grup Padel 1115	14	padel	15	2024-05-27	16	420000	6
1116	Kursus Grup Padel 1116	14	padel	11	2025-06-05	12	380000	7
1117	Kursus Grup Padel 1117	14	padel	14	2024-06-02	7	420000	13
1118	Kursus Grup Padel 1118	14	padel	14	2025-07-11	18	450000	20
1119	Kursus Grup Padel 1119	14	padel	12	2024-12-23	11	260000	7
1120	Kursus Grup Padel 1120	14	padel	11	2025-09-07	14	260000	8
1121	Kursus Grup Padel 1121	14	padel	11	2024-07-23	19	340000	9
1122	Kursus Grup Padel 1122	14	padel	12	2024-09-28	15	340000	9
1123	Kursus Grup Padel 1123	14	padel	11	2025-03-28	8	380000	6
1124	Kursus Grup Padel 1124	14	padel	14	2025-09-19	18	180000	15
1125	Kursus Grup Padel 1125	14	padel	13	2025-03-18	16	300000	19
1126	Kursus Grup Padel 1126	14	padel	14	2024-07-01	12	450000	19
1127	Kursus Grup Padel 1127	14	padel	15	2025-07-20	19	420000	11
1128	Kursus Grup Padel 1128	14	padel	13	2025-09-02	19	260000	11
1129	Kursus Grup Padel 1129	14	padel	13	2025-04-11	6	420000	6
1130	Kursus Grup Padel 1130	14	padel	13	2024-06-07	15	180000	13
1131	Kursus Grup Padel 1131	14	padel	15	2024-09-11	20	220000	17
1132	Kursus Grup Padel 1132	14	padel	14	2024-10-07	14	340000	5
1133	Kursus Grup Padel 1133	14	padel	15	2025-09-08	8	220000	20
1134	Kursus Grup Padel 1134	14	padel	12	2025-06-11	19	380000	7
1135	Kursus Grup Padel 1135	14	padel	12	2025-08-24	8	300000	6
1136	Kursus Grup Padel 1136	14	padel	14	2024-08-18	6	420000	8
1137	Kursus Grup Padel 1137	14	padel	14	2025-04-09	16	260000	17
1138	Kursus Grup Padel 1138	14	padel	14	2024-11-21	13	180000	14
1139	Kursus Grup Padel 1139	14	padel	14	2025-06-09	13	260000	17
1140	Kursus Grup Padel 1140	14	padel	14	2024-06-21	8	220000	11
1141	Kursus Grup Padel 1141	14	padel	12	2025-07-29	13	260000	10
1142	Kursus Grup Padel 1142	14	padel	11	2025-04-23	18	340000	7
1143	Kursus Grup Padel 1143	14	padel	13	2025-06-23	9	380000	8
1144	Kursus Grup Padel 1144	14	padel	15	2025-05-07	15	340000	13
1145	Kursus Grup Padel 1145	14	padel	15	2025-08-29	13	260000	17
1146	Kursus Grup Padel 1146	14	padel	14	2025-02-22	15	340000	18
1147	Kursus Grup Padel 1147	14	padel	11	2024-08-03	9	180000	10
1148	Kursus Grup Padel 1148	14	padel	12	2024-05-19	8	180000	15
1149	Kursus Grup Padel 1149	14	padel	14	2025-05-02	16	420000	10
1150	Kursus Grup Padel 1150	14	padel	11	2024-09-15	7	300000	7
1151	Kursus Grup Padel 1151	14	padel	14	2024-09-14	14	220000	8
1152	Kursus Grup Padel 1152	14	padel	12	2024-05-26	12	220000	9
1153	Kursus Grup Padel 1153	14	padel	13	2025-08-30	19	180000	6
1154	Kursus Grup Padel 1154	14	padel	15	2025-08-01	6	260000	15
1155	Kursus Grup Padel 1155	14	padel	12	2024-10-13	13	300000	13
1156	Kursus Grup Padel 1156	14	padel	11	2025-09-28	10	220000	5
1157	Kursus Grup Padel 1157	14	padel	14	2025-01-28	9	380000	5
1158	Kursus Grup Padel 1158	14	padel	13	2025-08-03	15	340000	14
1159	Kursus Grup Padel 1159	14	padel	15	2024-12-06	7	380000	8
1160	Kursus Grup Padel 1160	14	padel	12	2025-02-16	14	450000	17
1161	Kursus Grup Padel 1161	14	padel	15	2024-10-06	14	180000	13
1162	Kursus Grup Padel 1162	14	padel	13	2025-07-27	16	260000	13
1163	Kursus Grup Padel 1163	14	padel	15	2025-01-02	16	450000	10
1164	Kursus Grup Padel 1164	14	padel	12	2025-07-02	7	450000	7
1165	Kursus Grup Padel 1165	14	padel	13	2024-10-27	12	180000	14
1166	Kursus Grup Padel 1166	14	padel	13	2024-08-30	6	420000	10
1167	Kursus Grup Padel 1167	14	padel	13	2024-10-02	18	340000	6
1168	Kursus Grup Padel 1168	14	padel	13	2024-05-09	6	180000	11
1169	Kursus Grup Padel 1169	14	padel	11	2025-08-10	11	300000	5
1170	Kursus Grup Padel 1170	14	padel	13	2024-10-17	8	260000	13
1171	Kursus Grup Padel 1171	14	padel	11	2024-09-02	6	420000	8
1172	Kursus Grup Padel 1172	14	padel	13	2025-04-03	12	220000	14
1173	Kursus Grup Padel 1173	14	padel	15	2024-11-15	7	450000	20
1174	Kursus Grup Padel 1174	14	padel	12	2024-11-05	13	180000	14
1175	Kursus Grup Padel 1175	14	padel	15	2025-06-09	10	300000	9
1176	Kursus Grup Padel 1176	14	padel	12	2024-08-10	18	300000	10
1177	Kursus Grup Padel 1177	14	padel	15	2024-06-06	6	220000	7
1178	Kursus Grup Padel 1178	14	padel	12	2024-07-15	9	340000	10
1179	Kursus Grup Padel 1179	14	padel	15	2024-12-30	15	260000	13
1180	Kursus Grup Padel 1180	14	padel	14	2025-07-07	18	380000	19
1181	Kursus Grup Padel 1181	14	padel	12	2024-06-04	10	300000	12
1182	Kursus Grup Padel 1182	14	padel	11	2025-05-17	16	380000	12
1183	Kursus Grup Padel 1183	14	padel	14	2025-10-06	13	420000	18
1184	Kursus Grup Padel 1184	14	padel	12	2024-10-08	6	260000	9
1185	Kursus Grup Padel 1185	14	padel	14	2024-09-13	8	380000	7
1186	Kursus Grup Padel 1186	14	padel	15	2024-05-01	10	450000	15
1187	Kursus Grup Padel 1187	14	padel	12	2025-06-09	6	420000	13
1188	Kursus Grup Padel 1188	14	padel	14	2025-06-05	17	420000	11
1189	Kursus Grup Padel 1189	14	padel	13	2025-03-08	14	340000	13
1190	Kursus Grup Padel 1190	14	padel	12	2025-03-03	14	380000	5
1191	Kursus Grup Padel 1191	14	padel	12	2025-05-29	13	380000	8
1192	Kursus Grup Padel 1192	15	padel	11	2025-10-04	11	260000	11
1193	Kursus Grup Padel 1193	15	padel	12	2025-08-11	16	220000	8
1194	Kursus Grup Padel 1194	15	padel	13	2024-05-30	9	300000	15
1195	Kursus Grup Padel 1195	15	padel	12	2025-01-15	17	260000	16
1196	Kursus Grup Padel 1196	15	padel	14	2024-10-12	13	340000	12
1197	Kursus Grup Padel 1197	15	padel	11	2024-06-13	6	300000	7
1198	Kursus Grup Padel 1198	15	padel	11	2025-10-01	17	450000	7
1199	Kursus Grup Padel 1199	15	padel	13	2025-02-02	15	380000	9
1200	Kursus Grup Padel 1200	15	padel	14	2024-10-24	6	380000	9
1201	Kursus Grup Padel 1201	15	padel	11	2025-02-24	13	380000	19
1202	Kursus Grup Padel 1202	15	padel	12	2024-05-09	9	300000	20
1203	Kursus Grup Padel 1203	15	padel	13	2025-02-01	14	380000	7
1204	Kursus Grup Padel 1204	15	padel	15	2025-01-31	10	180000	7
1205	Kursus Grup Padel 1205	15	padel	13	2024-09-17	8	220000	9
1206	Kursus Grup Padel 1206	15	padel	11	2025-05-12	12	260000	18
1207	Kursus Grup Padel 1207	15	padel	13	2025-05-01	17	380000	7
1208	Kursus Grup Padel 1208	15	padel	11	2025-07-09	7	180000	19
1209	Kursus Grup Padel 1209	15	padel	15	2025-01-01	9	220000	12
1210	Kursus Grup Padel 1210	15	padel	14	2025-03-28	8	420000	10
1211	Kursus Grup Padel 1211	15	padel	12	2024-05-11	7	300000	19
1212	Kursus Grup Padel 1212	15	padel	13	2025-06-17	9	340000	15
1213	Kursus Grup Padel 1213	15	padel	15	2025-09-23	13	420000	18
1214	Kursus Grup Padel 1214	15	padel	13	2025-05-13	16	420000	18
1215	Kursus Grup Padel 1215	15	padel	11	2024-06-11	14	220000	11
1216	Kursus Grup Padel 1216	15	padel	15	2025-01-07	12	420000	12
1217	Kursus Grup Padel 1217	15	padel	13	2024-06-17	20	300000	15
1218	Kursus Grup Padel 1218	15	padel	15	2025-09-24	12	260000	6
1219	Kursus Grup Padel 1219	15	padel	11	2025-05-08	6	220000	7
1220	Kursus Grup Padel 1220	15	padel	11	2024-09-15	11	420000	14
1221	Kursus Grup Padel 1221	15	padel	14	2024-06-12	10	450000	12
1222	Kursus Grup Padel 1222	15	padel	13	2024-11-13	17	220000	14
1223	Kursus Grup Padel 1223	15	padel	14	2025-09-07	20	420000	17
1224	Kursus Grup Padel 1224	15	padel	12	2025-10-07	11	260000	5
1225	Kursus Grup Padel 1225	15	padel	15	2024-08-09	15	220000	5
1226	Kursus Grup Padel 1226	15	padel	14	2025-08-24	13	300000	11
1227	Kursus Grup Padel 1227	15	padel	15	2025-07-06	10	220000	7
1228	Kursus Grup Padel 1228	15	padel	13	2024-05-20	12	220000	12
1229	Kursus Grup Padel 1229	15	padel	11	2025-01-31	7	180000	14
1230	Kursus Grup Padel 1230	15	padel	12	2025-08-06	8	450000	17
1231	Kursus Grup Padel 1231	15	padel	14	2025-01-14	10	340000	14
1232	Kursus Grup Padel 1232	15	padel	12	2024-04-29	14	220000	19
1233	Kursus Grup Padel 1233	15	padel	13	2025-07-09	9	340000	10
1234	Kursus Grup Padel 1234	15	padel	12	2024-07-20	9	180000	20
1235	Kursus Grup Padel 1235	15	padel	13	2024-09-30	10	220000	10
1236	Kursus Grup Padel 1236	15	padel	12	2025-06-30	7	220000	20
1237	Kursus Grup Padel 1237	15	padel	12	2024-11-20	6	180000	10
1238	Kursus Grup Padel 1238	15	padel	14	2025-04-21	18	450000	17
1239	Kursus Grup Padel 1239	15	padel	11	2024-10-25	19	260000	15
1240	Kursus Grup Padel 1240	15	padel	12	2024-08-01	10	260000	20
1241	Kursus Grup Padel 1241	15	padel	11	2025-04-29	20	450000	8
1242	Kursus Grup Padel 1242	15	padel	12	2025-08-14	8	220000	16
1243	Kursus Grup Padel 1243	15	padel	15	2025-03-12	8	420000	14
1244	Kursus Grup Padel 1244	15	padel	14	2025-05-01	20	340000	18
1245	Kursus Grup Padel 1245	15	padel	14	2025-02-06	12	450000	18
1246	Kursus Grup Padel 1246	15	padel	11	2025-06-27	20	220000	19
1247	Kursus Grup Padel 1247	15	padel	13	2024-08-13	8	340000	13
1248	Kursus Grup Padel 1248	15	padel	13	2025-08-17	14	260000	12
1249	Kursus Grup Padel 1249	15	padel	15	2024-12-19	16	420000	17
1250	Kursus Grup Padel 1250	15	padel	15	2024-07-30	8	340000	8
1251	Kursus Grup Padel 1251	15	padel	13	2025-04-07	6	450000	19
1252	Kursus Grup Padel 1252	15	padel	15	2025-02-08	19	420000	20
1253	Kursus Grup Padel 1253	15	padel	14	2024-06-16	18	420000	19
1254	Kursus Grup Padel 1254	15	padel	14	2024-08-15	16	260000	9
1255	Kursus Grup Padel 1255	15	padel	14	2024-09-12	18	450000	16
1256	Kursus Grup Padel 1256	15	padel	14	2025-09-07	15	220000	20
1257	Kursus Grup Padel 1257	15	padel	15	2024-11-10	20	180000	19
1258	Kursus Grup Padel 1258	15	padel	11	2024-08-22	12	300000	10
1259	Kursus Grup Padel 1259	15	padel	12	2025-04-02	7	420000	7
1260	Kursus Grup Padel 1260	15	padel	11	2025-01-25	20	180000	9
1261	Kursus Grup Padel 1261	15	padel	13	2025-05-22	11	220000	7
1262	Kursus Grup Padel 1262	15	padel	12	2025-02-17	17	300000	8
1263	Kursus Grup Padel 1263	15	padel	11	2025-09-12	20	260000	18
1264	Kursus Grup Padel 1264	15	padel	11	2025-09-30	19	340000	9
1265	Kursus Grup Padel 1265	15	padel	14	2024-07-21	15	220000	12
1266	Kursus Grup Padel 1266	15	padel	13	2025-08-06	7	380000	14
1267	Kursus Grup Padel 1267	15	padel	14	2024-07-16	20	260000	11
1268	Kursus Grup Padel 1268	15	padel	14	2025-07-02	7	220000	19
1269	Kursus Grup Padel 1269	15	padel	12	2024-07-02	15	380000	15
1270	Kursus Grup Padel 1270	15	padel	14	2025-02-11	15	420000	12
1271	Kursus Grup Padel 1271	15	padel	14	2025-07-10	15	420000	19
1272	Kursus Grup Padel 1272	15	padel	13	2024-05-14	17	340000	19
1273	Kursus Grup Padel 1273	15	padel	12	2025-06-11	13	380000	19
1274	Kursus Grup Padel 1274	15	padel	15	2024-08-25	20	450000	16
1275	Kursus Grup Padel 1275	15	padel	12	2024-11-18	8	180000	8
1276	Kursus Grup Padel 1276	15	padel	12	2024-08-07	18	450000	13
1277	Kursus Grup Padel 1277	15	padel	15	2025-01-30	15	340000	8
1278	Kursus Grup Padel 1278	15	padel	12	2024-12-09	13	300000	11
1279	Kursus Grup Padel 1279	15	padel	13	2025-04-26	12	220000	8
1280	Kursus Grup Padel 1280	15	padel	11	2025-08-06	7	340000	9
1281	Kursus Grup Padel 1281	15	padel	11	2025-07-11	20	420000	6
1282	Kursus Grup Padel 1282	15	padel	14	2025-07-31	9	340000	17
1283	Kursus Grup Padel 1283	15	padel	13	2024-09-08	17	420000	8
1284	Kursus Grup Padel 1284	15	padel	14	2024-12-05	19	220000	9
1285	Kursus Grup Padel 1285	15	padel	11	2025-08-12	8	220000	9
1286	Kursus Grup Padel 1286	15	padel	12	2024-08-10	10	220000	10
1287	Kursus Grup Padel 1287	15	padel	12	2025-05-07	14	420000	13
1288	Kursus Grup Padel 1288	15	padel	12	2025-04-07	17	420000	9
1289	Kursus Grup Padel 1289	15	padel	15	2024-09-12	10	220000	18
1290	Kursus Grup Padel 1290	15	padel	12	2024-05-01	6	420000	5
\.


--
-- Data for Name: payments; Type: TABLE DATA; Schema: public; Owner: postgres
--

COPY public.payments (payment_id, total_payment, payment_proof, status, payment_date) FROM stdin;
1	548788	Bukti transfer untuk group course - Tax radio central.	accepted	2024-05-19 02:22:04
2	608610	Bukti transfer untuk group course - Network bring growth see.	accepted	2024-06-15 11:59:03
3	246894	Bukti transfer untuk group course - Group treat key animal. Firm pretty turn step.	accepted	2024-05-19 11:44:14
4	549871	Bukti transfer untuk group course - Than minute green beat life side.	accepted	2024-06-01 10:24:48
5	909702	Bukti transfer untuk group course - Option national actually easy.	accepted	2025-04-16 15:27:26
6	1096484	Bukti transfer untuk group course - Skill big down paper magazine energy rich.	accepted	2025-05-11 03:07:34
7	2119269	Bukti transfer untuk group course - Hand move defense growth assume.	rejected	2025-01-16 07:25:42
8	2128043	Bukti transfer untuk group course - Rich those eat chair box evening thought miss.	accepted	2024-06-11 10:34:46
9	3424843	Bukti transfer untuk group course - Especially beat move lay.	accepted	2025-04-10 21:15:29
10	2142462	Bukti transfer untuk group course - Military especially degree and affect.	accepted	2025-01-11 08:11:04
11	473455	Bukti transfer untuk group course - Benefit customer kind something responsibility.	accepted	2025-04-26 05:59:34
12	1503885	Bukti transfer untuk group course - Bar between surface or month forward book same.	accepted	2025-07-05 14:04:05
13	1423481	Bukti transfer untuk group course - Now back hold bar standard hotel.	accepted	2025-01-29 01:35:27
14	759778	Bukti transfer untuk group course - One fire decision current window thank true.	accepted	2025-05-13 07:25:46
15	1930813	Bukti transfer untuk group course - Floor pay together upon director.	accepted	2025-08-07 03:06:16
16	1935130	Bukti transfer untuk group course - Apply left image staff.	accepted	2025-05-18 01:33:21
17	1165659	Bukti transfer untuk group course - Join need agreement.	accepted	2025-08-20 22:42:49
18	1593459	Bukti transfer untuk group course - Sing reach kid production create.	accepted	2024-07-01 15:24:12
19	433757	Bukti transfer untuk group course - Item yet like somebody fill believe up.	accepted	2025-05-09 10:18:12
20	479340	Bukti transfer untuk group course - Answer war tax impact run special method break.	accepted	2025-07-30 07:00:47
21	2140797	\N	waiting	2024-05-09 21:30:50
22	2469251	Bukti transfer untuk group course - Strategy officer thus including.	rejected	2025-08-22 04:19:58
23	1033189	Bukti transfer untuk group course - Defense seek religious position speak television.	accepted	2025-08-02 01:18:31
24	2445145	Bukti transfer untuk group course - Clearly full around major.	accepted	2024-11-29 18:38:52
25	1638437	Bukti transfer untuk group course - Court prevent describe serious one.	accepted	2024-10-01 20:06:24
26	1124498	Bukti transfer untuk group course - Reduce they assume career technology production.	accepted	2025-03-02 19:24:26
27	1034136	Bukti transfer untuk group course - Even increase manage together manager son.	accepted	2025-01-19 10:29:05
28	728219	Bukti transfer untuk group course - Leg create building close eye accept reduce.	accepted	2025-10-07 17:28:35
29	199544	Bukti transfer untuk group course - Send bed what garden building first friend.	accepted	2025-01-15 02:22:45
30	2107538	Bukti transfer untuk group course - Law race in young. Guy red investment.	accepted	2025-09-06 13:16:43
31	1752224	Bukti transfer untuk group course - What hair here use agent.	accepted	2025-05-14 19:05:11
32	3505973	Bukti transfer untuk group course - Pattern last once.	accepted	2024-07-28 12:58:35
33	1126030	\N	waiting	2024-07-04 22:04:23
34	808739	Bukti transfer untuk group course - Line hour apply although stock contain above.	accepted	2024-12-20 01:19:45
35	3547178	Bukti transfer untuk group course - Discuss picture bar include stand speech work.	accepted	2025-04-26 09:10:48
36	1713649	Bukti transfer untuk group course - School everyone yard deal north common manager.	accepted	2025-05-31 22:02:49
37	868265	Bukti transfer untuk group course - Language yet sea explain for.	rejected	2024-06-18 03:41:05
38	282731	Bukti transfer untuk group course - Wide deal yard turn somebody.	accepted	2024-09-23 08:20:18
39	726402	Bukti transfer untuk group course - Eat social picture every product.	accepted	2024-12-08 22:17:41
40	2277728	Bukti transfer untuk group course - Those he often type sell.	accepted	2025-08-13 13:26:35
41	4016815	Bukti transfer untuk group course - Over plan resource trial measure former.	accepted	2024-11-22 04:25:53
42	1267857	\N	waiting	2024-09-09 06:09:03
43	2040410	Bukti transfer untuk group course - High rule contain early piece look believe.	rejected	2024-06-20 15:25:07
44	2428589	Bukti transfer untuk group course - Door drug alone.	accepted	2024-09-21 04:38:45
45	728085	Bukti transfer untuk group course - Option doctor necessary lose safe western kind.	accepted	2025-07-29 21:18:32
46	236711	Bukti transfer untuk group course - Staff senior color movie pattern once.	accepted	2025-05-15 18:17:53
47	1036993	Bukti transfer untuk group course - True bring per certainly mouth century.	accepted	2025-03-30 02:56:22
48	1621795	Bukti transfer untuk group course - Our game ground.	accepted	2025-06-06 01:44:59
49	2011236	Bukti transfer untuk group course - Quality west field they education activity place.	accepted	2025-01-11 08:12:57
50	2617479	Bukti transfer untuk group course - Yet do less hit billion pretty I.	accepted	2025-05-11 04:06:02
51	2279106	Bukti transfer untuk group course - Make foreign economic might fund.	rejected	2024-04-29 14:47:51
52	2257378	Bukti transfer untuk group course - Technology oil relationship carry.	accepted	2025-02-04 13:49:01
53	184806	Bukti transfer untuk group course - Note exactly life project.	accepted	2024-05-18 14:53:28
54	612101	Bukti transfer untuk group course - Increase once address say.	accepted	2025-05-02 04:21:02
55	1712755	\N	waiting	2024-10-10 08:34:50
56	516932	Bukti transfer untuk group course - Difficult professor pass economic recent full.	accepted	2025-10-05 00:13:32
57	1405946	Bukti transfer untuk group course - Order million start similar clear training.	accepted	2024-04-30 15:58:40
58	1519714	Bukti transfer untuk group course - Admit face bank modern whose identify.	accepted	2025-01-16 06:22:21
59	243343	Bukti transfer untuk group course - Final second beyond how air news might.	rejected	2025-09-07 03:22:36
60	1832151	Bukti transfer untuk group course - Mouth company share street.	accepted	2025-06-03 09:23:59
61	3041975	Bukti transfer untuk group course - Ahead remember program generation.	accepted	2025-01-14 13:50:30
62	1667015	Bukti transfer untuk group course - Pressure increase college hot.	accepted	2025-06-03 10:27:28
63	1115810	Bukti transfer untuk group course - Teach peace style.	accepted	2025-09-26 09:51:23
64	309486	Bukti transfer untuk group course - Place move beautiful mean.	accepted	2025-04-01 10:47:11
65	2707453	Bukti transfer untuk group course - Speech likely big billion everything.	rejected	2025-03-07 01:38:10
66	1010845	Bukti transfer untuk group course - Kid present gas speech interest rich just.	accepted	2024-10-07 12:12:27
67	721587	Bukti transfer untuk group course - Expert usually eat part society building.	accepted	2025-01-04 08:06:22
68	1637017	\N	waiting	2024-12-05 16:35:11
355	724241	\N	waiting	2025-08-23 03:48:45
69	2815774	Bukti transfer untuk group course - Budget worry art role entire.	accepted	2024-08-02 15:03:25
70	2415667	Bukti transfer untuk group course - Century night happy politics under process.	accepted	2024-10-10 00:56:59
71	942934	Bukti transfer untuk group course - Anyone special I talk. Cup matter because law.	accepted	2025-07-10 09:20:34
72	1536640	Bukti transfer untuk group course - Heart all able old environmental.	accepted	2025-10-04 08:22:57
73	2849709	Bukti transfer untuk group course - School long cover nor expect money.	accepted	2024-06-21 06:46:12
74	918587	\N	waiting	2024-12-20 08:53:38
75	2978644	Bukti transfer untuk group course - Pull special movie hope station.	accepted	2024-09-22 10:44:22
76	390822	Bukti transfer untuk group course - Painting physical medical.	accepted	2025-08-27 05:00:03
77	2442431	Bukti transfer untuk group course - Easy what indeed writer.	accepted	2024-05-02 02:11:30
78	844014	\N	waiting	2024-08-28 23:24:15
79	384329	\N	waiting	2025-09-30 22:47:08
80	3172547	Bukti transfer untuk group course - Whom such past light suffer book event at.	accepted	2025-03-14 21:16:21
81	1453488	Bukti transfer untuk group course - Indeed serve half choice.	accepted	2025-01-13 05:54:51
82	1375532	Bukti transfer untuk group course - Too customer goal.	accepted	2025-06-30 18:29:39
83	4503683	Bukti transfer untuk group course - Team author month as. Can seven you page central.	accepted	2025-07-17 07:13:10
84	2111305	\N	waiting	2024-06-27 09:10:21
85	1574455	Bukti transfer untuk group course - Surface direction subject college.	accepted	2025-01-03 23:05:04
86	3010715	Bukti transfer untuk group course - Field we interest stay me.	accepted	2024-06-04 12:41:05
87	1449061	Bukti transfer untuk group course - Somebody we sit example look.	rejected	2024-12-25 18:34:09
88	1151505	Bukti transfer untuk group course - Work cost detail industry.	accepted	2025-04-05 11:27:55
89	1090176	Bukti transfer untuk group course - Nearly people operation draw.	accepted	2025-05-30 14:43:35
90	894335	Bukti transfer untuk group course - Side important shake eye financial reveal.	accepted	2025-08-28 02:49:25
91	1459255	\N	waiting	2025-05-13 00:46:55
92	1374151	Bukti transfer untuk group course - Edge bag blue break successful exist.	rejected	2024-06-07 07:39:46
93	1208893	Bukti transfer untuk group course - Agency body concern fast.	accepted	2025-04-17 07:48:08
94	1651703	Bukti transfer untuk group course - Large their land if.	accepted	2025-07-03 17:08:06
95	1302809	Bukti transfer untuk group course - Direction address could agent can us less.	accepted	2025-01-27 01:01:54
96	1721067	Bukti transfer untuk group course - Purpose stock parent population.	accepted	2024-11-14 23:15:57
97	4027470	Bukti transfer untuk group course - Here charge support dream.	accepted	2024-06-20 17:22:29
98	1125081	Bukti transfer untuk group course - Game allow charge glass.	accepted	2024-06-26 08:43:45
99	1052965	Bukti transfer untuk group course - Approach effort measure someone happy move serve.	accepted	2025-09-24 04:42:12
100	819539	\N	waiting	2024-08-02 07:30:32
101	3517929	Bukti transfer untuk group course - Cover three cause media model.	accepted	2024-11-12 18:50:30
102	1436417	\N	waiting	2024-04-30 00:52:58
103	2133798	Bukti transfer untuk group course - Offer spring memory respond lay trade generation.	accepted	2024-12-25 15:21:10
104	2410487	Bukti transfer untuk group course - Rise kitchen situation away yes oil always.	rejected	2025-08-20 15:02:06
105	635462	Bukti transfer untuk group course - Power whether free notice boy both.	accepted	2024-12-04 21:42:50
106	881581	\N	waiting	2025-02-12 13:11:49
107	1536491	Bukti transfer untuk group course - Day central pick cover. Somebody pass office.	accepted	2025-04-06 18:30:43
108	1590933	Bukti transfer untuk group course - Five particularly middle war goal.	accepted	2024-09-14 23:15:21
109	1809556	Bukti transfer untuk group course - Time effect water. At low once level too.	accepted	2025-04-02 13:31:44
110	390973	Bukti transfer untuk group course - How like hard walk officer strategy door human.	accepted	2024-06-08 16:37:52
111	495078	Bukti transfer untuk group course - Effort chair foot figure may.	accepted	2024-06-20 15:55:25
112	2738388	Bukti transfer untuk group course - Close drop agent true.	accepted	2025-08-02 06:30:04
113	2053199	Bukti transfer untuk group course - Yourself forget particular vote likely family.	accepted	2025-03-02 21:25:24
114	1937474	Bukti transfer untuk group course - Professional science cost ball or dog.	accepted	2025-09-14 05:48:35
115	1710263	Bukti transfer untuk group course - Material lawyer leader story majority news.	accepted	2024-10-27 14:05:09
116	773687	Bukti transfer untuk group course - Agency game consider better bad or high.	accepted	2024-12-11 07:36:37
117	1548982	Bukti transfer untuk group course - Sort throw person significant.	accepted	2024-11-08 14:13:45
118	3152886	Bukti transfer untuk group course - Million set sound leader.	accepted	2025-03-14 13:57:30
119	670195	Bukti transfer untuk group course - Six direction game think other.	accepted	2025-05-02 09:43:46
120	2127955	Bukti transfer untuk group course - City agreement stay hold.	accepted	2025-01-21 01:28:06
121	448379	Bukti transfer untuk group course - Television society manager though.	accepted	2024-07-01 18:47:48
122	3048207	Bukti transfer untuk group course - Water where issue yard hot order.	accepted	2024-07-15 01:45:43
123	3035002	Bukti transfer untuk group course - Serve popular identify apply adult gun.	accepted	2024-10-16 04:45:40
124	291226	Bukti transfer untuk group course - Some style light miss show. Build main near.	rejected	2024-06-05 17:06:48
125	234448	Bukti transfer untuk group course - Term major about thank movie him daughter box.	rejected	2025-08-30 05:44:17
126	1503220	Bukti transfer untuk group course - May fund imagine.	accepted	2025-02-13 10:45:03
127	1384818	\N	waiting	2025-03-19 02:24:23
128	3183904	Bukti transfer untuk group course - Dark special speech maybe hard above large.	accepted	2025-03-31 15:14:10
129	522608	\N	waiting	2024-12-10 18:09:35
130	880433	Bukti transfer untuk group course - Fill significant measure American.	accepted	2025-06-24 07:21:04
131	624385	\N	waiting	2024-08-13 05:11:29
132	1033919	\N	waiting	2024-10-08 11:31:56
133	1920344	\N	waiting	2024-07-15 09:48:47
134	4005298	Bukti transfer untuk group course - Yes rate plan day east however.	accepted	2025-09-08 17:36:12
135	2849291	Bukti transfer untuk group course - Society watch fish above family success.	accepted	2024-06-12 20:13:45
136	605147	Bukti transfer untuk group course - Anything at economy reflect center along now.	accepted	2025-01-02 11:10:13
137	3040420	Bukti transfer untuk group course - Night billion group loss mouth ball.	accepted	2025-09-07 13:55:08
138	949571	Bukti transfer untuk group course - Follow down back economic that.	accepted	2024-12-10 16:39:32
139	381768	Bukti transfer untuk group course - Market no serve find.	accepted	2025-07-24 01:28:05
140	687123	Bukti transfer untuk group course - Ten upon single feeling government prepare care.	accepted	2025-06-07 22:16:23
141	585984	Bukti transfer untuk group course - Of show evening who one.	accepted	2024-08-13 08:33:28
726	445201	\N	waiting	2025-03-12 10:35:28
142	581188	Bukti transfer untuk group course - Billion project someone. Indicate voice yard.	accepted	2025-08-07 15:26:34
143	2013852	Bukti transfer untuk group course - Item training wide expert.	rejected	2025-05-12 06:14:14
144	1359507	Bukti transfer untuk group course - Most else issue.	accepted	2024-05-16 04:27:51
145	229700	Bukti transfer untuk group course - Rate talk make prove fly.	accepted	2025-03-25 04:58:52
146	1308255	Bukti transfer untuk group course - Rich economy item cut.	accepted	2024-07-20 09:16:52
147	527159	Bukti transfer untuk group course - Ahead play business officer fish.	accepted	2024-07-17 21:39:05
148	2200580	Bukti transfer untuk group course - Follow power indicate we newspaper break.	rejected	2024-06-24 20:53:49
149	903978	Bukti transfer untuk group course - Guy old name third wide claim oil.	accepted	2024-05-01 05:28:40
150	3242667	Bukti transfer untuk group course - Employee recent father clear marriage how.	accepted	2025-06-10 00:07:04
151	1088170	\N	waiting	2025-08-20 12:38:43
152	1485845	Bukti transfer untuk group course - Message clear out claim score mission.	accepted	2025-01-09 17:43:55
153	248973	Bukti transfer untuk group course - Perhaps people happen back beat raise stay.	rejected	2024-07-08 02:43:40
154	1528094	Bukti transfer untuk group course - Far condition skin statement big reduce.	accepted	2025-06-04 21:18:58
155	3190994	Bukti transfer untuk group course - Think show modern hair our.	accepted	2024-05-07 21:00:29
156	1591588	Bukti transfer untuk group course - Light purpose beautiful rise eat.	rejected	2024-06-19 21:59:35
157	1847075	Bukti transfer untuk group course - Plant similar may perform system.	accepted	2024-11-10 02:32:52
158	2735105	Bukti transfer untuk group course - Trial personal glass staff list discuss move.	accepted	2024-06-15 05:19:40
159	2175677	Bukti transfer untuk group course - Role day American Congress always buy upon.	accepted	2025-05-10 13:02:37
160	1486432	Bukti transfer untuk group course - Gun TV add turn sense summer baby.	accepted	2024-09-06 20:15:25
161	2297398	Bukti transfer untuk group course - House at health effort hand board spend who.	accepted	2025-03-26 15:16:19
162	1845737	Bukti transfer untuk group course - Budget finish for cost suffer fund.	accepted	2025-03-19 03:56:51
163	325809	Bukti transfer untuk group course - Cut threat development drive.	accepted	2025-02-10 04:21:35
164	777001	Bukti transfer untuk group course - Exactly five space poor charge night.	accepted	2024-12-26 09:55:39
165	1103987	Bukti transfer untuk group course - Throw expect language thus show any.	accepted	2025-03-20 10:35:01
166	2395041	Bukti transfer untuk group course - Father future leave represent ten.	accepted	2024-06-26 21:09:49
167	1751835	Bukti transfer untuk group course - Second onto ball find compare sport wait.	accepted	2024-06-20 15:59:35
168	1277388	Bukti transfer untuk group course - Blue well method they.	accepted	2024-06-04 23:47:25
169	3511009	Bukti transfer untuk group course - Check agree to growth scene.	rejected	2024-08-09 22:07:08
170	3451577	Bukti transfer untuk group course - A computer significant whether future skill road.	rejected	2025-08-15 08:20:37
171	807669	Bukti transfer untuk group course - Against account less.	accepted	2025-05-02 07:05:42
172	1927066	Bukti transfer untuk group course - Standard economic book soon child.	accepted	2024-06-04 20:53:20
173	407215	Bukti transfer untuk group course - Voice color necessary rest technology fine.	accepted	2025-06-01 08:02:41
174	1311630	Bukti transfer untuk group course - Agreement common consumer final part difficult.	accepted	2025-05-14 19:33:08
175	2709137	\N	waiting	2024-05-08 13:21:30
176	2212956	Bukti transfer untuk group course - Thought room trouble beyond girl move man drop.	accepted	2025-07-28 03:23:06
177	1061260	Bukti transfer untuk group course - Century often industry music then manager much.	accepted	2025-01-13 15:11:11
178	1465288	Bukti transfer untuk group course - Could night partner style physical conference.	accepted	2024-12-29 03:37:08
179	676272	Bukti transfer untuk group course - Whether treatment break you structure face.	accepted	2024-11-26 09:47:04
180	708075	Bukti transfer untuk group course - Laugh current large computer.	accepted	2025-03-30 22:23:27
181	762925	\N	waiting	2025-05-27 11:06:39
182	915670	Bukti transfer untuk group course - Whom will address grow car argue.	accepted	2025-01-25 21:17:01
183	728807	Bukti transfer untuk group course - Sense dinner democratic mind want.	accepted	2025-06-14 04:38:50
184	700937	\N	waiting	2024-10-30 21:24:08
185	569405	Bukti transfer untuk group course - Themselves nor ground simple instead.	accepted	2025-10-08 01:14:10
186	2710878	Bukti transfer untuk group course - Report future exist card claim you.	accepted	2024-06-14 23:58:50
187	265937	Bukti transfer untuk group course - Movement them all player.	accepted	2025-09-27 18:04:33
188	2035222	Bukti transfer untuk group course - Hospital may store control sure time society.	accepted	2025-08-20 23:18:54
189	2735487	Bukti transfer untuk group course - Let appear before prevent result.	accepted	2024-10-17 20:06:34
190	612721	\N	waiting	2024-12-23 00:02:29
191	1243191	Bukti transfer untuk group course - Perhaps night top almost.	accepted	2025-02-05 09:56:42
192	2535175	Bukti transfer untuk group course - Subject teacher rather arrive service in game.	accepted	2025-05-30 10:38:19
193	725556	Bukti transfer untuk group course - Past tonight forward travel enough article act.	accepted	2024-09-16 23:28:06
194	635900	Bukti transfer untuk group course - Ask painting method firm decide city player.	rejected	2024-07-08 09:56:13
195	2526246	\N	waiting	2025-04-08 09:51:49
196	221032	Bukti transfer untuk group course - Boy scientist or.	accepted	2025-09-18 13:57:55
197	4512997	Bukti transfer untuk group course - Say good letter church.	accepted	2024-11-06 04:35:02
198	1203744	\N	waiting	2024-10-31 01:49:18
199	2706186	Bukti transfer untuk group course - Raise article clear.	accepted	2024-11-18 02:10:51
200	3177780	Bukti transfer untuk group course - Trial mention history put court direction.	accepted	2025-04-28 00:13:31
201	911612	Bukti transfer untuk group course - Account break up say account explain.	accepted	2025-09-08 19:01:04
202	1840619	Bukti transfer untuk group course - Commercial plan home contain or key.	accepted	2025-09-10 22:54:36
203	2262794	Bukti transfer untuk group course - Huge back reach dog course when home TV.	accepted	2025-01-13 16:23:17
204	578300	Bukti transfer untuk group course - In hot report voice.	accepted	2025-09-16 22:02:32
205	2015383	Bukti transfer untuk group course - Safe take close start series administration.	rejected	2024-07-09 14:29:52
206	1085731	Bukti transfer untuk group course - Person eat myself note catch audience.	accepted	2025-09-18 08:34:48
207	462117	Bukti transfer untuk group course - Use buy energy win amount.	accepted	2025-09-12 02:44:22
208	1268697	\N	waiting	2025-02-28 16:43:57
209	747446	Bukti transfer untuk group course - Message result program could eat no.	accepted	2024-06-14 06:28:55
210	2813891	Bukti transfer untuk group course - Color statement dream message concern.	accepted	2025-06-08 18:18:08
211	241814	Bukti transfer untuk group course - Level night pretty successful.	accepted	2025-05-09 18:30:21
212	525718	Bukti transfer untuk group course - Soon fear future cover degree available.	accepted	2024-07-16 07:50:55
213	2439989	Bukti transfer untuk group course - Quality his list.	accepted	2025-01-18 18:26:06
214	3610240	Bukti transfer untuk group course - Agent reveal candidate guy young night style.	accepted	2024-11-16 22:17:25
215	2736234	Bukti transfer untuk group course - Long social ok debate water good.	accepted	2025-10-03 11:06:12
216	513121	Bukti transfer untuk group course - Nice against not market into issue worry.	accepted	2025-01-12 12:50:41
217	345280	Bukti transfer untuk group course - Grow staff way star. Lot my week team page.	accepted	2024-05-16 03:51:44
218	2062815	Bukti transfer untuk group course - Billion force science son.	accepted	2024-11-16 04:02:45
219	2735643	Bukti transfer untuk group course - Them city road interesting road.	accepted	2025-02-08 19:00:00
220	1230943	Bukti transfer untuk group course - Through language until before dinner.	accepted	2025-02-23 02:43:36
221	1566049	Bukti transfer untuk group course - Administration seek attorney position.	accepted	2025-01-24 00:34:38
222	1280395	Bukti transfer untuk group course - Vote apply suddenly finish water.	accepted	2025-09-05 17:08:00
223	2960378	Bukti transfer untuk group course - Where thus kid record. Himself stock behavior.	accepted	2025-06-15 16:20:13
224	1389081	Bukti transfer untuk group course - Particular thing amount into.	accepted	2024-05-22 00:35:20
225	909750	Bukti transfer untuk group course - Table include term none lot job whose.	accepted	2024-09-08 06:46:08
226	309392	Bukti transfer untuk group course - Design dark body professor year.	rejected	2025-06-07 09:52:07
227	775334	Bukti transfer untuk group course - Party person carry particularly loss.	rejected	2025-06-11 08:39:25
228	1769261	\N	waiting	2025-05-25 02:28:09
229	3645011	Bukti transfer untuk group course - Environment keep guess example.	accepted	2025-10-08 15:24:04
230	1294084	Bukti transfer untuk group course - Shake deep right. Radio area ahead human.	accepted	2025-05-29 19:00:13
231	1052958	Bukti transfer untuk group course - National site race.	accepted	2025-10-06 10:25:41
232	762231	Bukti transfer untuk group course - Somebody author agent fight there occur relate.	accepted	2025-06-02 16:42:24
233	1828299	Bukti transfer untuk group course - Church education president because paper finally.	accepted	2024-08-07 22:21:50
234	2730751	Bukti transfer untuk group course - Own thus guess message question with.	accepted	2024-07-17 04:20:46
235	759708	Bukti transfer untuk group course - In start near few. Forget author article tell.	accepted	2025-02-17 22:44:37
236	1472392	Bukti transfer untuk group course - Shake necessary surface read.	rejected	2024-09-07 02:07:29
237	2435893	Bukti transfer untuk group course - Possible serve account.	accepted	2024-11-11 19:52:15
238	1236078	Bukti transfer untuk group course - Sense listen paper. Process military easy.	accepted	2025-03-16 08:20:24
239	1023797	Bukti transfer untuk group course - Choice address attorney turn cell case poor.	rejected	2025-05-30 14:45:20
240	218821	Bukti transfer untuk group course - Far per fly owner. List stop tonight school.	accepted	2024-07-01 17:41:56
241	2266137	Bukti transfer untuk group course - Your move simply. Participant focus term step.	accepted	2024-05-31 21:56:02
242	397028	Bukti transfer untuk group course - Coach resource authority almost.	accepted	2024-10-20 01:22:44
243	1935292	Bukti transfer untuk group course - Weight very hotel position choice along.	rejected	2025-03-04 05:51:27
244	1259859	Bukti transfer untuk group course - Community bad themselves society order.	accepted	2024-05-10 02:03:06
245	676864	Bukti transfer untuk group course - Impact skin board professional blood.	accepted	2025-01-28 04:18:54
246	5041639	Bukti transfer untuk group course - Turn today these success partner.	accepted	2025-05-26 04:06:27
247	3370746	Bukti transfer untuk group course - Tax finally explain ahead.	rejected	2024-11-03 21:11:16
248	2026522	Bukti transfer untuk group course - Paper edge return sit. Piece may box purpose in.	accepted	2025-08-24 22:07:11
249	1600483	Bukti transfer untuk group course - Receive identify art describe account.	accepted	2025-03-08 12:31:40
250	3826861	\N	waiting	2025-07-16 16:22:10
251	2816413	Bukti transfer untuk group course - Sense person fear develop.	accepted	2024-07-30 17:30:01
252	246159	Bukti transfer untuk group course - Study property it message do price.	rejected	2024-12-04 14:40:04
253	1389054	\N	waiting	2024-11-20 08:35:15
254	1093714	\N	waiting	2025-08-15 23:13:47
255	519961	Bukti transfer untuk group course - Strategy story ok public.	accepted	2024-12-25 01:42:26
256	1341803	\N	waiting	2024-08-04 17:08:44
257	2815142	Bukti transfer untuk group course - Pressure difficult attention until all probably.	accepted	2025-06-12 16:45:54
258	1051087	Bukti transfer untuk group course - Why environment lay hand certain choice.	accepted	2025-03-14 04:03:04
259	2422651	Bukti transfer untuk group course - Spring happy down. Summer degree seat.	accepted	2025-05-28 14:34:38
260	887287	Bukti transfer untuk group course - President book build great.	accepted	2024-07-23 14:28:48
261	1313205	Bukti transfer untuk group course - Realize Congress up everybody water political.	accepted	2024-11-10 21:29:20
262	859973	Bukti transfer untuk group course - It himself article language affect hundred.	accepted	2024-09-19 06:44:06
263	1785637	Bukti transfer untuk group course - All forget important sport future.	accepted	2024-06-05 05:24:32
264	4086401	Bukti transfer untuk group course - There lay speech system. Air not what election.	accepted	2024-07-03 10:23:05
265	548317	Bukti transfer untuk group course - Son trial glass foot.	accepted	2024-05-29 22:16:41
266	1260011	Bukti transfer untuk group course - Share can eye try seven or management.	accepted	2025-07-07 06:24:47
267	3249464	Bukti transfer untuk group course - Decide partner leave her item perform.	accepted	2025-04-21 20:05:42
268	2292217	Bukti transfer untuk group course - Bank enter think sure race. Coach available know.	accepted	2024-05-12 23:11:14
269	490992	\N	waiting	2025-02-08 07:17:46
270	919652	Bukti transfer untuk group course - State both amount goal final sense.	accepted	2025-09-20 11:19:10
271	677540	Bukti transfer untuk group course - Detail laugh test information stage few place.	accepted	2024-06-10 14:54:11
272	1120036	Bukti transfer untuk group course - Beat author authority. Strong note yet role.	accepted	2025-07-27 15:03:23
273	3828871	Bukti transfer untuk group course - Six animal past church control anyone.	accepted	2025-09-14 03:57:33
274	618139	Bukti transfer untuk group course - Team yard Congress since agree piece fill.	accepted	2025-02-26 22:32:20
275	722990	Bukti transfer untuk group course - Whole authority two risk stay against allow.	accepted	2025-05-05 06:29:29
276	3508918	Bukti transfer untuk group course - Participant sport ever share capital.	accepted	2025-08-06 19:26:26
277	2296746	\N	waiting	2025-07-24 14:17:50
278	2452870	\N	waiting	2024-08-12 08:45:31
279	1489651	\N	waiting	2024-06-19 21:05:42
280	1564285	\N	waiting	2025-07-27 02:51:25
281	690105	Bukti transfer untuk group course - Himself situation year six far.	accepted	2024-08-14 04:33:04
282	2481562	Bukti transfer untuk group course - Between only early fly.	rejected	2025-05-03 04:07:16
283	1802827	Bukti transfer untuk group course - Popular why compare buy wait.	accepted	2025-06-29 07:07:08
284	4506042	Bukti transfer untuk group course - Ball might remain fight its hear.	rejected	2025-07-13 16:00:13
285	905303	Bukti transfer untuk group course - Bill particular often hear. Six increase drop.	rejected	2025-06-15 20:32:34
286	726907	Bukti transfer untuk group course - Exactly success imagine political decade cell.	accepted	2025-02-04 05:08:55
287	4057968	\N	waiting	2025-08-27 10:22:27
288	438102	Bukti transfer untuk group course - Only choice cup artist hundred customer assume.	accepted	2024-09-04 06:24:55
289	2124379	Bukti transfer untuk group course - Increase half take word physical total result.	accepted	2024-09-09 06:22:12
290	2224540	Bukti transfer untuk group course - Western social allow rich age. Like fall surface.	accepted	2025-08-20 02:03:39
291	1813183	Bukti transfer untuk group course - Forward both natural book very behavior owner.	accepted	2024-12-16 07:48:51
292	308898	Bukti transfer untuk group course - Pass stay set.	accepted	2025-04-06 01:16:47
293	1331654	Bukti transfer untuk group course - Spend enough expert large the human investment.	accepted	2024-12-05 14:23:13
294	1629505	Bukti transfer untuk group course - Large easy different just community.	accepted	2025-02-07 05:36:39
295	2437996	Bukti transfer untuk group course - Them charge first maintain despite office.	accepted	2024-11-06 08:21:00
296	2454055	Bukti transfer untuk group course - Eat democratic career drop Mrs movie situation.	accepted	2025-05-23 01:57:39
297	670271	\N	waiting	2025-02-25 15:14:24
298	3816082	Bukti transfer untuk group course - Look north area nothing.	rejected	2024-10-31 18:55:52
299	1811959	Bukti transfer untuk group course - Camera argue catch plant purpose.	accepted	2024-07-03 04:58:09
300	2267334	Bukti transfer untuk group course - Fall picture four there with form generation.	accepted	2024-06-04 16:17:46
301	1854776	Bukti transfer untuk group course - In let small too traditional.	accepted	2024-11-11 04:05:42
302	1763210	Bukti transfer untuk group course - Another particularly value form.	accepted	2025-04-01 21:04:00
303	634858	Bukti transfer untuk group course - Free per power can one.	accepted	2024-10-26 23:39:07
304	1360351	Bukti transfer untuk group course - Ok decision perform skin ask smile.	accepted	2025-02-08 10:53:58
305	2425010	Bukti transfer untuk group course - Chair yard understand PM of personal.	accepted	2024-08-08 09:52:01
306	1416648	Bukti transfer untuk group course - Occur probably her long consumer method.	accepted	2024-09-14 11:30:17
307	4044709	\N	waiting	2024-07-13 06:34:20
308	1517733	Bukti transfer untuk group course - Nothing best down find education vote science.	accepted	2025-03-18 14:15:05
309	1110910	Bukti transfer untuk group course - Indeed character every son.	accepted	2025-10-02 18:40:29
310	1523964	Bukti transfer untuk group course - Nation when relationship.	rejected	2025-06-21 19:30:50
311	495234	Bukti transfer untuk group course - Class those let law president.	rejected	2025-06-14 07:18:55
312	380357	\N	waiting	2025-04-17 01:47:07
313	1927216	Bukti transfer untuk group course - Practice theory back than common.	accepted	2024-05-24 16:54:21
314	2023700	Bukti transfer untuk group course - Court view method house government stage.	accepted	2024-06-25 13:48:02
315	540931	Bukti transfer untuk group course - Discuss section listen low blue race.	rejected	2025-09-18 13:11:10
316	724486	Bukti transfer untuk group course - Pick daughter especially drive.	rejected	2024-09-25 14:54:03
317	702397	\N	waiting	2025-03-28 18:09:39
318	577217	Bukti transfer untuk group course - Cost leave ok. Offer issue key almost most media.	accepted	2024-09-20 23:09:19
319	1054690	Bukti transfer untuk group course - Break system defense national.	rejected	2025-10-08 18:13:11
320	259404	Bukti transfer untuk group course - Could usually across during ten.	accepted	2024-08-26 11:39:09
321	2511241	Bukti transfer untuk group course - Trade together whose authority sister practice.	accepted	2024-08-31 01:00:33
322	1810989	Bukti transfer untuk group course - Today sit present finish common.	rejected	2024-11-11 04:52:40
323	935534	Bukti transfer untuk group course - Many here write including office name site.	accepted	2024-10-25 20:13:52
324	818186	\N	waiting	2025-05-15 23:12:41
325	528541	Bukti transfer untuk group course - Run character world scene room. Like wide sign.	accepted	2025-05-08 23:43:35
326	3183445	Bukti transfer untuk group course - Room network animal price discussion just wear.	accepted	2024-10-01 10:50:01
327	1545837	Bukti transfer untuk group course - Billion feel already.	accepted	2024-09-18 14:01:29
328	2271231	Bukti transfer untuk group course - Even never when.	accepted	2025-09-02 00:00:05
329	1297458	\N	waiting	2024-05-22 18:44:03
330	702526	Bukti transfer untuk group course - Simple go wear along base. Him walk and may.	accepted	2025-07-31 18:33:37
331	607231	Bukti transfer untuk group course - Agent hotel window foot western suffer day.	accepted	2025-07-16 07:33:03
332	701774	Bukti transfer untuk group course - Between option program common name here old.	accepted	2024-08-06 02:15:22
333	2049132	\N	waiting	2025-07-06 10:56:14
334	1110086	Bukti transfer untuk group course - Accept place space. Carry evening region apply.	accepted	2025-03-14 15:25:46
335	3439602	Bukti transfer untuk group course - Tell type prove what political scientist.	rejected	2024-05-24 13:55:52
336	530819	Bukti transfer untuk group course - Art black form exist paper foreign notice.	accepted	2024-05-11 22:26:44
337	2428919	Bukti transfer untuk group course - Join herself region perhaps blue thought clear.	accepted	2025-04-18 19:13:46
338	4208678	\N	waiting	2024-09-20 09:38:18
339	853874	Bukti transfer untuk group course - Wind reality attack cultural health source.	rejected	2024-12-24 05:33:10
340	1017152	Bukti transfer untuk group course - Kind alone set scientist scene.	accepted	2024-08-30 09:26:54
341	1843570	Bukti transfer untuk group course - Sing or today charge.	accepted	2025-05-09 17:30:54
342	649454	Bukti transfer untuk group course - Environmental product space cell help career.	accepted	2025-09-02 00:35:15
343	1519347	\N	waiting	2025-01-26 10:22:03
344	2116227	Bukti transfer untuk group course - Set bill alone front situation mind.	accepted	2025-06-08 05:33:19
345	471388	Bukti transfer untuk group course - Property draw everyone avoid although.	rejected	2025-04-18 13:50:33
346	1152181	Bukti transfer untuk group course - Agency happy program serve radio bring never.	rejected	2025-09-03 13:39:56
347	1754753	Bukti transfer untuk group course - If return who when create all.	accepted	2025-09-06 12:15:12
348	694775	Bukti transfer untuk group course - Personal figure allow front.	accepted	2025-02-22 00:29:50
349	603858	Bukti transfer untuk group course - Art choose on see spring yourself.	accepted	2024-05-29 22:49:25
350	947217	Bukti transfer untuk group course - Maybe wide them catch must hard production.	accepted	2024-11-21 23:58:31
351	211103	\N	waiting	2024-05-14 20:36:58
352	3397671	Bukti transfer untuk group course - Chair that treatment modern.	accepted	2024-05-29 02:06:23
353	2433504	\N	waiting	2025-03-17 18:31:59
354	1845473	Bukti transfer untuk group course - Like throughout be room stuff box prove.	accepted	2024-07-31 14:11:33
356	1403193	Bukti transfer untuk group course - Every central past thus herself.	accepted	2025-04-07 22:38:49
357	2731868	\N	waiting	2025-03-10 20:48:56
358	1695359	Bukti transfer untuk group course - Leader term many.	rejected	2025-09-13 05:56:49
359	617993	Bukti transfer untuk group course - Threat yard few. Save three tell outside else.	accepted	2024-10-03 09:32:08
360	3603447	Bukti transfer untuk group course - Seven daughter last board middle level respond.	accepted	2024-06-06 16:45:00
361	883469	Bukti transfer untuk group course - Business share sing hold beautiful treat girl if.	accepted	2025-07-07 17:56:36
362	1259283	Bukti transfer untuk group course - Certain easy only kid card stuff less.	accepted	2024-11-13 16:37:13
363	690299	Bukti transfer untuk group course - Affect plant that weight.	accepted	2025-05-23 09:18:58
364	2128974	\N	waiting	2024-06-06 00:54:51
365	1291258	Bukti transfer untuk group course - Believe treatment claim candidate.	accepted	2024-09-23 20:11:41
366	494949	Bukti transfer untuk group course - Various onto something season hair.	accepted	2025-05-04 23:48:58
367	1378748	Bukti transfer untuk group course - Simply worry assume throughout moment.	accepted	2025-02-08 02:56:20
368	1510435	Bukti transfer untuk group course - Have leg beyond success.	accepted	2025-02-18 05:08:46
369	1205363	Bukti transfer untuk group course - Old suddenly get large which father.	rejected	2024-08-16 22:19:24
370	2263051	\N	waiting	2025-01-09 19:58:48
371	1440995	Bukti transfer untuk group course - Member doctor go dinner of.	rejected	2025-02-24 04:53:01
372	1216684	Bukti transfer untuk group course - Before seek kitchen allow.	accepted	2024-11-30 18:57:01
373	414575	Bukti transfer untuk group course - Hour run positive reveal clearly week sound.	accepted	2024-11-24 11:02:44
374	297641	Bukti transfer untuk group course - Goal able build.	rejected	2024-06-21 11:39:01
375	1532561	Bukti transfer untuk group course - Remain home center also.	accepted	2025-02-28 14:04:11
376	700532	Bukti transfer untuk group course - Change enter century sign find history whose.	accepted	2024-06-05 05:04:34
377	498273	Bukti transfer untuk group course - Certain actually test score role.	accepted	2024-08-28 08:04:41
378	471684	Bukti transfer untuk group course - Shake practice present.	accepted	2025-08-13 05:39:09
379	214347	Bukti transfer untuk group course - Do up media rise.	accepted	2024-06-22 06:49:40
380	1409891	Bukti transfer untuk group course - Bank several entire care degree all.	accepted	2025-01-23 15:59:57
381	2019870	Bukti transfer untuk group course - Discover firm require media.	accepted	2024-08-01 06:42:34
382	375228	\N	waiting	2024-10-15 21:41:19
383	2081587	Bukti transfer untuk group course - Room gun reflect interest side including.	accepted	2025-03-15 01:57:32
384	1560434	Bukti transfer untuk group course - Mission everything century husband.	accepted	2025-07-09 16:27:41
385	378871	Bukti transfer untuk group course - Way team wear guess building.	accepted	2025-02-27 23:41:50
386	514526	Bukti transfer untuk group course - Herself among of decade think.	accepted	2024-05-02 10:06:26
387	1531752	Bukti transfer untuk group course - Store somebody oil church.	accepted	2025-04-25 06:49:10
388	1776726	Bukti transfer untuk group course - Rich right visit prove operation young.	accepted	2024-11-29 07:55:59
389	1830161	\N	waiting	2025-06-02 09:34:47
390	1715444	Bukti transfer untuk group course - Use concern rich part receive soldier size.	accepted	2024-10-30 11:49:07
391	752391	Bukti transfer untuk group course - In a they political trial none.	accepted	2024-12-15 03:15:21
392	2004542	Bukti transfer untuk group course - Pick audience score.	accepted	2024-06-16 12:47:49
393	797527	Bukti transfer untuk group course - Skin somebody central road third.	accepted	2025-05-28 20:46:32
394	308088	\N	waiting	2025-01-12 01:11:51
395	2547530	Bukti transfer untuk group course - Front pass successful project third.	accepted	2024-05-05 19:21:59
396	2024721	Bukti transfer untuk group course - Game thousand meet rock box.	accepted	2024-12-31 04:12:57
397	196535	Bukti transfer untuk group course - Over plant on still real.	accepted	2025-09-08 14:08:19
398	475412	\N	waiting	2025-04-27 20:37:14
399	2729831	\N	waiting	2025-02-23 01:43:50
400	411449	Bukti transfer untuk group course - Eight ago draw.	accepted	2025-04-24 05:17:39
401	832104	Bukti transfer untuk group course - Between usually never until. Bill door concern.	rejected	2024-12-14 21:58:58
402	545765	Bukti transfer untuk group course - Human cup lead loss tonight article.	accepted	2025-09-16 22:43:13
403	633784	Bukti transfer untuk group course - Dream miss concern exist program involve.	rejected	2024-05-25 19:51:44
404	3506087	Bukti transfer untuk group course - Personal life my edge science.	accepted	2025-02-15 03:09:22
405	1359393	Bukti transfer untuk group course - Those today case prove together.	accepted	2024-09-20 22:29:11
406	492072	\N	waiting	2024-10-26 14:32:05
407	507466	Bukti transfer untuk group course - Decision at beyond story.	rejected	2025-02-20 11:55:38
408	1787360	Bukti transfer untuk group course - Individual forward participant base guess.	accepted	2025-09-22 17:37:42
409	2231651	Bukti transfer untuk group course - Picture road form strategy.	accepted	2025-06-24 10:46:11
410	2349068	Bukti transfer untuk group course - Result treatment ready best particular.	accepted	2025-09-18 17:55:19
411	1261609	Bukti transfer untuk group course - Force them human.	accepted	2025-01-19 12:50:05
412	741608	Bukti transfer untuk group course - Mother between specific bring agreement.	accepted	2024-05-29 08:45:53
413	2190157	\N	waiting	2024-11-02 22:40:40
414	1512478	Bukti transfer untuk group course - Many join help prevent.	accepted	2024-12-25 11:32:23
415	1802109	Bukti transfer untuk group course - Their south back ground tough.	accepted	2024-05-21 07:57:32
416	910569	\N	waiting	2025-02-06 22:46:09
417	2709393	\N	waiting	2024-06-22 11:57:50
418	1706323	Bukti transfer untuk group course - Participant various night. Break company yard.	accepted	2025-01-05 16:49:04
419	847547	Bukti transfer untuk group course - Read hand force sit maybe while.	accepted	2025-09-17 01:51:48
420	560082	Bukti transfer untuk group course - Glass issue professor contain.	accepted	2024-07-13 07:15:35
421	406361	\N	waiting	2025-09-09 11:54:23
422	1268984	\N	waiting	2025-03-02 02:12:13
423	220282	Bukti transfer untuk group course - Resource my energy character glass call billion.	accepted	2025-08-20 12:55:57
424	1221300	Bukti transfer untuk group course - Every front style. Per only international drive.	accepted	2024-08-17 19:36:11
425	1436561	Bukti transfer untuk group course - Leader indeed ago medical.	rejected	2025-06-30 04:10:37
426	1374866	Bukti transfer untuk group course - Girl as more serious music.	accepted	2024-09-27 18:10:00
427	1898839	Bukti transfer untuk group course - Young product list tough occur.	accepted	2025-02-05 03:27:58
428	1213967	Bukti transfer untuk group course - Wish marriage bar product citizen city.	accepted	2024-06-28 17:21:51
429	233863	Bukti transfer untuk group course - We wind certain just treatment.	accepted	2024-08-14 09:37:03
430	746981	Bukti transfer untuk group course - Along market he here strategy act government.	accepted	2024-05-24 00:31:38
431	260872	Bukti transfer untuk group course - Employee police now whom decision real.	accepted	2025-03-01 08:20:24
432	819803	Bukti transfer untuk group course - Set price reach partner.	accepted	2025-04-04 18:41:50
433	2289464	Bukti transfer untuk group course - This often commercial huge.	accepted	2024-08-16 08:39:14
434	2296769	Bukti transfer untuk group course - How dark tell. Growth top option these.	accepted	2025-04-20 08:59:32
435	3040472	\N	waiting	2024-11-17 21:13:57
436	460130	Bukti transfer untuk group course - Whom may agree exist weight between most program.	accepted	2025-09-09 11:13:27
437	2176262	\N	waiting	2025-02-24 12:13:59
438	2283185	Bukti transfer untuk group course - Mouth identify popular view financial whatever.	accepted	2025-08-30 06:49:54
439	4515830	Bukti transfer untuk group course - Democratic member camera.	accepted	2025-04-01 15:32:49
440	773950	Bukti transfer untuk group course - Seem suffer appear who grow energy.	accepted	2024-11-27 21:02:45
441	1530239	Bukti transfer untuk group course - Rock red public boy ready.	accepted	2025-01-16 13:36:16
442	816243	\N	waiting	2024-12-19 06:25:02
443	497938	Bukti transfer untuk group course - However company law realize.	accepted	2024-10-22 12:53:24
444	183965	Bukti transfer untuk group course - Here bring someone improve.	accepted	2024-07-24 01:04:14
445	1827958	Bukti transfer untuk group course - Animal leave class old.	accepted	2025-04-13 06:13:39
446	948058	Bukti transfer untuk group course - Player difference owner simply too.	rejected	2024-05-22 22:59:51
447	2352622	Bukti transfer untuk group course - Car fact next phone. Sure chair oil easy unit.	accepted	2024-08-13 12:37:01
448	2828626	\N	waiting	2024-06-24 04:44:46
449	617531	\N	waiting	2024-08-07 21:33:28
450	2132923	Bukti transfer untuk group course - Production tell civil.	accepted	2024-12-08 20:06:52
451	2234244	Bukti transfer untuk group course - Conference take stage resource imagine see.	accepted	2024-06-25 09:58:19
452	2728039	Bukti transfer untuk group course - Many expect sell stuff peace data.	accepted	2025-02-17 01:37:56
453	2297763	Bukti transfer untuk group course - Anyone tend head guess before.	accepted	2025-09-01 18:34:41
454	373289	Bukti transfer untuk group course - Ago less the by television.	accepted	2025-07-03 02:17:00
455	1557554	Bukti transfer untuk group course - In push herself.	accepted	2024-11-28 07:47:44
456	1177955	Bukti transfer untuk group course - Five and director. Effort sort which pretty.	accepted	2025-03-04 09:38:50
457	458065	Bukti transfer untuk group course - Page billion expert left.	accepted	2024-12-31 19:55:21
458	1723441	Bukti transfer untuk group course - Young base grow decision truth possible smile.	accepted	2025-02-06 05:02:45
459	918879	Bukti transfer untuk group course - Place certain manager any game tonight.	accepted	2025-03-24 11:52:37
460	2277621	Bukti transfer untuk group course - Write remain director know up.	rejected	2024-06-10 13:48:35
461	1455770	Bukti transfer untuk group course - First receive week yes note.	accepted	2025-09-09 19:38:28
462	3197838	Bukti transfer untuk group course - Reveal staff take direction wait country option.	accepted	2025-09-19 03:12:10
463	1785950	Bukti transfer untuk group course - Chair spring among work fire. Fight fund almost.	accepted	2025-08-27 07:32:50
464	482961	Bukti transfer untuk group course - Sea current bit all huge possible which history.	accepted	2025-07-20 23:27:22
465	2025862	Bukti transfer untuk group course - Kitchen leader become role game action.	accepted	2024-11-15 08:40:34
466	3807380	\N	waiting	2025-04-05 05:40:20
467	2000920	Bukti transfer untuk group course - Local detail result drop authority.	rejected	2024-08-11 20:55:55
468	476515	Bukti transfer untuk group course - Far today leave realize great us.	rejected	2024-05-17 20:29:27
469	638787	Bukti transfer untuk group course - Edge kind space argue clearly dream just stay.	accepted	2024-06-14 15:43:47
470	304154	Bukti transfer untuk group course - Truth outside Congress watch.	accepted	2024-05-02 18:49:01
471	769691	Bukti transfer untuk group course - Information reduce cold condition generation.	rejected	2024-08-05 07:23:30
472	2732362	Bukti transfer untuk group course - Blood your so mention law.	accepted	2024-11-05 11:31:56
473	1110329	\N	waiting	2024-07-17 20:15:21
474	1309915	Bukti transfer untuk group course - Move and north add military for know.	accepted	2024-04-28 15:36:40
475	2415342	Bukti transfer untuk group course - Ground act season hand friend.	accepted	2024-09-02 16:54:06
476	476492	\N	waiting	2025-03-01 23:00:00
477	1236722	Bukti transfer untuk group course - Often bring help push forget.	accepted	2025-06-29 15:28:27
478	1147835	Bukti transfer untuk group course - Step wish they resource. Social skin job send.	accepted	2024-11-15 02:05:05
479	652239	\N	waiting	2025-03-26 17:12:21
480	1264315	Bukti transfer untuk group course - Letter level vote.	accepted	2025-09-22 21:27:14
481	519055	Bukti transfer untuk group course - All expect maintain article drop.	accepted	2025-06-05 02:05:26
482	449319	Bukti transfer untuk group course - Join about arm shoulder.	accepted	2025-04-25 19:51:18
483	1565473	Bukti transfer untuk group course - Federal national family prove onto past building.	accepted	2024-12-27 16:15:06
484	1270677	Bukti transfer untuk group course - Nature site senior it.	rejected	2024-10-16 11:14:45
485	1432036	Bukti transfer untuk group course - Today marriage rule approach themselves hear.	accepted	2024-11-14 21:49:25
486	1788529	Bukti transfer untuk group course - Bar least really attorney reason become night.	accepted	2024-05-08 03:39:53
487	1516810	\N	waiting	2025-05-24 08:39:46
488	2008760	Bukti transfer untuk group course - Study can notice throughout movie.	accepted	2025-03-21 05:52:41
489	416708	Bukti transfer untuk group course - Team or concern case good worry product.	accepted	2025-03-21 06:34:34
490	378836	\N	waiting	2025-07-10 07:31:45
491	918668	\N	waiting	2025-08-05 18:57:01
492	910331	Bukti transfer untuk group course - Which professor rock inside since.	accepted	2025-07-20 06:40:40
493	2137801	Bukti transfer untuk group course - Church nation impact.	rejected	2024-05-13 13:57:24
494	1004255	Bukti transfer untuk group course - Agreement with run let already soon nation.	accepted	2025-02-09 03:43:01
495	304076	Bukti transfer untuk group course - Audience notice discussion system forget.	accepted	2024-12-21 05:44:05
496	319078	Bukti transfer untuk group course - Five pick current compare baby.	rejected	2025-07-02 15:37:52
497	2735540	\N	waiting	2024-05-06 22:38:45
498	2449074	Bukti transfer untuk group course - North challenge commercial notice career poor us.	accepted	2025-03-16 19:15:28
499	451915	Bukti transfer untuk group course - Need oil star clearly peace health.	accepted	2025-09-05 23:44:40
500	1366991	\N	waiting	2024-07-23 09:30:35
501	2034777	Bukti transfer untuk group course - Read professional assume stage.	accepted	2025-06-02 11:55:49
502	1545489	Bukti transfer untuk group course - Everybody likely seem decade short chance point.	accepted	2024-10-18 20:49:21
503	498847	\N	waiting	2024-11-06 06:43:48
504	450662	Bukti transfer untuk group course - Memory ten policy value.	accepted	2025-05-12 01:46:20
505	2084591	Bukti transfer untuk group course - Outside never level report reach worry draw.	accepted	2025-09-13 05:46:37
506	229483	\N	waiting	2024-07-12 11:07:57
507	1533692	\N	waiting	2024-07-08 15:17:28
508	2071750	Bukti transfer untuk group course - Tough course environment live seven former know.	accepted	2025-02-01 05:43:11
509	639971	Bukti transfer untuk group course - Catch prevent nothing thousand.	accepted	2024-07-12 04:00:02
510	639744	\N	waiting	2025-08-13 09:31:23
511	2712146	Bukti transfer untuk group course - Take but network stay perform. Gun I any learn.	accepted	2025-03-24 20:13:57
512	401620	Bukti transfer untuk group course - Pressure skill rise sing everybody oil.	accepted	2024-05-12 05:04:48
513	768209	Bukti transfer untuk group course - Challenge development have effect will.	accepted	2024-11-18 08:31:49
514	1338931	Bukti transfer untuk group course - Mean up drug art explain. Above wall record.	accepted	2024-12-06 06:30:06
515	2001343	Bukti transfer untuk group course - Radio walk order already report discover occur.	accepted	2024-06-23 02:17:09
516	1807520	Bukti transfer untuk group course - Compare town sure similar now.	accepted	2025-05-31 18:59:14
517	2324875	Bukti transfer untuk group course - Town heavy to safe remain tell.	accepted	2025-02-27 11:56:50
518	557504	Bukti transfer untuk group course - Better way more seem consider song art.	accepted	2025-06-23 11:03:31
519	548850	Bukti transfer untuk group course - President night research region.	rejected	2024-10-23 03:33:04
520	920227	Bukti transfer untuk group course - Indeed team same health policy cultural.	accepted	2025-01-13 08:18:34
521	1123518	Bukti transfer untuk group course - Ever employee stay.	accepted	2025-05-14 23:03:14
522	1078238	\N	waiting	2025-05-07 23:42:47
523	2070394	Bukti transfer untuk group course - Mean light someone American able ever.	accepted	2024-12-24 21:36:38
524	1514553	Bukti transfer untuk group course - Area note win through he position form.	accepted	2024-10-02 06:39:04
525	4047878	Bukti transfer untuk group course - Rather medical key new skill world member.	accepted	2024-06-22 14:26:01
526	843559	\N	waiting	2024-12-19 04:09:11
527	493052	Bukti transfer untuk group course - Choice billion citizen room personal.	accepted	2025-03-31 09:41:46
528	3174343	Bukti transfer untuk group course - Discover different education again decide.	rejected	2024-07-30 19:15:58
529	3532191	Bukti transfer untuk group course - Purpose specific report ahead laugh third.	accepted	2025-09-30 11:56:24
530	1260361	Bukti transfer untuk group course - Different president send range civil might fine.	accepted	2024-10-05 01:53:10
531	2419055	Bukti transfer untuk group course - Leg much story according.	accepted	2025-01-15 23:32:36
532	1758445	Bukti transfer untuk group course - Sing record page investment seven.	accepted	2025-05-21 01:38:57
533	1249420	Bukti transfer untuk group course - Page response some second. Tend analysis focus.	accepted	2025-06-07 15:52:57
534	630335	\N	waiting	2024-06-08 01:21:20
535	2511645	Bukti transfer untuk group course - Material boy tough shake cold image reach.	accepted	2025-10-07 02:35:59
536	4538404	Bukti transfer untuk group course - Account answer its fall she tonight.	accepted	2024-07-13 05:42:36
537	1627252	Bukti transfer untuk group course - Respond attorney level deep fight economy theory.	accepted	2024-07-13 16:29:21
538	354219	Bukti transfer untuk group course - School your head act none describe.	accepted	2025-08-04 23:44:53
539	2031420	Bukti transfer untuk group course - Option personal significant leader ground.	accepted	2024-06-16 01:27:43
540	4515709	Bukti transfer untuk group course - Should listen forget listen source walk reduce.	accepted	2024-10-30 21:58:03
541	1521141	Bukti transfer untuk group course - Daughter plan table.	accepted	2024-10-17 22:05:11
542	934816	Bukti transfer untuk group course - Congress hotel board region anything.	accepted	2024-05-07 02:05:57
543	1781414	Bukti transfer untuk group course - Skin arm prepare church Democrat ago we.	accepted	2025-04-02 08:23:30
544	3436950	Bukti transfer untuk group course - Thank ground possible hundred enough source hard.	accepted	2025-08-25 01:59:04
545	844112	Bukti transfer untuk group course - After least similar identify lawyer receive rule.	accepted	2024-11-29 18:21:02
546	205939	\N	waiting	2025-10-07 07:59:17
547	1531598	\N	waiting	2025-04-04 19:56:37
548	222584	Bukti transfer untuk group course - Our vote yourself evening.	accepted	2024-10-27 22:00:39
549	4096404	\N	waiting	2024-06-08 15:19:11
550	1644640	Bukti transfer untuk group course - Hear result assume happy your.	accepted	2024-12-13 20:32:16
551	3522440	\N	waiting	2025-09-29 13:50:42
552	1266423	\N	waiting	2024-05-01 16:46:53
553	1117661	Bukti transfer untuk group course - Condition so none strong growth son continue.	rejected	2025-04-27 09:58:36
554	1029007	Bukti transfer untuk group course - Push federal story score. Age front market.	accepted	2025-03-03 05:34:38
555	4229938	\N	waiting	2024-08-15 21:45:11
556	1370445	Bukti transfer untuk group course - Tree within west.	accepted	2024-11-03 18:28:44
557	1840391	\N	waiting	2025-01-03 21:46:28
558	357120	\N	waiting	2025-01-16 11:05:14
559	1430057	\N	waiting	2025-07-15 12:13:31
560	1403191	Bukti transfer untuk group course - Concern not consider defense certainly.	accepted	2024-10-26 04:45:45
561	1411708	Bukti transfer untuk group course - Draw ago seven bag.	accepted	2024-08-18 18:50:52
562	3616830	\N	waiting	2025-09-14 20:36:35
563	244217	Bukti transfer untuk group course - Strong later big test benefit address when.	accepted	2025-02-18 11:12:29
564	1630166	Bukti transfer untuk group course - Animal through start box director.	accepted	2025-07-28 08:20:04
565	912007	\N	waiting	2024-12-27 14:30:24
566	840689	\N	waiting	2025-05-06 04:06:13
567	741976	Bukti transfer untuk group course - Lose among clear put.	accepted	2025-10-02 01:52:58
568	256245	Bukti transfer untuk group course - Stage you contain although military necessary.	rejected	2025-03-15 06:43:27
569	2130236	Bukti transfer untuk group course - Town way cut traditional wait produce chair.	accepted	2024-08-03 02:28:09
570	1925060	Bukti transfer untuk group course - Politics series seven long. Here compare common.	accepted	2025-08-27 14:46:05
571	422369	Bukti transfer untuk group course - Very career various though way character.	accepted	2025-09-20 13:58:35
572	277888	Bukti transfer untuk group course - Short sometimes defense reflect.	accepted	2024-10-24 02:55:59
573	3545465	\N	waiting	2024-08-12 02:27:31
574	585515	Bukti transfer untuk group course - Stand short remember natural rest list act.	rejected	2025-04-01 09:50:56
575	1105791	Bukti transfer untuk group course - Or away despite long officer plant.	accepted	2025-05-22 00:48:57
576	1905268	Bukti transfer untuk group course - Chance boy surface floor inside.	accepted	2024-11-07 08:01:51
577	2132873	Bukti transfer untuk group course - Force phone fish continue attack.	accepted	2025-04-02 23:53:26
578	679891	Bukti transfer untuk group course - Important want front against.	accepted	2025-01-05 08:00:30
579	3791289	Bukti transfer untuk group course - Media task fear movement data industry bank.	accepted	2024-05-25 11:26:08
580	2322487	Bukti transfer untuk group course - Door wrong agency form enjoy party.	accepted	2025-09-15 18:46:31
581	560346	\N	waiting	2025-08-02 22:06:09
582	1039478	Bukti transfer untuk group course - Executive order challenge social firm.	accepted	2024-07-29 19:58:12
583	2293441	Bukti transfer untuk group course - Number young forward short remember seem.	accepted	2025-03-24 03:37:27
584	928804	Bukti transfer untuk group course - Determine hot simply staff against choose do.	accepted	2025-02-23 11:31:14
585	3196436	Bukti transfer untuk group course - None only probably maintain collection firm trip.	rejected	2024-11-13 06:08:51
586	1451491	Bukti transfer untuk group course - Onto method size fine along.	accepted	2024-07-26 22:52:53
587	1857685	Bukti transfer untuk group course - Morning must imagine poor key.	accepted	2025-06-17 00:36:20
588	2039643	Bukti transfer untuk group course - Pm anyone sense argue three candidate happen.	accepted	2024-05-08 18:39:04
589	324288	\N	waiting	2024-09-02 19:41:59
590	4501283	Bukti transfer untuk group course - Treatment community across not.	accepted	2024-10-21 22:45:28
591	2010362	Bukti transfer untuk group course - Different performance industry daughter case.	accepted	2025-02-07 08:10:51
592	1111811	Bukti transfer untuk group course - Authority writer other billion student usually.	accepted	2024-10-28 06:27:34
593	365461	Bukti transfer untuk group course - Set young act hospital.	accepted	2025-01-05 01:00:48
594	2130906	Bukti transfer untuk group course - Single just tend best worker live wall.	accepted	2025-03-22 21:49:12
595	2188758	Bukti transfer untuk group course - Happy marriage many him easy bill.	accepted	2025-04-22 23:36:41
596	1711181	Bukti transfer untuk group course - Become vote former.	accepted	2025-10-09 11:43:54
597	1494304	Bukti transfer untuk group course - Lay various arrive onto.	accepted	2025-08-29 19:03:48
598	431593	Bukti transfer untuk group course - Film true decade however return management.	accepted	2025-09-25 04:09:16
599	288447	Bukti transfer untuk group course - Trial throw fund free style police.	accepted	2025-07-03 17:58:15
600	457843	\N	waiting	2025-05-08 15:26:57
601	1478634	Bukti transfer untuk group course - Forget city wear meeting customer right alone.	accepted	2025-06-15 20:00:17
602	1624001	Bukti transfer untuk group course - Player agreement player wide. Once cover no.	accepted	2025-07-16 07:11:35
603	2033606	Bukti transfer untuk group course - Perhaps entire social north drive force black.	accepted	2025-02-24 03:12:26
604	3181847	Bukti transfer untuk group course - Product moment all throughout task.	accepted	2025-02-27 19:41:57
605	1443500	Bukti transfer untuk group course - Particularly news never that.	accepted	2025-03-08 02:29:10
606	388880	\N	waiting	2024-11-24 14:59:41
607	2704324	Bukti transfer untuk group course - Despite back teach long let up.	accepted	2025-01-09 17:13:23
608	491369	Bukti transfer untuk group course - Share here animal else fast dream four work.	rejected	2024-07-25 16:28:25
609	486031	\N	waiting	2024-07-21 02:14:56
610	584154	Bukti transfer untuk group course - Side lead president thus.	accepted	2024-08-16 23:09:07
611	1710905	Bukti transfer untuk group course - What realize difficult situation guy president.	accepted	2024-06-10 13:41:47
612	1810161	Bukti transfer untuk group course - Medical food standard put your art.	accepted	2025-02-01 23:35:24
613	1646729	Bukti transfer untuk group course - Need wonder concern back. That deal support both.	accepted	2025-02-14 10:02:20
614	1033134	Bukti transfer untuk group course - Step chance reality culture indicate thousand.	accepted	2025-08-21 13:38:00
615	941793	\N	waiting	2024-10-18 05:30:32
616	813122	Bukti transfer untuk group course - Course check life west participant site stage.	accepted	2024-10-09 08:15:51
617	181041	Bukti transfer untuk group course - Difficult six value seat available leader.	accepted	2024-05-29 02:07:13
618	2709455	\N	waiting	2025-05-11 22:34:13
619	4525307	Bukti transfer untuk group course - Natural throw population statement eye culture.	accepted	2025-02-22 09:08:30
620	2463071	Bukti transfer untuk group course - Field party side city avoid. Specific pass away.	accepted	2025-03-29 18:15:18
621	329957	Bukti transfer untuk group course - Reason often subject right gas.	accepted	2025-03-25 03:53:26
622	544883	Bukti transfer untuk group course - Now more eight audience fear consumer.	accepted	2025-07-22 10:16:17
623	1993180	\N	waiting	2025-04-03 12:36:36
624	2285551	\N	waiting	2024-10-03 06:03:14
625	2121611	\N	waiting	2025-01-06 05:42:32
626	2439504	Bukti transfer untuk group course - Good task trouble bill game.	accepted	2025-06-14 08:27:16
627	1248962	Bukti transfer untuk group course - Daughter leave doctor live age product.	accepted	2025-10-08 10:46:03
628	475039	Bukti transfer untuk group course - Customer loss force test.	rejected	2025-04-20 05:57:02
629	4510261	Bukti transfer untuk group course - President turn rock upon some pattern this.	accepted	2025-08-29 16:31:31
630	3796044	Bukti transfer untuk group course - Order the international child drop.	rejected	2024-06-06 05:38:14
631	222847	\N	waiting	2025-06-27 14:04:05
632	2465694	\N	waiting	2024-11-09 11:48:25
633	841881	Bukti transfer untuk group course - Recognize opportunity together within listen say.	accepted	2025-04-17 13:33:49
634	726121	Bukti transfer untuk group course - Start look final unit cell rate.	accepted	2025-04-07 04:18:22
635	1087146	Bukti transfer untuk group course - Course with staff whether report whose.	accepted	2025-06-19 18:36:47
636	3819611	Bukti transfer untuk group course - Outside me apply sell church lay above.	accepted	2024-05-23 17:28:03
637	3088749	Bukti transfer untuk group course - Forget debate final man or machine.	accepted	2025-10-07 07:05:29
638	1525279	\N	waiting	2025-02-28 21:20:36
639	431464	Bukti transfer untuk group course - Ready from American able.	accepted	2025-09-29 06:27:01
640	1095331	Bukti transfer untuk group course - Raise child true large.	accepted	2025-08-04 01:06:29
641	1024466	Bukti transfer untuk group course - What provide through.	accepted	2024-08-06 01:14:30
642	3036155	Bukti transfer untuk group course - Artist result everybody.	accepted	2025-05-12 00:40:37
643	416305	Bukti transfer untuk group course - Food some sound past parent say.	accepted	2025-09-18 10:02:01
644	1772206	\N	waiting	2025-03-03 23:49:38
645	1405526	Bukti transfer untuk group course - Discover challenge vote watch Republican.	accepted	2025-03-24 19:30:12
646	942600	Bukti transfer untuk group course - Unit deep film whole by training.	accepted	2024-09-02 22:24:15
647	511278	Bukti transfer untuk group course - Accept own certain say. Side either seat like.	accepted	2024-05-11 00:02:06
648	2749467	Bukti transfer untuk group course - When wife only land.	accepted	2024-12-12 14:26:22
649	400630	Bukti transfer untuk group course - Coach open probably impact performance.	accepted	2024-12-16 19:45:24
650	2133077	\N	waiting	2025-07-25 01:06:15
651	282116	\N	waiting	2024-10-22 14:16:39
652	4057481	Bukti transfer untuk group course - Each never might modern money write morning.	accepted	2025-01-02 07:37:42
653	489462	Bukti transfer untuk group course - Daughter we no these.	accepted	2025-06-06 04:00:25
654	1758002	Bukti transfer untuk group course - Side contain director oil. Bit TV make.	accepted	2024-07-11 09:29:49
655	931034	Bukti transfer untuk group course - Mission sound grow. Language same in trouble.	accepted	2025-09-09 19:07:08
656	975692	Bukti transfer untuk group course - World story student security.	accepted	2024-09-26 17:36:51
657	696167	Bukti transfer untuk group course - Official power music writer.	rejected	2024-10-16 23:41:35
658	1588796	\N	waiting	2025-10-05 19:05:26
659	747981	Bukti transfer untuk group course - Say eight talk can.	accepted	2024-09-03 07:03:52
660	2110309	Bukti transfer untuk group course - Together off computer I race.	accepted	2024-07-23 16:09:06
661	1346483	Bukti transfer untuk group course - Area nor even television cold campaign.	rejected	2024-12-01 00:44:10
662	1083832	Bukti transfer untuk group course - Still improve serious probably.	accepted	2025-02-21 15:20:36
663	748682	Bukti transfer untuk group course - Say child near summer care truth.	accepted	2024-11-26 05:58:01
664	1835173	\N	waiting	2025-02-06 04:00:13
665	2554337	Bukti transfer untuk group course - Single standard her turn.	accepted	2024-05-21 14:14:38
666	1695295	Bukti transfer untuk group course - Answer friend parent spend.	accepted	2025-01-13 18:47:57
667	1525832	Bukti transfer untuk group course - First foreign into.	accepted	2024-05-17 07:36:02
668	380399	Bukti transfer untuk group course - Another a cold foreign manage.	accepted	2025-09-09 19:24:35
669	1802305	\N	waiting	2025-03-11 05:12:40
670	1777379	Bukti transfer untuk group course - Like address dinner feel politics raise.	accepted	2025-09-30 09:41:53
671	2286194	Bukti transfer untuk group course - Single poor good us alone.	accepted	2025-08-27 22:33:05
672	1238397	Bukti transfer untuk group course - Positive minute cover recognize him why world.	accepted	2024-11-30 21:56:35
673	501659	Bukti transfer untuk group course - Environmental sure lead American ahead.	accepted	2025-02-28 06:28:44
674	533892	Bukti transfer untuk group course - Perform necessary here.	accepted	2025-04-27 03:27:01
675	266302	Bukti transfer untuk group course - Heart near newspaper. Enter need growth imagine.	rejected	2024-09-06 16:17:51
676	1422633	Bukti transfer untuk group course - All accept dog establish production arm.	accepted	2025-07-10 20:23:29
677	517027	Bukti transfer untuk group course - Society quickly carry.	accepted	2025-03-29 11:03:51
678	433162	Bukti transfer untuk group course - Dark those along family music believe.	accepted	2024-10-06 12:18:15
679	221911	Bukti transfer untuk group course - Foreign main key him watch student world.	accepted	2024-11-30 09:04:47
680	707714	Bukti transfer untuk group course - Up skin seven man.	accepted	2025-05-21 22:12:22
681	685558	Bukti transfer untuk group course - Tough degree important tree result consider.	accepted	2025-03-07 08:49:19
682	1828337	\N	waiting	2024-12-20 00:49:37
683	2140280	Bukti transfer untuk group course - Along make fill.	accepted	2024-10-20 21:41:47
684	302029	Bukti transfer untuk group course - Relationship stuff walk theory student.	accepted	2024-08-21 03:58:41
685	2440844	Bukti transfer untuk group course - White great lay memory.	accepted	2024-12-18 00:11:54
686	1917878	Bukti transfer untuk group course - Short natural soldier agency.	accepted	2024-07-04 14:53:43
687	287846	Bukti transfer untuk group course - Learn local tree eight.	accepted	2024-09-02 14:02:25
688	4055705	\N	waiting	2024-11-21 18:52:16
689	2624436	Bukti transfer untuk group course - When agree response big expert draw pressure.	accepted	2024-08-26 06:48:20
690	2972554	\N	waiting	2024-05-24 11:04:17
691	3160962	Bukti transfer untuk group course - Physical serious whether partner nice.	rejected	2025-03-09 00:46:05
692	307167	Bukti transfer untuk group course - Help lay stand test majority.	accepted	2024-06-23 06:07:00
693	1270166	Bukti transfer untuk group course - Cultural those though along bar.	accepted	2024-11-21 20:25:48
694	760054	Bukti transfer untuk group course - Begin wind seem fund I themselves game.	accepted	2024-12-22 15:05:10
695	807928	Bukti transfer untuk group course - Often treatment hospital again around might.	accepted	2025-03-14 07:12:26
696	1101298	Bukti transfer untuk group course - Stop live old Mrs game natural.	accepted	2025-08-31 19:25:18
697	880657	Bukti transfer untuk group course - Interest agency down member identify.	accepted	2024-12-04 18:24:54
698	2080039	\N	waiting	2025-08-02 05:46:29
699	1813297	Bukti transfer untuk group course - Executive south join scene level pick.	accepted	2025-09-21 08:42:23
700	1815568	Bukti transfer untuk group course - Up option fire he. Radio well blue or take say.	accepted	2025-08-04 16:05:13
701	2140856	Bukti transfer untuk group course - Coach direction foot fund. Heavy war explain at.	accepted	2024-12-31 04:33:59
702	252180	Bukti transfer untuk group course - Various style language each onto.	accepted	2025-08-29 12:34:29
703	1922599	Bukti transfer untuk group course - Trouble society above.	accepted	2024-09-28 14:49:19
704	904808	Bukti transfer untuk group course - Single growth whom apply social.	rejected	2025-01-22 06:53:48
705	2107976	Bukti transfer untuk group course - Major benefit edge. Social will finish break.	accepted	2025-04-18 04:46:54
706	1645774	Bukti transfer untuk group course - Remember popular together begin effort.	accepted	2024-07-15 13:06:29
707	1428305	Bukti transfer untuk group course - Discuss century air long call position.	accepted	2024-08-10 06:37:16
708	1056568	Bukti transfer untuk group course - Dinner gas although weight network positive.	accepted	2025-07-09 12:41:10
709	1829350	Bukti transfer untuk group course - Figure effect such white production statement.	accepted	2025-07-28 05:26:59
710	269967	Bukti transfer untuk group course - Player court option economic as.	accepted	2025-01-05 10:58:11
711	853349	\N	waiting	2025-09-30 23:21:40
712	1081782	Bukti transfer untuk group course - Budget forward reach forward often down.	accepted	2025-06-06 20:27:33
713	494986	Bukti transfer untuk group course - Food between kind create.	accepted	2024-05-02 10:50:54
714	1788218	Bukti transfer untuk group course - Fact until many carry until off.	accepted	2025-07-29 01:48:38
715	1096950	Bukti transfer untuk group course - While allow I individual.	accepted	2025-01-07 22:48:37
716	431626	Bukti transfer untuk group course - Recent then within sell like fire.	accepted	2025-09-01 06:47:31
717	845938	Bukti transfer untuk group course - Fill too fish southern night goal.	accepted	2024-08-09 10:06:37
718	367234	Bukti transfer untuk group course - Challenge trip risk challenge.	rejected	2024-11-30 09:33:59
719	748405	Bukti transfer untuk group course - Chance it one doctor.	accepted	2024-11-22 07:04:21
720	2693256	Bukti transfer untuk group course - Attack free pass population.	accepted	2024-11-21 04:25:39
721	2413198	Bukti transfer untuk group course - Language hold together. Site realize perhaps out.	accepted	2024-08-09 17:03:30
722	2102617	Bukti transfer untuk group course - Act foot sister participant after.	accepted	2024-11-26 02:24:58
723	2749420	Bukti transfer untuk group course - Military area say strategy oil matter record.	accepted	2025-04-30 20:53:04
724	1537942	\N	waiting	2024-08-01 07:43:36
725	1127977	Bukti transfer untuk group course - Receive order site natural why also room.	rejected	2025-03-15 10:39:59
727	771490	Bukti transfer untuk group course - Box note most throughout.	accepted	2024-05-27 01:46:25
728	1773037	Bukti transfer untuk group course - That body toward our word.	accepted	2024-05-09 08:22:32
729	649875	\N	waiting	2024-10-02 22:29:15
730	753861	Bukti transfer untuk group course - Store know own then.	accepted	2024-08-24 08:36:13
731	2461952	\N	waiting	2025-01-07 04:33:50
732	1825583	Bukti transfer untuk group course - Institution reality participant.	accepted	2025-07-02 11:01:32
733	1281374	Bukti transfer untuk group course - Gun three under high.	accepted	2024-08-21 15:01:06
734	1041533	Bukti transfer untuk group course - Whom them interview on.	accepted	2025-04-02 15:02:06
735	1220112	Bukti transfer untuk group course - Red go son public party. Ask staff present born.	accepted	2025-05-11 04:28:31
736	977358	Bukti transfer untuk group course - Keep laugh my save many receive very.	accepted	2025-08-30 00:47:13
737	2028286	Bukti transfer untuk group course - No culture wait serve. Late high deal night.	accepted	2025-08-10 15:47:38
738	466759	Bukti transfer untuk group course - Campaign because civil society.	accepted	2025-07-11 01:41:26
739	1236605	Bukti transfer untuk group course - Animal national month girl arm.	accepted	2025-04-30 08:40:27
740	1645015	Bukti transfer untuk group course - State meeting large they wonder political former.	accepted	2025-03-16 08:30:05
741	1494842	Bukti transfer untuk group course - Until want science thought agency.	accepted	2025-02-10 09:34:11
742	2135083	\N	waiting	2025-01-08 05:10:31
743	1350818	\N	waiting	2025-07-06 12:31:50
744	944374	Bukti transfer untuk group course - Avoid southern his find different number.	accepted	2025-07-10 05:25:30
745	772102	Bukti transfer untuk group course - Feel would animal anything office always.	accepted	2025-08-24 03:12:39
746	3514715	Bukti transfer untuk group course - Push fight discuss identify yard part course.	accepted	2025-03-29 01:20:50
747	3546868	Bukti transfer untuk group course - Wrong degree develop phone become sea.	accepted	2025-03-14 11:42:45
748	919351	Bukti transfer untuk group course - Result government around industry peace.	rejected	2024-11-03 16:04:28
749	2138662	\N	waiting	2025-06-13 05:38:21
750	434618	Bukti transfer untuk group course - Adult quite ten anything. Sport sense while onto.	accepted	2024-07-30 01:02:20
751	1793397	Bukti transfer untuk group course - Clear everything fear idea. Place student happen.	accepted	2024-06-25 19:18:41
752	1929426	Bukti transfer untuk group course - Shoulder race goal who us that produce.	accepted	2024-08-30 11:42:35
753	939468	Bukti transfer untuk group course - Woman left decade never step gun.	accepted	2025-05-17 05:30:54
754	636396	Bukti transfer untuk group course - Down federal management pattern ball my.	accepted	2024-06-01 02:56:50
755	642518	\N	waiting	2025-02-06 23:47:53
756	231952	Bukti transfer untuk group course - That economic bill marriage. Girl place movie.	accepted	2025-05-25 20:46:09
757	359452	Bukti transfer untuk group course - Item contain yet argue car.	accepted	2024-12-19 07:35:18
758	413129	Bukti transfer untuk group course - Position difference challenge community.	accepted	2024-11-26 19:44:17
759	2147596	Bukti transfer untuk group course - History strong pay history process.	accepted	2025-08-05 00:29:05
760	1664406	Bukti transfer untuk group course - Politics whatever recently far.	accepted	2025-05-15 14:29:45
761	2701640	Bukti transfer untuk group course - Amount town hundred skin growth.	accepted	2025-05-28 12:53:07
762	2040180	Bukti transfer untuk group course - Apply buy benefit Mrs into find.	accepted	2024-09-27 15:57:40
763	1487695	\N	waiting	2025-02-28 09:21:40
764	687690	Bukti transfer untuk group course - Others voice ago let social.	accepted	2024-12-18 21:46:11
765	1849593	Bukti transfer untuk group course - Center president chair much.	accepted	2024-11-10 14:05:05
766	1044320	Bukti transfer untuk group course - Skill later especially stage.	accepted	2024-12-31 13:05:35
767	927650	\N	waiting	2024-11-09 23:37:57
768	1790767	Bukti transfer untuk group course - East paper may style.	rejected	2025-03-16 02:42:19
769	299295	Bukti transfer untuk group course - Material develop moment up buy.	accepted	2025-08-31 19:37:25
770	1500844	Bukti transfer untuk group course - Walk argue else majority home mother structure.	accepted	2025-07-25 23:28:04
771	622365	Bukti transfer untuk group course - Point understand nearly imagine meet.	accepted	2024-09-01 11:58:11
772	1535854	Bukti transfer untuk group course - Face expert buy life million.	accepted	2024-07-31 22:16:31
773	3395419	Bukti transfer untuk group course - Magazine anything institution.	accepted	2024-07-04 09:34:32
774	3809485	Bukti transfer untuk group course - Still case customer listen type.	accepted	2025-07-14 17:50:28
775	104331	Bukti transfer untuk private course - Standard figure friend she.	accepted	2024-06-05 04:42:53
776	225115	Bukti transfer untuk private course - Painting bring big. Wide news too finish.	accepted	2025-06-16 05:45:45
777	212418	\N	waiting	2024-11-04 00:56:40
778	247979	Bukti transfer untuk private course - Key section attack score box series.	accepted	2024-12-03 18:05:56
779	225509	Bukti transfer untuk private course - Source society feel lose show always.	accepted	2024-12-18 08:39:48
780	141999	\N	waiting	2025-04-21 05:18:06
781	168400	Bukti transfer untuk private course - Worry state any what area cold person.	accepted	2024-06-12 21:56:59
782	131741	Bukti transfer untuk private course - Impact himself soldier away.	accepted	2024-07-06 22:12:49
783	151699	Bukti transfer untuk private course - Since add condition I drop.	accepted	2024-12-15 06:40:21
784	232395	\N	waiting	2025-05-23 16:38:26
785	93478	Bukti transfer untuk private course - The special heart modern sister power.	accepted	2024-05-18 21:32:00
786	239256	Bukti transfer untuk private course - Indeed enter leg leg.	accepted	2024-07-18 20:47:09
787	86429	Bukti transfer untuk private course - Shoulder personal right night production.	accepted	2024-07-15 06:02:06
788	164097	\N	waiting	2024-06-27 06:54:20
789	131063	Bukti transfer untuk private course - Experience avoid along or bed.	accepted	2025-02-05 22:28:36
790	145628	Bukti transfer untuk private course - Phone if information benefit.	accepted	2024-11-06 08:32:54
791	295203	Bukti transfer untuk private course - Wish health authority top major that hair.	accepted	2025-02-01 17:56:08
792	144359	\N	waiting	2024-05-11 19:29:32
793	205664	Bukti transfer untuk private course - Parent shake west one speech.	accepted	2024-10-06 07:45:27
794	136063	Bukti transfer untuk private course - Seek thought prove cultural. Give strong again.	accepted	2024-06-02 00:09:34
795	150246	Bukti transfer untuk private course - Because building item more.	accepted	2024-12-12 08:02:48
796	189982	\N	waiting	2025-04-30 08:24:03
797	135537	Bukti transfer untuk private course - Involve business protect option.	accepted	2025-08-17 21:28:09
798	133148	Bukti transfer untuk private course - Provide newspaper onto agree ask firm.	accepted	2025-06-02 07:21:37
799	114622	\N	waiting	2025-02-26 18:04:33
800	127261	\N	waiting	2024-11-27 05:03:08
801	204536	Bukti transfer untuk private course - Pressure machine win start image.	accepted	2024-12-05 20:47:55
802	68230	Bukti transfer untuk private course - Strategy or physical total law.	accepted	2024-11-24 08:17:49
803	209153	Bukti transfer untuk private course - Again follow western woman base.	accepted	2025-05-21 12:23:22
804	166126	Bukti transfer untuk private course - City stay sound place. Line join prevent tell.	accepted	2025-04-21 05:23:39
805	264419	Bukti transfer untuk private course - White check defense oil.	accepted	2024-08-19 06:45:56
806	128914	Bukti transfer untuk private course - Kind voice seven particularly conference.	accepted	2025-06-07 05:28:00
807	105867	Bukti transfer untuk private course - Participant record common American.	accepted	2025-01-28 10:24:57
808	178355	\N	waiting	2025-03-24 15:03:03
809	248141	Bukti transfer untuk private course - Example none cup.	accepted	2025-02-05 09:29:05
810	130248	\N	waiting	2024-07-17 19:56:37
811	136354	Bukti transfer untuk private course - Test surface drive southern.	accepted	2025-07-18 18:12:39
812	107184	Bukti transfer untuk private course - Blue finally marriage near.	rejected	2024-09-30 02:43:00
813	190934	Bukti transfer untuk private course - Nature feeling easy dark opportunity begin.	rejected	2025-06-10 08:08:09
814	213645	Bukti transfer untuk private course - Candidate factor full those.	accepted	2024-11-12 01:08:35
815	266343	Bukti transfer untuk private course - Medical hand visit television.	accepted	2024-07-11 02:01:09
816	123948	Bukti transfer untuk private course - Agreement various him still.	accepted	2025-04-13 09:25:06
817	143204	\N	waiting	2024-07-01 04:01:01
818	132876	Bukti transfer untuk private course - Respond control sometimes quite son.	accepted	2024-12-20 21:18:38
819	149872	Bukti transfer untuk private course - Together affect ok second eight range.	accepted	2025-06-17 00:41:39
820	226449	Bukti transfer untuk private course - Per perform section Mrs car night month sure.	accepted	2024-10-23 22:46:34
821	227035	Bukti transfer untuk private course - Large society option various career.	accepted	2025-05-08 15:33:23
822	107131	Bukti transfer untuk private course - Go friend design Democrat shoulder.	accepted	2025-01-31 07:32:42
823	200497	Bukti transfer untuk private course - Dark key central development story cup nearly.	rejected	2025-09-11 14:03:58
824	225803	Bukti transfer untuk private course - Far lead watch network entire against he.	accepted	2024-12-05 07:03:25
825	183345	Bukti transfer untuk private course - Mean doctor many continue past. Cost law prove.	accepted	2025-03-21 15:12:01
826	140887	Bukti transfer untuk private course - Region tax finish.	accepted	2025-03-30 20:16:52
827	153901	Bukti transfer untuk private course - Bring book toward factor agency draw.	accepted	2024-10-19 18:25:36
828	250630	Bukti transfer untuk private course - Land worry specific attack.	accepted	2025-06-06 23:59:32
829	258008	Bukti transfer untuk private course - Tend scientist half.	accepted	2024-08-17 08:18:40
830	208279	Bukti transfer untuk private course - Toward across number mind clearly.	accepted	2024-09-05 17:18:09
831	265622	Bukti transfer untuk private course - Resource push body just.	accepted	2024-06-13 11:43:33
832	249060	\N	waiting	2024-06-01 07:51:41
833	272566	Bukti transfer untuk private course - Us listen fire on deal wait.	accepted	2025-08-30 07:33:16
834	173527	\N	waiting	2025-06-12 03:59:55
835	134024	Bukti transfer untuk private course - Face list necessary ability necessary become.	accepted	2024-12-20 15:58:37
836	251492	Bukti transfer untuk private course - Traditional girl score often home.	accepted	2025-08-12 11:49:49
837	227011	Bukti transfer untuk private course - Spend hard against then happy compare front.	accepted	2024-12-09 16:00:43
838	106016	Bukti transfer untuk private course - Mean if big network fear.	accepted	2025-03-13 23:25:00
839	148936	Bukti transfer untuk private course - Decade produce contain call.	accepted	2024-06-20 18:33:56
840	125053	Bukti transfer untuk private course - Customer including usually morning.	rejected	2025-01-28 19:33:28
841	276024	Bukti transfer untuk private course - Yes financial coach strong else strategy.	accepted	2024-10-28 02:44:34
842	146667	Bukti transfer untuk private course - Give south use country if magazine.	rejected	2024-06-17 04:03:03
843	108026	Bukti transfer untuk private course - Decision than small modern thought daughter.	accepted	2024-07-16 03:55:37
844	146518	Bukti transfer untuk private course - Around end effect focus. Travel positive win.	accepted	2025-01-25 12:12:37
845	90456	Bukti transfer untuk private course - Teach make natural relate.	accepted	2025-01-10 09:11:15
846	152035	Bukti transfer untuk private course - Each west face as they attack almost.	accepted	2024-07-03 21:42:47
847	114093	Bukti transfer untuk private course - Phone indicate our sense.	rejected	2025-08-28 10:57:14
848	135078	Bukti transfer untuk private course - Face pretty forward over. Happy change upon lot.	rejected	2024-05-18 03:43:19
849	168152	Bukti transfer untuk private course - Environment group affect charge.	accepted	2025-08-20 02:45:17
850	248952	Bukti transfer untuk private course - Plan throw support major film rock less none.	accepted	2024-09-25 14:07:12
851	128790	Bukti transfer untuk private course - Bank step growth detail suffer bar difference.	rejected	2024-07-16 18:08:38
852	260164	Bukti transfer untuk private course - Bed woman low traditional.	rejected	2025-06-04 13:02:59
853	226549	Bukti transfer untuk private course - Check when mouth.	accepted	2025-08-27 09:33:03
854	192979	Bukti transfer untuk private course - Which two win admit easy.	accepted	2024-05-01 23:51:31
855	158341	Bukti transfer untuk private course - Trial Mrs fine decide to method.	accepted	2025-07-07 23:39:35
856	145368	Bukti transfer untuk private course - Huge population trial.	accepted	2025-03-28 22:44:52
857	70119	Bukti transfer untuk private course - Far picture one big guess.	accepted	2024-05-16 11:44:12
858	126279	Bukti transfer untuk private course - Wonder himself develop window seven consumer.	accepted	2024-11-09 14:27:01
859	118537	Bukti transfer untuk private course - Mission key take answer anything.	accepted	2024-08-25 03:00:02
860	215636	Bukti transfer untuk private course - Shake down dog whether.	accepted	2025-04-15 23:12:31
861	115240	\N	waiting	2024-06-04 09:06:58
862	206054	Bukti transfer untuk private course - Threat spend nation black color.	accepted	2025-07-22 11:48:25
863	210365	Bukti transfer untuk private course - What about middle box.	accepted	2025-05-28 22:53:29
864	214401	Bukti transfer untuk private course - Film water as radio seven final.	accepted	2025-01-16 03:24:11
865	159843	Bukti transfer untuk private course - Company truth see hour itself west heavy.	accepted	2025-10-04 04:16:33
866	132732	Bukti transfer untuk private course - Player perhaps professor energy building.	accepted	2024-05-24 20:52:27
867	123290	Bukti transfer untuk private course - Traditional national school admit.	accepted	2025-09-19 14:02:34
868	202612	Bukti transfer untuk private course - Section spring next walk out.	accepted	2025-06-29 13:01:25
869	146642	Bukti transfer untuk private course - Message animal if station player.	rejected	2025-07-10 15:02:53
870	124350	\N	waiting	2024-09-26 12:42:37
871	141171	Bukti transfer untuk private course - Western nation use red individual.	accepted	2024-11-24 03:10:49
872	153911	Bukti transfer untuk private course - Play PM thought sure.	accepted	2024-05-21 06:57:08
873	211585	Bukti transfer untuk private course - Health win mission. Thousand degree soon rise.	accepted	2024-08-18 23:18:29
874	88404	Bukti transfer untuk private course - Carry special amount west short win authority.	rejected	2025-09-11 11:04:29
875	81489	Bukti transfer untuk private course - Exist point history night despite Mrs.	accepted	2024-10-07 02:53:57
876	201018	Bukti transfer untuk private course - Happy relationship guy during need here each.	accepted	2024-10-21 11:12:13
877	80468	Bukti transfer untuk private course - Away success anything paper practice season.	accepted	2025-07-11 12:00:20
878	184909	Bukti transfer untuk private course - Reality even product box.	accepted	2024-06-19 08:38:23
879	180186	\N	waiting	2025-06-05 13:03:21
880	217144	\N	waiting	2025-06-06 08:49:53
881	146955	Bukti transfer untuk private course - Door time list.	accepted	2024-06-03 05:53:46
882	126836	Bukti transfer untuk private course - Score speak science opportunity walk.	accepted	2024-11-22 05:42:17
883	237211	Bukti transfer untuk private course - Majority them you fill drop join woman.	accepted	2025-03-24 18:27:45
884	207100	Bukti transfer untuk private course - Keep those design worker like because affect.	accepted	2025-06-23 09:05:37
885	193396	Bukti transfer untuk private course - Likely care ever.	accepted	2024-07-18 18:51:51
886	200099	Bukti transfer untuk private course - Most soldier shake interview song war those.	rejected	2025-09-22 12:06:09
887	85661	Bukti transfer untuk private course - Book produce red back five stay.	accepted	2025-07-22 23:24:07
888	192734	Bukti transfer untuk private course - Candidate response discover eat.	accepted	2025-01-26 23:26:34
889	216223	Bukti transfer untuk private course - Wish have front door.	accepted	2024-10-12 22:19:07
890	215249	Bukti transfer untuk private course - Many traditional cultural.	accepted	2025-03-21 19:23:37
891	237686	Bukti transfer untuk private course - Senior pick career financial anyone.	accepted	2024-10-03 17:37:53
892	88960	Bukti transfer untuk private course - Suffer response where watch music sense.	accepted	2025-07-22 08:52:55
893	206018	Bukti transfer untuk private course - According three discuss lawyer resource school.	accepted	2025-01-17 02:27:38
894	151674	Bukti transfer untuk private course - Sign scientist against lot. Why scene gun bar.	accepted	2025-03-07 08:35:57
895	205294	Bukti transfer untuk private course - Bed second like assume. Now less next strong.	accepted	2025-02-14 04:37:03
896	162285	Bukti transfer untuk private course - Approach large some appear alone order.	accepted	2025-03-25 11:01:19
897	136522	Bukti transfer untuk private course - I street assume director stuff despite sea get.	accepted	2025-01-21 13:49:39
898	135144	Bukti transfer untuk private course - Late reduce tend set market our.	accepted	2024-09-27 02:35:12
899	144143	Bukti transfer untuk private course - Organization reflect among you.	accepted	2024-11-06 07:44:51
900	112949	Bukti transfer untuk private course - Sing yourself lose attorney mean defense surface.	accepted	2025-07-05 12:10:45
901	234723	Bukti transfer untuk private course - Exist nor clear notice recently. News song catch.	accepted	2024-08-11 20:51:33
902	79939	Bukti transfer untuk private course - Make begin when.	rejected	2025-09-17 09:31:23
903	193165	Bukti transfer untuk private course - Range with religious sister line unit face.	accepted	2025-08-31 20:18:57
904	135490	Bukti transfer untuk private course - View friend material chance.	accepted	2024-06-04 20:22:35
905	52054	Bukti transfer untuk private course - Ago once early contain could full yourself lot.	accepted	2025-03-14 08:44:26
906	249791	Bukti transfer untuk private course - Pay doctor manage society.	accepted	2024-12-02 07:11:41
907	57759	Bukti transfer untuk private course - Manage one school positive person material.	rejected	2025-06-03 22:52:08
908	79253	Bukti transfer untuk private course - Such risk room room city summer.	accepted	2024-08-01 08:09:26
909	259307	Bukti transfer untuk private course - Sister move century loss way.	accepted	2025-08-22 18:58:09
910	132048	Bukti transfer untuk private course - Capital space power shake whatever other chance.	accepted	2025-06-04 06:16:22
911	130709	Bukti transfer untuk private course - Personal member fact. See former project college.	accepted	2025-03-09 21:46:08
912	126122	Bukti transfer untuk private course - Treat small magazine end.	rejected	2024-12-21 02:46:16
913	246352	Bukti transfer untuk private course - Center issue according great certainly.	accepted	2024-10-29 16:08:38
914	247401	Bukti transfer untuk private course - Single rate sea reality run.	accepted	2025-01-17 18:01:23
915	72526	\N	waiting	2024-07-25 02:40:41
916	122717	Bukti transfer untuk private course - Speak shoulder ago word popular interest.	accepted	2025-01-14 08:10:16
917	88125	Bukti transfer untuk private course - Edge power foot baby teacher.	accepted	2024-06-28 06:54:02
918	140081	Bukti transfer untuk private course - Already animal option beat argue report.	accepted	2025-01-23 04:55:33
919	261953	Bukti transfer untuk private course - Society house record field success create trial.	accepted	2025-04-17 14:33:58
920	270624	Bukti transfer untuk private course - Section media appear whatever over despite.	accepted	2024-09-18 13:05:23
921	113151	Bukti transfer untuk private course - Bar break full military.	accepted	2025-09-07 17:30:53
922	130710	\N	waiting	2025-03-13 08:51:26
923	214233	Bukti transfer untuk private course - Matter stuff federal board reveal reason.	accepted	2024-08-18 08:58:46
924	245401	Bukti transfer untuk private course - Already them popular change.	accepted	2025-03-18 01:51:52
925	160890	Bukti transfer untuk private course - Ready similar very thought.	accepted	2024-11-08 18:39:29
926	162654	Bukti transfer untuk private course - Suddenly seek glass property sure couple your.	accepted	2025-02-06 22:42:45
927	195136	\N	waiting	2025-03-13 16:15:31
928	87390	Bukti transfer untuk private course - Opportunity imagine everything.	rejected	2025-03-24 22:51:28
929	236219	Bukti transfer untuk private course - Beat responsibility either.	accepted	2024-11-07 02:03:28
930	169210	Bukti transfer untuk private course - Short machine whose right guess.	accepted	2024-09-19 22:33:57
931	144496	Bukti transfer untuk private course - Speak there attention risk collection visit side.	accepted	2025-02-09 17:44:07
932	226017	Bukti transfer untuk private course - Modern nearly certainly job his best.	accepted	2025-02-07 05:01:37
933	103701	Bukti transfer untuk private course - Against personal until someone TV.	accepted	2024-07-28 15:37:44
934	272425	Bukti transfer untuk private course - Wrong do name cup miss half.	rejected	2024-08-21 09:25:43
935	100306	Bukti transfer untuk private course - Trip stage her difference actually.	accepted	2024-07-02 06:48:53
936	109699	Bukti transfer untuk private course - Mention admit conference medical show number.	accepted	2024-12-06 03:13:22
937	182541	Bukti transfer untuk private course - Lead care money since.	accepted	2025-09-17 07:38:02
938	85981	Bukti transfer untuk private course - Plant way television. Health bit wonder movement.	accepted	2025-06-05 13:32:07
939	86292	Bukti transfer untuk private course - Fight road fine positive.	accepted	2025-02-24 21:47:31
940	110552	Bukti transfer untuk private course - Oil military year own mother hit.	accepted	2024-08-12 18:53:47
941	189184	Bukti transfer untuk private course - Age with play low wear thus major.	accepted	2025-05-17 01:29:44
942	68302	\N	waiting	2024-07-18 23:35:39
943	95487	Bukti transfer untuk private course - Large officer test media price end two character.	accepted	2025-02-04 15:11:39
944	181307	Bukti transfer untuk private course - More age situation day. Write at trouble small.	accepted	2025-09-21 20:22:35
945	156459	Bukti transfer untuk private course - Trial song raise save whom right top.	accepted	2025-09-02 22:23:57
946	109034	Bukti transfer untuk private course - No use hair yes sing campaign cut.	accepted	2024-08-04 19:56:35
947	120436	Bukti transfer untuk private course - Real leg reason choice.	rejected	2024-11-30 19:09:02
948	113883	Bukti transfer untuk private course - That maybe production.	accepted	2024-07-24 17:31:33
949	145534	Bukti transfer untuk private course - Success staff cost product.	accepted	2025-06-23 12:36:53
950	127361	Bukti transfer untuk private course - Program moment cut concern rule goal national.	accepted	2024-11-17 18:12:47
951	216531	Bukti transfer untuk private course - Home they cut eat.	rejected	2025-03-02 03:55:17
952	129912	\N	waiting	2025-08-11 19:52:18
953	238521	Bukti transfer untuk private course - Discover can kitchen ahead rate who.	accepted	2024-07-24 03:56:37
954	244732	Bukti transfer untuk private course - Billion collection else car student rock.	accepted	2025-04-27 16:06:49
955	206074	Bukti transfer untuk private course - Memory huge system catch tree recognize.	accepted	2025-09-03 11:24:31
956	89450	Bukti transfer untuk private course - Respond hard high management effect pattern up.	accepted	2024-06-14 07:07:16
957	141404	\N	waiting	2025-05-09 03:27:15
958	111978	Bukti transfer untuk private course - With among than future house thousand foot.	accepted	2024-07-23 11:20:26
959	280657	Bukti transfer untuk private course - How here production cut phone.	accepted	2025-01-19 10:21:17
960	221882	Bukti transfer untuk private course - Religious purpose dark represent result turn.	accepted	2024-07-25 07:22:29
961	149862	Bukti transfer untuk private course - Live sort strong may.	rejected	2024-11-20 05:07:03
962	244277	Bukti transfer untuk private course - Tv sure yet beat. Sense note technology TV style.	accepted	2025-08-28 23:02:51
963	257437	Bukti transfer untuk private course - Once decide its nation record federal.	accepted	2024-07-19 03:43:51
964	196060	Bukti transfer untuk private course - Certain mind factor find part week.	accepted	2024-05-20 19:03:25
965	130017	Bukti transfer untuk private course - Way shake director product consumer.	accepted	2024-05-20 05:31:13
966	115956	Bukti transfer untuk private course - Memory sing apply political machine.	accepted	2025-09-19 00:37:55
967	229246	Bukti transfer untuk private course - Happen director wear heavy picture money relate.	accepted	2025-03-27 01:19:41
968	262728	Bukti transfer untuk private course - Finish manage after fact world.	accepted	2025-07-11 03:45:52
969	156461	Bukti transfer untuk private course - Show three this strong general low.	rejected	2024-10-25 23:12:21
970	122174	\N	waiting	2024-11-18 15:02:27
971	72939	Bukti transfer untuk private course - Agreement security charge radio father them be.	accepted	2024-07-20 12:30:19
972	145489	Bukti transfer untuk private course - Say couple blue special.	accepted	2025-07-24 21:23:12
973	158189	Bukti transfer untuk private course - Tonight sure national.	accepted	2024-05-06 06:22:11
974	106876	Bukti transfer untuk private course - Full while material anyone by take.	accepted	2024-05-17 15:55:55
975	58082	Bukti transfer untuk private course - Business once week generation yes shake.	accepted	2025-08-16 03:09:17
976	270022	\N	waiting	2025-06-20 03:05:18
977	121978	\N	waiting	2025-03-07 22:37:38
978	209559	Bukti transfer untuk private course - Standard movie member near contain.	accepted	2025-08-03 05:30:29
979	203850	\N	waiting	2025-09-04 05:39:23
980	221646	Bukti transfer untuk private course - Society table particular most.	accepted	2024-11-05 08:28:06
981	119944	Bukti transfer untuk private course - Week each chance.	rejected	2025-02-14 04:45:26
982	136225	Bukti transfer untuk private course - Agree news name certain build strategy probably.	accepted	2025-04-25 15:33:37
983	264431	Bukti transfer untuk private course - If quite million approach interview age.	rejected	2024-06-14 07:35:09
984	261901	Bukti transfer untuk private course - Former TV official ever stop.	accepted	2025-06-23 19:40:30
985	116532	Bukti transfer untuk private course - Once country of society official sound health.	accepted	2024-05-04 12:23:07
986	210134	Bukti transfer untuk private course - Parent early management which sea.	accepted	2024-09-26 04:23:48
987	147504	\N	waiting	2025-08-31 20:54:48
988	250753	Bukti transfer untuk private course - Rule civil investment design sort material.	accepted	2024-12-16 23:33:51
989	230465	Bukti transfer untuk private course - Hundred fund letter western. Eat but blood least.	accepted	2025-02-07 14:47:59
990	219715	Bukti transfer untuk private course - Sing expert art coach. Model ok so.	accepted	2025-07-13 00:12:28
991	134307	Bukti transfer untuk private course - Someone here stay partner people goal.	accepted	2024-10-11 02:18:20
992	249001	Bukti transfer untuk private course - Season experience friend they offer.	accepted	2025-07-13 16:08:39
993	107053	Bukti transfer untuk private course - Option evening clearly international one.	accepted	2025-08-09 18:04:57
994	168484	Bukti transfer untuk private course - Recent card center check defense truth off.	accepted	2025-08-20 02:49:26
995	55131	Bukti transfer untuk private course - Address eight cup suggest of range hot company.	rejected	2025-01-08 15:23:56
996	200125	Bukti transfer untuk private course - Southern air staff.	accepted	2024-05-29 03:22:32
997	164238	Bukti transfer untuk private course - Form bit foreign maintain.	accepted	2024-06-26 09:07:55
998	195908	Bukti transfer untuk private course - Even speak require although garden.	accepted	2024-11-29 18:25:17
999	242406	Bukti transfer untuk private course - Through then serve open.	accepted	2024-09-11 23:21:59
1000	159600	Bukti transfer untuk private course - Must recent rest indeed study such.	accepted	2024-05-30 14:33:32
1001	151186	\N	waiting	2024-10-23 02:32:46
1002	173366	\N	waiting	2025-04-25 04:36:39
1003	113336	Bukti transfer untuk private course - Expert early lose kid describe bill.	accepted	2025-07-03 08:25:50
1004	61044	Bukti transfer untuk private course - Ask particular stand skin wife.	rejected	2025-09-05 17:34:23
1005	118952	Bukti transfer untuk private course - Travel operation sea.	accepted	2025-04-15 20:33:39
1006	129672	Bukti transfer untuk private course - Data rather sure local whom suddenly.	rejected	2025-06-27 11:39:56
1007	251673	Bukti transfer untuk private course - Chair south bar.	accepted	2025-02-06 02:47:56
1008	145889	Bukti transfer untuk private course - Base quite pass study enjoy recent.	accepted	2025-08-13 20:06:32
1009	192911	Bukti transfer untuk private course - Into bank program machine perhaps partner table.	accepted	2024-11-12 23:23:22
1010	136310	Bukti transfer untuk private course - Summer wish soldier season prevent leave.	accepted	2024-11-29 07:57:08
1011	173693	\N	waiting	2024-11-21 23:54:10
1012	181578	\N	waiting	2024-08-31 21:19:39
1013	118432	Bukti transfer untuk private course - Something top police knowledge I major personal.	accepted	2024-12-22 23:16:11
1014	58492	Bukti transfer untuk private course - Guess beat field cost.	rejected	2025-03-23 00:15:21
1015	115892	Bukti transfer untuk private course - Begin project ever general.	accepted	2025-01-27 05:57:36
1016	120626	\N	waiting	2024-06-01 17:33:11
1017	137422	Bukti transfer untuk private course - Ability yeah door a war help receive.	accepted	2024-07-21 16:05:45
1018	255774	Bukti transfer untuk private course - Fear pattern determine friend.	accepted	2024-12-17 06:18:41
1019	196386	Bukti transfer untuk private course - Fall too bank action deep.	accepted	2024-08-08 02:07:58
1020	180440	Bukti transfer untuk private course - Recognize blue push time while.	accepted	2024-06-05 19:03:30
1021	219432	Bukti transfer untuk private course - Myself too usually surface whether.	accepted	2024-10-20 00:42:54
1022	132681	Bukti transfer untuk private course - Less bed figure coach.	accepted	2025-01-27 06:13:48
1023	279591	Bukti transfer untuk private course - Structure near help compare show Republican.	rejected	2024-10-22 20:03:04
1024	182829	Bukti transfer untuk private course - Culture little throw two range guess.	accepted	2025-08-22 12:19:45
1025	165354	Bukti transfer untuk private course - Grow their respond green prevent.	accepted	2024-08-14 13:36:35
1026	214928	Bukti transfer untuk private course - Dream form will power task evening for.	accepted	2025-05-11 03:46:38
1027	267662	Bukti transfer untuk private course - Skin sport science partner southern end.	accepted	2024-05-17 05:08:09
1028	110483	Bukti transfer untuk private course - Through change want amount see three loss.	accepted	2025-08-27 14:06:27
1029	208930	Bukti transfer untuk private course - Central sure kid growth threat matter.	accepted	2025-10-08 05:52:24
1030	153848	\N	waiting	2025-03-11 15:19:52
1031	184963	Bukti transfer untuk private course - Page feel magazine report issue painting include.	accepted	2025-05-21 21:03:08
1032	160753	Bukti transfer untuk private course - Common art between.	accepted	2025-05-11 12:38:50
1033	205359	\N	waiting	2024-10-22 12:30:47
1034	272485	Bukti transfer untuk private course - Mouth force else.	accepted	2025-03-05 06:26:01
1035	233740	Bukti transfer untuk private course - Case film receive stock.	accepted	2025-10-09 00:20:20
1036	167373	Bukti transfer untuk private course - Protect price paper interest clear possible.	accepted	2025-06-17 14:20:59
1037	144557	Bukti transfer untuk private course - Data team rather send dog.	accepted	2025-05-24 08:45:34
1038	222477	Bukti transfer untuk private course - Rich page play catch.	accepted	2024-09-07 17:48:06
1039	197908	Bukti transfer untuk private course - Out let all game music account.	accepted	2025-07-13 20:47:49
1040	123798	Bukti transfer untuk private course - The candidate once fight dream subject few lot.	accepted	2025-08-14 13:51:42
1041	189042	Bukti transfer untuk private course - Minute huge reveal term newspaper allow.	accepted	2024-06-12 00:16:48
1042	162815	Bukti transfer untuk private course - Beautiful gun hand especially lose hotel.	accepted	2025-08-31 01:49:20
1043	139779	Bukti transfer untuk private course - Guess build author line doctor.	accepted	2024-11-01 03:30:49
1044	73307	Bukti transfer untuk private course - Nice religious laugh same each good.	accepted	2025-04-17 19:50:06
1045	152285	Bukti transfer untuk private course - Every ten son join. Marriage kid church business.	accepted	2024-12-17 22:31:28
1046	116968	\N	waiting	2024-05-02 15:03:30
1047	140323	Bukti transfer untuk private course - Marriage Congress today call.	accepted	2025-02-22 22:23:42
1048	127849	\N	waiting	2025-02-22 09:53:23
1049	155494	Bukti transfer untuk private course - Compare plan whatever apply accept might life.	accepted	2025-03-21 12:04:57
1050	187315	Bukti transfer untuk private course - Point guess contain administration both.	accepted	2024-10-17 12:24:33
1051	160890	Bukti transfer untuk private course - Remember hotel next than help boy ask career.	accepted	2025-05-22 19:44:01
1052	93592	Bukti transfer untuk private course - Practice body former cultural drive main.	accepted	2024-08-03 05:02:27
1053	110294	Bukti transfer untuk private course - Together seem way animal yeah can.	accepted	2025-08-31 01:02:45
1054	163717	Bukti transfer untuk private course - Star check pass boy.	accepted	2024-08-24 15:27:34
1055	264089	Bukti transfer untuk private course - Line less recognize read.	accepted	2024-10-06 11:31:43
1056	118036	Bukti transfer untuk private course - Among street throw quite.	accepted	2024-08-07 02:08:26
1057	147016	Bukti transfer untuk private course - Which because say economic drug eight.	accepted	2024-12-19 07:02:23
1058	209150	Bukti transfer untuk private course - Market short rather land why.	accepted	2025-03-13 19:01:44
1059	153165	Bukti transfer untuk private course - Establish argue night above.	accepted	2024-09-08 23:31:05
1060	156241	Bukti transfer untuk private course - None return seven white seven run.	accepted	2024-08-23 23:52:11
1061	271744	\N	waiting	2024-12-20 03:21:36
1062	198845	Bukti transfer untuk private course - Beyond agreement score few her.	accepted	2024-08-20 10:09:08
1063	216139	Bukti transfer untuk private course - Practice as either blood career.	rejected	2024-05-23 22:25:10
1064	197603	Bukti transfer untuk private course - Moment prove physical son author.	accepted	2024-05-24 18:56:38
1065	82819	Bukti transfer untuk private course - Successful cost sit.	accepted	2024-09-23 14:17:35
1066	143461	Bukti transfer untuk private course - Election green approach.	accepted	2025-02-28 13:17:34
1067	177834	Bukti transfer untuk private course - Education usually yet social where.	rejected	2025-08-06 10:58:21
1068	217376	Bukti transfer untuk private course - I process attack remain particularly.	accepted	2025-08-31 15:18:13
1069	114868	Bukti transfer untuk private course - Forward better describe this this game.	accepted	2024-06-10 02:14:27
1070	220804	\N	waiting	2025-03-18 23:52:26
1071	287532	Bukti transfer untuk private course - Leg then impact.	accepted	2025-03-28 21:59:28
1072	260381	Bukti transfer untuk private course - Safe condition organization peace traditional.	accepted	2024-06-01 23:58:18
1073	268517	Bukti transfer untuk private course - Decide social response.	rejected	2025-01-15 00:22:05
1074	214979	Bukti transfer untuk private course - Black later much paper begin brother.	accepted	2025-03-22 15:38:50
1075	229732	Bukti transfer untuk private course - Authority do phone must.	accepted	2024-12-20 12:17:53
1076	153969	Bukti transfer untuk private course - Face world none change. All heavy trade son.	accepted	2025-08-30 15:44:36
1077	131131	Bukti transfer untuk private course - Capital push sister account fly.	accepted	2025-05-27 09:42:16
1078	231590	Bukti transfer untuk private course - Model himself law.	accepted	2024-08-29 19:03:45
1079	263325	Bukti transfer untuk private course - Lose environmental financial with.	accepted	2024-08-23 16:06:38
1080	164983	Bukti transfer untuk private course - Season total senior machine way policy.	accepted	2025-01-09 18:28:07
1081	259275	Bukti transfer untuk private course - Environment me before.	accepted	2025-07-12 06:08:09
1082	134760	Bukti transfer untuk private course - Street without spend sign seem guess.	accepted	2025-04-02 05:48:09
1083	199904	Bukti transfer untuk private course - Majority policy reality election true camera.	accepted	2025-03-31 23:41:51
1084	98722	Bukti transfer untuk private course - Another nearly camera discuss citizen.	accepted	2024-05-26 00:26:17
1085	92514	Bukti transfer untuk private course - Dream road including page bank.	accepted	2025-06-24 12:44:26
1086	99478	Bukti transfer untuk private course - Make throw tax key degree weight.	accepted	2024-06-18 08:36:53
1087	83561	Bukti transfer untuk private course - Join remember former represent budget reduce.	accepted	2025-05-16 15:56:08
1088	218195	Bukti transfer untuk private course - Your right down they water itself house.	accepted	2024-09-24 04:04:57
1089	96575	Bukti transfer untuk private course - Condition collection dinner be.	accepted	2024-10-21 03:12:26
1090	271742	Bukti transfer untuk private course - Nice cost control change.	accepted	2024-11-28 09:37:51
1091	76408	Bukti transfer untuk private course - When black I nor course water.	accepted	2024-07-02 04:57:08
1092	56490	\N	waiting	2024-11-03 02:11:18
1093	142567	Bukti transfer untuk private course - Data including avoid analysis.	accepted	2025-09-01 01:29:23
1094	124859	Bukti transfer untuk private course - Evening rise new. Large site night when into.	accepted	2025-08-01 13:41:25
1095	100616	Bukti transfer untuk private course - Too each weight citizen ask official.	accepted	2025-08-08 08:52:22
1096	140012	Bukti transfer untuk private course - Trouble win ground especially.	accepted	2025-02-02 07:11:57
1097	137061	Bukti transfer untuk private course - May admit until card third rise section action.	accepted	2024-12-13 09:18:36
1098	136436	\N	waiting	2024-12-15 02:41:31
1099	161669	Bukti transfer untuk private course - Try single nor mouth million series reach.	accepted	2024-11-22 04:25:02
1100	118269	Bukti transfer untuk private course - Worry yourself radio give church.	accepted	2025-05-14 15:12:03
1101	140006	\N	waiting	2025-07-09 23:06:39
1102	175010	\N	waiting	2024-08-28 08:18:53
1103	232778	Bukti transfer untuk private course - Clear more attention more serve remain people.	accepted	2025-09-22 14:27:58
1104	108289	Bukti transfer untuk private course - Need study draw treat consumer idea discover.	accepted	2024-10-30 12:19:34
1105	172395	Bukti transfer untuk private course - Shoulder red forward other.	rejected	2025-08-27 01:27:16
1106	120161	Bukti transfer untuk private course - Price hear continue whose hard while.	accepted	2024-11-20 03:36:59
1107	116402	Bukti transfer untuk private course - Middle big up major administration itself.	accepted	2025-09-03 22:31:14
1108	213245	Bukti transfer untuk private course - Operation yeah few.	accepted	2025-01-30 06:01:49
1109	118684	Bukti transfer untuk private course - Film daughter other figure common first machine.	accepted	2024-10-14 15:36:45
1110	57224	Bukti transfer untuk private course - Key voice try everybody force.	accepted	2024-05-12 12:59:42
1111	207554	Bukti transfer untuk private course - Beyond check cut relate drive western.	accepted	2025-09-22 11:17:46
1112	190977	Bukti transfer untuk private course - Break themselves brother so.	rejected	2025-03-16 21:07:47
1113	257615	Bukti transfer untuk private course - Purpose sign picture range.	accepted	2024-08-08 15:13:40
1114	214917	\N	waiting	2024-12-28 14:56:58
1115	81724	Bukti transfer untuk private course - Take fall machine floor.	rejected	2024-09-10 07:14:12
1116	145243	Bukti transfer untuk private course - Particular attorney back already enter.	accepted	2024-10-19 08:16:54
1117	252282	Bukti transfer untuk private course - Them watch region receive although cold strategy.	accepted	2025-04-13 15:18:08
1118	133623	Bukti transfer untuk private course - Organization seek skill wish theory.	accepted	2024-10-01 11:29:55
1119	75830	Bukti transfer untuk private course - Property religious weight to dinner.	accepted	2024-06-26 21:11:10
1120	127498	Bukti transfer untuk private course - Save win increase here pay difficult.	accepted	2024-11-23 02:59:28
1121	186708	Bukti transfer untuk private course - Claim create subject same place during.	accepted	2025-09-26 19:13:29
1122	98960	Bukti transfer untuk private course - Fill weight prevent fine story enjoy significant.	accepted	2024-12-14 12:34:00
1123	225668	Bukti transfer untuk private course - Open power dream anyone.	accepted	2024-08-15 04:49:52
1124	130134	Bukti transfer untuk private course - Oil almost yeah Mrs.	accepted	2024-10-02 12:05:18
1125	133171	Bukti transfer untuk private course - High team whom trade sell increase.	accepted	2025-04-07 13:49:18
1126	74434	Bukti transfer untuk private course - Forget support eat control rich generation.	accepted	2025-01-13 12:52:56
1127	202965	Bukti transfer untuk private course - At western evening watch enter indeed.	accepted	2024-05-06 00:52:39
1128	174221	Bukti transfer untuk private course - Election hard film process father scene doctor.	accepted	2025-09-11 08:12:13
1129	237585	Bukti transfer untuk private course - Buy soon member family turn process.	accepted	2025-09-27 19:38:53
1130	186740	\N	waiting	2024-08-01 06:04:47
1131	141481	Bukti transfer untuk private course - High fall road approach. Run cut ago claim pay.	accepted	2025-01-25 20:55:04
1132	131909	Bukti transfer untuk private course - Half paper describe score home.	accepted	2025-02-26 09:12:13
1133	126907	Bukti transfer untuk private course - Eat nice approach change.	accepted	2025-04-10 16:08:14
1134	183636	Bukti transfer untuk private course - Then specific industry certain. Room tell method.	accepted	2025-01-12 09:28:35
1135	86882	\N	waiting	2025-07-24 16:39:26
1136	222730	Bukti transfer untuk private course - Nice fly apply affect.	accepted	2024-10-13 00:41:36
1137	138917	Bukti transfer untuk private course - Allow house others more. Imagine name firm bed.	accepted	2025-07-18 17:29:30
1138	237863	Bukti transfer untuk private course - Bar maybe data whom a.	accepted	2024-05-15 08:20:32
1139	94999	Bukti transfer untuk private course - Space performance store house.	accepted	2024-08-06 10:49:33
1140	134658	Bukti transfer untuk private course - Stage ok fire then oil far.	accepted	2024-05-13 07:46:38
1141	251614	Bukti transfer untuk private course - Billion meeting wind board already remain more.	accepted	2025-02-17 10:51:23
1142	166726	\N	waiting	2024-09-24 08:14:55
1143	201665	Bukti transfer untuk private course - Drop drug machine establish bag.	accepted	2025-03-06 07:38:05
1144	203157	Bukti transfer untuk private course - Red author house treat civil.	accepted	2024-11-12 03:07:09
1145	211043	Bukti transfer untuk private course - Add should seat perhaps.	accepted	2024-10-29 09:30:36
1146	65285	Bukti transfer untuk private course - Cultural gas most expert test meet section.	accepted	2025-08-16 15:45:54
1147	93431	Bukti transfer untuk private course - Fact whatever maintain forward.	accepted	2025-09-10 03:30:36
1148	182810	Bukti transfer untuk private course - Everyone out player by see pass.	accepted	2024-06-13 09:43:10
1149	119603	Bukti transfer untuk private course - General professor rate listen cultural.	accepted	2024-11-20 01:08:36
1150	117173	Bukti transfer untuk private course - Order song bit fill. Force PM drive shoulder.	rejected	2025-05-18 05:04:53
1151	221686	\N	waiting	2024-11-10 02:07:15
1152	122173	Bukti transfer untuk private course - Dream power industry policy past hair son.	accepted	2025-06-28 15:04:37
1153	115930	Bukti transfer untuk private course - Before job wish life prevent.	accepted	2025-08-04 02:45:10
1154	137068	Bukti transfer untuk private course - Time glass argue recent size relate.	accepted	2025-08-18 12:48:46
1155	185596	Bukti transfer untuk private course - Truth board whatever shoulder loss theory thank.	accepted	2025-08-19 03:48:29
1156	235834	Bukti transfer untuk private course - Seek Congress outside. Consumer seek plan stuff.	accepted	2025-09-17 10:24:58
1157	225704	Bukti transfer untuk private course - Manage network blood. Food pass born.	accepted	2025-08-12 21:07:07
1158	292692	\N	waiting	2025-06-20 08:24:40
1159	160769	Bukti transfer untuk private course - Animal entire against usually.	accepted	2025-06-21 21:36:01
1160	202778	Bukti transfer untuk private course - Big sort there serve information.	accepted	2024-08-22 04:05:48
1161	102449	\N	waiting	2024-07-27 07:38:14
1162	166015	Bukti transfer untuk private course - Couple one owner attorney reveal free exist.	accepted	2025-03-30 18:48:07
1163	141691	\N	waiting	2025-02-22 08:32:57
1164	183409	Bukti transfer untuk private course - Free indeed federal almost force property same.	accepted	2025-01-10 17:25:34
1165	116293	Bukti transfer untuk private course - Force risk now former ahead from material.	accepted	2024-05-16 11:18:19
1166	133556	Bukti transfer untuk private course - Where such visit together turn general everyone.	accepted	2024-06-26 17:41:57
1167	138752	Bukti transfer untuk private course - Couple your international.	accepted	2024-12-17 08:57:15
1168	171730	Bukti transfer untuk private course - Around worker ask.	accepted	2024-10-13 15:21:50
1169	247840	Bukti transfer untuk private course - Sister no use fast drop people his.	accepted	2025-09-20 03:07:35
1170	91450	Bukti transfer untuk private course - Meeting open leave data image that.	accepted	2024-12-21 11:08:09
1171	119039	Bukti transfer untuk private course - Contain begin high coach agreement.	accepted	2025-07-22 17:31:39
1172	69560	Bukti transfer untuk private course - Bill effect analysis level scientist by young.	accepted	2025-08-24 18:52:02
1173	262734	Bukti transfer untuk private course - Base kind above contain.	rejected	2025-07-05 03:43:02
1174	188436	Bukti transfer untuk private course - Ok many goal brother. Plan protect rich glass.	rejected	2024-08-15 04:15:43
1175	65100	Bukti transfer untuk private course - To reveal political yard happy difference.	accepted	2025-01-25 11:23:22
1176	170890	Bukti transfer untuk private course - Office five bring first.	accepted	2024-07-23 19:40:44
1177	203937	Bukti transfer untuk private course - Agreement summer field girl not degree.	accepted	2024-09-02 03:46:39
1178	247295	Bukti transfer untuk private course - Best eye impact. Decision senior work every.	accepted	2024-05-28 09:55:53
1179	95199	Bukti transfer untuk private course - Off often machine too middle same deal.	accepted	2025-07-29 09:38:14
1180	182245	Bukti transfer untuk private course - Hand stage now trouble.	accepted	2025-03-26 19:03:54
1181	186268	Bukti transfer untuk private course - Decide choose develop whole.	rejected	2025-03-19 07:55:58
1182	108641	Bukti transfer untuk private course - Action hotel increase either finish blood.	accepted	2025-07-10 16:19:17
1183	160780	Bukti transfer untuk private course - Would culture pretty defense.	accepted	2025-03-30 00:25:02
1184	235871	Bukti transfer untuk private course - Each break why change able.	accepted	2024-05-02 15:20:29
1185	208788	Bukti transfer untuk private course - Newspaper their wall.	accepted	2025-03-29 03:13:00
1186	273154	Bukti transfer untuk private course - Expect Mrs hundred act use course.	accepted	2025-05-13 17:16:02
1187	135210	Bukti transfer untuk private course - Responsibility region hot maybe former model.	rejected	2024-08-12 08:29:37
1188	67724	Bukti transfer untuk private course - Everything state reveal building world.	rejected	2025-05-09 11:35:21
1189	93872	\N	waiting	2025-08-12 13:19:06
1190	114194	\N	waiting	2025-07-20 22:26:17
1191	149382	Bukti transfer untuk private course - Story there player value form company central.	accepted	2024-10-07 03:21:05
1192	195461	Bukti transfer untuk private course - Hand carry party from wish.	accepted	2024-12-17 22:54:00
1193	148262	Bukti transfer untuk private course - Must light term parent.	accepted	2025-01-08 08:52:13
1194	134802	Bukti transfer untuk private course - Notice ability size though should resource away.	accepted	2025-08-08 07:45:15
1195	92507	Bukti transfer untuk private course - Himself miss minute price expect.	accepted	2025-02-10 10:06:07
1196	139638	Bukti transfer untuk private course - Serve sort top letter mind.	accepted	2024-08-13 09:37:55
1197	146757	Bukti transfer untuk private course - Stop science wide half.	accepted	2024-08-22 00:53:41
1198	149365	Bukti transfer untuk private course - Field process food certainly family manage.	accepted	2024-07-28 21:12:46
1199	129715	Bukti transfer untuk private course - Wrong must such investment six story method.	accepted	2024-12-26 08:59:48
1200	158290	\N	waiting	2024-07-10 13:09:46
1201	134285	Bukti transfer untuk private course - Key available stage very tax suggest.	accepted	2024-10-20 02:27:53
1202	124489	Bukti transfer untuk private course - Woman little speech impact accept.	rejected	2024-09-21 11:20:52
1203	65497	\N	waiting	2024-12-19 17:40:37
1204	187007	Bukti transfer untuk private course - Watch much strategy color alone.	accepted	2024-09-10 04:58:48
1205	134880	Bukti transfer untuk private course - Life effect nearly recent land.	accepted	2025-01-17 15:45:11
1206	159368	Bukti transfer untuk private course - News reach care possible entire artist near.	accepted	2025-02-12 11:13:54
1207	200180	Bukti transfer untuk private course - Your board total support.	accepted	2024-07-24 20:24:25
1208	185244	\N	waiting	2024-12-06 14:41:08
1209	169259	Bukti transfer untuk private course - Like the bar. Available art age face decade air.	accepted	2025-08-31 20:54:33
1210	74724	Bukti transfer untuk private course - Yourself point make need loss.	rejected	2024-11-16 19:21:12
1211	126607	\N	waiting	2025-03-19 05:15:16
1212	87906	Bukti transfer untuk private course - However reach letter peace top everyone their.	accepted	2024-10-01 13:08:21
1213	143772	\N	waiting	2024-10-01 17:05:31
1214	201927	Bukti transfer untuk private course - Next growth return.	accepted	2024-08-16 15:54:43
1215	241748	\N	waiting	2025-07-29 15:57:34
1216	150855	Bukti transfer untuk private course - Project still hear state ball drop.	accepted	2025-02-21 04:23:32
1217	211622	Bukti transfer untuk private course - Friend too every serious.	accepted	2024-06-12 17:51:44
1218	185804	\N	waiting	2024-06-16 04:36:52
1219	65030	\N	waiting	2024-08-05 03:58:04
1220	155906	Bukti transfer untuk private course - Culture action positive crime fight.	accepted	2025-03-17 06:35:16
1221	205136	Bukti transfer untuk private course - Vote must stop keep. Good base scene small.	accepted	2024-05-25 09:08:53
1222	139927	Bukti transfer untuk private course - Majority small experience way.	rejected	2025-09-28 15:06:30
1223	231025	Bukti transfer untuk private course - Wait south paper increase skin.	accepted	2025-01-18 23:16:14
1224	172858	\N	waiting	2025-06-23 15:33:29
1225	156394	Bukti transfer untuk private course - Sign while foot we. Feeling him food.	accepted	2025-04-04 08:59:45
1226	236329	Bukti transfer untuk private course - Wear arrive man enough challenge.	accepted	2024-11-11 22:36:49
1227	175421	Bukti transfer untuk private course - Difference human new back daughter operation.	accepted	2025-07-04 11:30:27
1228	124910	\N	waiting	2024-11-19 23:37:19
1229	198980	Bukti transfer untuk private course - Why make stock fire though. Brother to you.	accepted	2025-09-05 19:27:22
1230	246802	\N	waiting	2025-01-31 10:55:51
1231	187066	\N	waiting	2025-01-19 18:45:41
1232	153597	Bukti transfer untuk private course - Account relationship manager.	accepted	2024-11-23 01:13:53
1233	153699	Bukti transfer untuk private course - Respond attorney thus human. Future should walk.	accepted	2024-12-27 13:52:10
1234	158727	Bukti transfer untuk private course - Bag red possible keep.	accepted	2024-11-17 12:33:43
1235	188674	\N	waiting	2024-10-29 10:49:21
1236	110414	Bukti transfer untuk private course - Firm weight involve world return true dog.	accepted	2025-04-20 07:22:45
1237	157238	Bukti transfer untuk private course - Kitchen green seven either.	accepted	2025-03-02 05:03:41
1238	246315	Bukti transfer untuk private course - Western ten themselves their always three score.	accepted	2024-08-27 09:04:38
1239	122123	Bukti transfer untuk private course - Goal sense tax especially stage.	accepted	2025-10-04 10:59:31
1240	262860	Bukti transfer untuk private course - Police seat number back teacher.	accepted	2025-05-12 12:09:30
1241	90246	\N	waiting	2025-02-20 16:08:54
1242	124328	Bukti transfer untuk private course - Notice role kind ever give.	rejected	2025-02-06 22:50:43
1243	234893	Bukti transfer untuk private course - Price read house certain today parent agency.	accepted	2024-07-08 11:28:36
1244	127421	Bukti transfer untuk private course - Simply pick challenge agree.	accepted	2024-12-27 01:44:34
1245	140132	Bukti transfer untuk private course - Myself network grow oil car.	accepted	2024-06-25 16:58:32
1246	156404	\N	waiting	2024-07-10 07:59:24
1247	236074	\N	waiting	2025-09-02 16:07:37
1248	225112	Bukti transfer untuk private course - Peace man them quickly.	accepted	2025-08-07 11:03:03
1249	115572	Bukti transfer untuk private course - Hold professor health dark.	accepted	2025-06-24 12:45:37
1250	153282	Bukti transfer untuk private course - News law throw explain.	accepted	2025-02-04 21:30:39
1251	142593	Bukti transfer untuk private course - Wonder owner her threat state.	rejected	2025-01-30 02:21:25
1252	247685	Bukti transfer untuk private course - Face less myself summer training though along.	rejected	2024-07-15 18:15:30
1253	232351	Bukti transfer untuk private course - Guess best film.	accepted	2024-09-16 22:54:14
1254	240066	Bukti transfer untuk private course - Lawyer indeed car even series billion government.	accepted	2024-09-11 06:03:31
1255	158523	Bukti transfer untuk private course - Party national stuff general.	accepted	2024-07-23 07:00:12
1256	247911	Bukti transfer untuk private course - Hope system to trade but exactly others.	accepted	2024-10-23 06:40:17
1257	95138	Bukti transfer untuk private course - Character above soon open case throughout.	accepted	2025-05-23 14:21:11
1258	216813	Bukti transfer untuk private course - State thought record group stage.	accepted	2025-07-26 20:02:40
1259	223244	Bukti transfer untuk private course - Pretty particular staff life evidence teach at.	accepted	2025-02-15 13:35:35
1260	232561	Bukti transfer untuk private course - We alone others high throughout.	accepted	2025-02-09 05:46:40
1261	224220	\N	waiting	2025-05-05 17:10:07
1262	102761	Bukti transfer untuk private course - Beat yard knowledge then in.	accepted	2025-08-25 09:54:33
1263	140814	Bukti transfer untuk private course - Field product study account doctor remain.	rejected	2025-05-17 22:20:07
1264	135842	Bukti transfer untuk private course - Interesting yet wait of network finally.	accepted	2024-07-24 20:35:50
1265	199078	Bukti transfer untuk private course - Above teacher inside fill check.	accepted	2024-12-15 03:14:10
1266	190644	Bukti transfer untuk private course - Participant fast attention. Political agent onto.	accepted	2025-08-27 10:34:11
1267	145849	Bukti transfer untuk private course - Within glass worker section.	accepted	2025-04-18 17:58:37
1268	141913	Bukti transfer untuk private course - Inside bill piece language. Car most send.	accepted	2025-06-11 11:04:20
1269	180619	Bukti transfer untuk private course - Value subject determine oil teacher much certain.	accepted	2024-12-04 01:41:01
1270	218528	Bukti transfer untuk private course - Big time country detail with.	accepted	2025-09-04 00:14:21
1271	163769	Bukti transfer untuk private course - Grow future political finally bag later pretty.	accepted	2025-05-13 17:08:10
1272	53534	Bukti transfer untuk private course - Top page idea beyond oil.	accepted	2024-04-29 05:44:16
\.


--
-- Data for Name: privatecourseorder; Type: TABLE DATA; Schema: public; Owner: postgres
--

COPY public.privatecourseorder (private_course_order_id, customer_id, payment_id) FROM stdin;
1	23	775
2	189	776
3	304	777
4	155	778
5	207	779
6	94	780
7	175	781
8	176	782
9	34	783
10	216	784
11	32	785
12	167	786
13	319	787
14	374	788
15	388	789
16	86	790
17	170	791
18	284	792
19	376	793
20	57	794
21	260	795
22	58	796
23	64	797
24	334	798
25	303	799
26	299	800
27	256	801
28	240	802
29	190	803
30	94	804
31	68	805
32	357	806
33	230	807
34	146	808
35	161	809
36	197	810
37	379	811
38	274	812
39	371	813
40	386	814
41	157	815
42	331	816
43	360	817
44	230	818
45	24	819
46	247	820
47	54	821
48	360	822
49	357	823
50	326	824
51	285	825
52	337	826
53	196	827
54	139	828
55	116	829
56	97	830
57	167	831
58	387	832
59	252	833
60	384	834
61	117	835
62	260	836
63	332	837
64	134	838
65	113	839
66	307	840
67	232	841
68	262	842
69	345	843
70	178	844
71	367	845
72	230	846
73	280	847
74	309	848
75	323	849
76	127	850
77	238	851
78	265	852
79	151	853
80	325	854
81	261	855
82	264	856
83	205	857
84	141	858
85	117	859
86	196	860
87	312	861
88	137	862
89	198	863
90	331	864
91	248	865
92	356	866
93	97	867
94	214	868
95	165	869
96	48	870
97	362	871
98	91	872
99	41	873
100	254	874
101	263	875
102	249	876
103	221	877
104	334	878
105	140	879
106	20	880
107	283	881
108	258	882
109	207	883
110	111	884
111	30	885
112	86	886
113	318	887
114	150	888
115	210	889
116	284	890
117	86	891
118	336	892
119	176	893
120	352	894
121	62	895
122	94	896
123	18	897
124	155	898
125	51	899
126	338	900
127	97	901
128	197	902
129	12	903
130	185	904
131	137	905
132	139	906
133	170	907
134	181	908
135	210	909
136	264	910
137	383	911
138	349	912
139	187	913
140	373	914
141	345	915
142	14	916
143	359	917
144	76	918
145	147	919
146	146	920
147	272	921
148	48	922
149	135	923
150	121	924
151	43	925
152	108	926
153	213	927
154	178	928
155	81	929
156	365	930
157	307	931
158	14	932
159	211	933
160	79	934
161	53	935
162	22	936
163	70	937
164	31	938
165	63	939
166	33	940
167	307	941
168	18	942
169	97	943
170	14	944
171	8	945
172	329	946
173	270	947
174	17	948
175	275	949
176	289	950
177	259	951
178	198	952
179	213	953
180	53	954
181	157	955
182	392	956
183	259	957
184	297	958
185	232	959
186	287	960
187	388	961
188	383	962
189	306	963
190	285	964
191	23	965
192	34	966
193	266	967
194	226	968
195	154	969
196	69	970
197	153	971
198	322	972
199	35	973
200	76	974
201	10	975
202	33	976
203	84	977
204	90	978
205	375	979
206	199	980
207	99	981
208	156	982
209	25	983
210	111	984
211	383	985
212	203	986
213	345	987
214	34	988
215	339	989
216	330	990
217	395	991
218	134	992
219	304	993
220	15	994
221	264	995
222	381	996
223	134	997
224	147	998
225	153	999
226	251	1000
227	270	1001
228	141	1002
229	323	1003
230	353	1004
231	196	1005
232	136	1006
233	139	1007
234	251	1008
235	216	1009
236	341	1010
237	21	1011
238	69	1012
239	35	1013
240	29	1014
241	336	1015
242	222	1016
243	157	1017
244	211	1018
245	312	1019
246	28	1020
247	28	1021
248	40	1022
249	149	1023
250	54	1024
251	121	1025
252	50	1026
253	161	1027
254	96	1028
255	234	1029
256	208	1030
257	309	1031
258	121	1032
259	347	1033
260	25	1034
261	247	1035
262	161	1036
263	82	1037
264	182	1038
265	380	1039
266	235	1040
267	348	1041
268	351	1042
269	92	1043
270	280	1044
271	306	1045
272	288	1046
273	303	1047
274	196	1048
275	10	1049
276	275	1050
277	398	1051
278	145	1052
279	304	1053
280	221	1054
281	14	1055
282	189	1056
283	56	1057
284	143	1058
285	261	1059
286	336	1060
287	44	1061
288	119	1062
289	218	1063
290	19	1064
291	87	1065
292	356	1066
293	81	1067
294	130	1068
295	54	1069
296	60	1070
297	215	1071
298	198	1072
299	170	1073
300	175	1074
301	348	1075
302	259	1076
303	36	1077
304	245	1078
305	32	1079
306	312	1080
307	196	1081
308	32	1082
309	297	1083
310	265	1084
311	8	1085
312	370	1086
313	138	1087
314	360	1088
315	141	1089
316	315	1090
317	324	1091
318	135	1092
319	384	1093
320	218	1094
321	71	1095
322	158	1096
323	345	1097
324	123	1098
325	226	1099
326	186	1100
327	222	1101
328	43	1102
329	110	1103
330	42	1104
331	226	1105
332	52	1106
333	191	1107
334	216	1108
335	80	1109
336	162	1110
337	307	1111
338	70	1112
339	196	1113
340	118	1114
341	197	1115
342	302	1116
343	192	1117
344	31	1118
345	15	1119
346	221	1120
347	317	1121
348	22	1122
349	141	1123
350	30	1124
351	223	1125
352	219	1126
353	115	1127
354	71	1128
355	267	1129
356	276	1130
357	57	1131
358	360	1132
359	33	1133
360	363	1134
361	180	1135
362	136	1136
363	223	1137
364	262	1138
365	316	1139
366	267	1140
367	331	1141
368	276	1142
369	291	1143
370	79	1144
371	83	1145
372	111	1146
373	141	1147
374	135	1148
375	100	1149
376	320	1150
377	158	1151
378	347	1152
379	84	1153
380	101	1154
381	156	1155
382	324	1156
383	221	1157
384	249	1158
385	146	1159
386	135	1160
387	362	1161
388	337	1162
389	173	1163
390	12	1164
391	196	1165
392	71	1166
393	265	1167
394	187	1168
395	136	1169
396	336	1170
397	305	1171
398	51	1172
399	118	1173
400	153	1174
401	386	1175
402	84	1176
403	296	1177
404	356	1178
405	343	1179
406	315	1180
407	363	1181
408	147	1182
409	269	1183
410	209	1184
411	284	1185
412	170	1186
413	331	1187
414	297	1188
415	349	1189
416	299	1190
417	34	1191
418	269	1192
419	111	1193
420	287	1194
421	356	1195
422	299	1196
423	241	1197
424	348	1198
425	206	1199
426	370	1200
427	283	1201
428	150	1202
429	45	1203
430	281	1204
431	201	1205
432	203	1206
433	53	1207
434	198	1208
435	208	1209
436	32	1210
437	148	1211
438	141	1212
439	40	1213
440	353	1214
441	216	1215
442	161	1216
443	197	1217
444	202	1218
445	251	1219
446	311	1220
447	220	1221
448	223	1222
449	131	1223
450	68	1224
451	315	1225
452	180	1226
453	61	1227
454	43	1228
455	373	1229
456	157	1230
457	10	1231
458	12	1232
459	120	1233
460	71	1234
461	198	1235
462	88	1236
463	223	1237
464	107	1238
465	239	1239
466	94	1240
467	215	1241
468	108	1242
469	382	1243
470	248	1244
471	143	1245
472	183	1246
473	115	1247
474	248	1248
475	268	1249
476	117	1250
477	49	1251
478	332	1252
479	233	1253
480	234	1254
481	340	1255
482	313	1256
483	229	1257
484	152	1258
485	299	1259
486	29	1260
487	249	1261
488	218	1262
489	6	1263
490	349	1264
491	164	1265
492	298	1266
493	51	1267
494	306	1268
495	163	1269
496	392	1270
497	133	1271
498	318	1272
\.


--
-- Data for Name: privatecourseorderdetail; Type: TABLE DATA; Schema: public; Owner: postgres
--

COPY public.privatecourseorderdetail (private_course_order_detail_id, private_course_order_id, coach_availability_id) FROM stdin;
1	1	415
2	2	53
3	3	940
4	4	47
5	5	31
6	6	1082
7	7	915
8	8	845
9	9	1035
10	10	1213
11	11	288
12	12	118
13	13	686
14	14	928
15	15	1120
16	16	489
17	17	235
18	18	1097
19	19	673
20	20	1166
21	21	539
22	22	875
23	23	374
24	24	1154
25	25	400
26	26	469
27	27	1201
28	28	706
29	29	942
30	30	1077
31	31	143
32	32	1141
33	33	273
34	34	1095
35	35	76
36	36	835
37	37	796
38	38	379
39	39	988
40	40	1186
41	41	189
42	42	787
43	43	384
44	44	778
45	45	535
46	46	1000
47	47	57
48	48	424
49	49	1220
50	50	152
51	51	1078
52	52	1139
53	53	1053
54	54	110
55	55	222
56	56	1191
57	57	178
58	58	1218
59	59	128
60	60	874
61	61	418
62	62	115
63	63	84
64	64	412
65	65	371
66	66	355
67	67	205
68	68	356
69	69	404
70	70	813
71	71	709
72	72	850
73	73	794
74	74	771
75	75	925
76	76	111
77	77	521
78	78	217
79	79	1194
80	80	993
81	81	514
82	82	517
83	83	742
84	84	515
85	85	491
86	86	972
87	87	767
88	88	950
89	89	55
90	90	1007
91	91	589
92	92	821
93	93	1153
94	94	994
95	95	529
96	96	452
97	97	449
98	98	526
99	99	609
100	100	341
101	101	263
102	102	1020
103	103	718
104	104	911
105	105	879
106	106	613
107	107	1145
108	108	566
109	109	1175
110	110	35
111	111	664
112	112	619
113	113	710
114	114	644
115	115	1002
116	116	1227
117	117	153
118	118	345
119	119	937
120	120	1043
121	121	970
122	122	1113
123	123	464
124	124	1172
125	125	1032
126	126	791
127	127	73
128	128	743
129	129	668
130	130	551
131	131	692
132	132	130
133	133	753
134	134	746
135	135	85
136	136	561
137	137	369
138	138	1168
139	139	1187
140	140	101
141	141	765
142	142	505
143	143	740
144	144	531
145	145	108
146	146	176
147	147	784
148	148	437
149	149	674
150	150	1236
151	151	520
152	152	918
153	153	616
154	154	727
155	155	148
156	156	866
157	157	428
158	158	1205
159	159	283
160	160	240
161	161	392
162	162	336
163	163	887
164	164	272
165	165	301
166	166	292
167	167	1033
168	168	754
169	169	685
170	170	921
171	171	596
172	172	367
173	173	1169
174	174	832
175	175	1027
176	176	1102
177	177	657
178	178	423
179	179	1216
180	180	107
181	181	649
182	182	763
183	183	772
184	184	431
185	185	174
186	186	13
187	187	1161
188	188	157
189	189	99
190	190	896
191	191	1121
192	192	445
193	193	651
194	194	120
195	195	462
196	196	342
197	197	693
198	198	383
199	199	1044
200	200	413
201	201	759
202	202	210
203	203	438
204	204	926
205	205	883
206	206	636
207	207	804
208	208	494
209	209	139
210	210	86
211	211	365
212	212	30
213	213	372
214	214	186
215	215	48
216	216	1212
217	217	485
218	218	100
219	219	326
220	220	1058
221	221	702
222	222	916
223	223	536
224	224	920
225	225	59
226	226	1160
227	227	593
228	228	935
229	229	454
230	230	745
231	231	442
232	232	510
233	233	190
234	234	519
235	235	628
236	236	780
237	237	588
238	238	1081
239	239	257
240	240	684
241	241	269
242	242	512
243	243	439
244	244	187
245	245	1009
246	246	1057
247	247	41
248	248	495
249	249	250
250	250	1005
251	251	1124
252	252	3
253	253	154
254	254	293
255	255	979
256	256	844
257	257	977
258	258	1085
259	259	2
260	260	207
261	261	1223
262	262	1084
263	263	595
264	264	9
265	265	965
266	266	853
267	267	890
268	268	554
269	269	592
270	270	758
271	271	1067
272	272	456
273	273	1049
274	274	541
275	275	1070
276	276	870
277	277	886
278	278	340
279	279	827
280	280	1112
281	281	221
282	282	785
283	283	774
284	284	1012
285	285	497
286	286	1086
287	287	144
288	288	944
289	289	1204
290	290	656
291	291	741
292	292	516
293	293	908
294	294	618
295	295	319
296	296	968
297	297	213
298	298	236
299	299	230
300	300	11
301	301	662
302	302	585
303	303	525
304	304	1190
305	305	237
306	306	1159
307	307	145
308	308	500
309	309	672
310	310	716
311	311	294
312	312	278
313	313	332
314	314	603
315	315	320
316	316	151
317	317	310
318	318	737
319	319	1131
320	320	824
321	321	410
322	322	782
323	323	488
324	324	466
325	325	527
326	326	422
327	327	860
328	328	906
329	329	1195
330	330	364
331	331	590
332	332	360
333	333	347
334	334	61
335	335	820
336	336	708
337	337	991
338	338	666
339	339	167
340	340	617
341	341	324
342	342	781
343	343	202
344	344	576
345	345	682
346	346	461
347	347	676
348	348	281
349	349	77
350	350	550
351	351	822
352	352	700
353	353	929
354	354	548
355	355	94
356	356	1025
357	357	1148
358	358	859
359	359	359
360	360	658
361	361	764
362	362	986
363	363	776
364	364	10
365	365	306
366	366	862
367	367	223
368	368	933
369	369	978
370	370	1017
371	371	1237
372	372	707
373	373	313
374	374	1094
375	375	864
376	376	346
377	377	981
378	378	397
379	379	408
380	380	802
381	381	653
382	382	21
383	383	1011
384	384	188
385	385	564
386	386	37
387	387	311
388	388	897
389	389	583
390	390	1028
391	391	330
392	392	814
393	393	1144
394	394	895
395	395	121
396	396	307
397	397	314
398	398	695
399	399	244
400	400	669
401	401	730
402	402	904
403	403	966
404	404	43
405	405	286
406	406	1056
407	407	601
408	408	407
409	409	1048
410	410	119
411	411	650
412	412	146
413	413	779
414	414	735
415	415	328
416	416	511
417	417	800
418	418	881
419	419	353
420	420	766
421	421	689
422	422	597
423	423	558
424	424	388
425	425	378
426	426	1116
427	427	792
428	428	812
429	429	738
430	430	997
431	431	575
432	432	496
433	433	78
434	434	873
435	435	1038
436	436	712
437	437	436
438	438	690
439	439	441
440	440	1014
441	441	1226
442	442	1149
443	443	605
444	444	610
445	445	762
446	446	1156
447	447	905
448	448	842
449	449	1241
450	450	572
451	451	1045
452	452	90
453	453	1041
454	454	816
455	455	948
456	456	97
457	457	990
458	458	463
459	459	768
460	460	847
461	461	665
462	462	349
463	463	1060
464	464	28
465	465	486
466	466	122
467	467	699
468	468	430
469	469	1206
470	470	1128
471	471	389
472	472	546
473	473	62
474	474	1203
475	475	254
476	476	1146
477	477	849
478	478	158
479	479	96
480	480	1219
481	481	544
482	482	1209
483	483	713
484	484	1004
485	485	50
486	486	1176
487	487	643
488	488	394
489	489	506
490	490	490
491	491	923
492	492	917
493	493	1111
494	494	1162
495	495	969
496	496	631
497	497	900
498	498	719
\.


--
-- Data for Name: users; Type: TABLE DATA; Schema: public; Owner: postgres
--

COPY public.users (user_id, full_name, password_hash, email, phone_number, type) FROM stdin;
1	Gregory Hays	240be518fabd2724ddb6f04eeb1da5967448d7e831c08c8fa822809f74c720a9	gregoryhays215@email.com	+6253495323953	admin
2	Gregory Lee	240be518fabd2724ddb6f04eeb1da5967448d7e831c08c8fa822809f74c720a9	gregorylee803@email.com	+6260663892335	admin
3	Marcus Gardner	240be518fabd2724ddb6f04eeb1da5967448d7e831c08c8fa822809f74c720a9	marcusgardner952@email.com	+6238603355836	admin
4	Felicia Hunt	240be518fabd2724ddb6f04eeb1da5967448d7e831c08c8fa822809f74c720a9	feliciahunt45@email.com	+6290386954604	admin
5	Elizabeth Jackson	240be518fabd2724ddb6f04eeb1da5967448d7e831c08c8fa822809f74c720a9	elizabethjackson34@email.com	+6215451300519	admin
6	Jamie Wright	b041c0aeb35bb0fa4aa668ca5a920b590196fdaf9a00eb852c9b7f4d123cc6d6	jamiewright294@email.com	+6282569272989	customer
7	Randy Moore	b041c0aeb35bb0fa4aa668ca5a920b590196fdaf9a00eb852c9b7f4d123cc6d6	randymoore78@email.com	+6258512606229	customer
8	Mitchell Ortiz	b041c0aeb35bb0fa4aa668ca5a920b590196fdaf9a00eb852c9b7f4d123cc6d6	mitchellortiz933@email.com	+6277450744546	customer
9	Stephen Black	b041c0aeb35bb0fa4aa668ca5a920b590196fdaf9a00eb852c9b7f4d123cc6d6	stephenblack921@email.com	+6275554690566	customer
10	Kimberly Caldwell	b041c0aeb35bb0fa4aa668ca5a920b590196fdaf9a00eb852c9b7f4d123cc6d6	kimberlycaldwell795@email.com	+6288487574136	customer
11	Shawn Harvey	b041c0aeb35bb0fa4aa668ca5a920b590196fdaf9a00eb852c9b7f4d123cc6d6	shawnharvey676@email.com	+6254358588758	customer
12	David Ramirez	b041c0aeb35bb0fa4aa668ca5a920b590196fdaf9a00eb852c9b7f4d123cc6d6	davidramirez522@email.com	+6282257563567	customer
13	John Schultz	b041c0aeb35bb0fa4aa668ca5a920b590196fdaf9a00eb852c9b7f4d123cc6d6	johnschultz712@email.com	+6223419957244	customer
14	Lisa Byrd	b041c0aeb35bb0fa4aa668ca5a920b590196fdaf9a00eb852c9b7f4d123cc6d6	lisabyrd424@email.com	+6260663700723	customer
15	Travis Robinson	b041c0aeb35bb0fa4aa668ca5a920b590196fdaf9a00eb852c9b7f4d123cc6d6	travisrobinson258@email.com	+6233987275272	customer
16	Terry Carr	b041c0aeb35bb0fa4aa668ca5a920b590196fdaf9a00eb852c9b7f4d123cc6d6	terrycarr920@email.com	+6229176894045	customer
17	Joshua Williams	b041c0aeb35bb0fa4aa668ca5a920b590196fdaf9a00eb852c9b7f4d123cc6d6	joshuawilliams920@email.com	+6208813380509	customer
18	Gary Johnson	b041c0aeb35bb0fa4aa668ca5a920b590196fdaf9a00eb852c9b7f4d123cc6d6	garyjohnson189@email.com	+6261769364788	customer
19	Raymond Jordan	b041c0aeb35bb0fa4aa668ca5a920b590196fdaf9a00eb852c9b7f4d123cc6d6	raymondjordan674@email.com	+6236619491102	customer
20	Jose Stewart	b041c0aeb35bb0fa4aa668ca5a920b590196fdaf9a00eb852c9b7f4d123cc6d6	josestewart25@email.com	+6290442498619	customer
21	Jacob Rogers	b041c0aeb35bb0fa4aa668ca5a920b590196fdaf9a00eb852c9b7f4d123cc6d6	jacobrogers538@email.com	+6200989395987	customer
22	Anthony Robertson	b041c0aeb35bb0fa4aa668ca5a920b590196fdaf9a00eb852c9b7f4d123cc6d6	anthonyrobertson808@email.com	+6231576222791	customer
23	Lee Booth	b041c0aeb35bb0fa4aa668ca5a920b590196fdaf9a00eb852c9b7f4d123cc6d6	leebooth482@email.com	+6262962715838	customer
24	Claire Martin	b041c0aeb35bb0fa4aa668ca5a920b590196fdaf9a00eb852c9b7f4d123cc6d6	clairemartin927@email.com	+6268583024711	customer
25	Oscar Reyes	b041c0aeb35bb0fa4aa668ca5a920b590196fdaf9a00eb852c9b7f4d123cc6d6	oscarreyes548@email.com	+6212636980002	customer
26	Paula Allison	b041c0aeb35bb0fa4aa668ca5a920b590196fdaf9a00eb852c9b7f4d123cc6d6	paulaallison865@email.com	+6293762029722	customer
27	Valerie Lee	b041c0aeb35bb0fa4aa668ca5a920b590196fdaf9a00eb852c9b7f4d123cc6d6	valerielee710@email.com	+6233290805084	customer
28	Teresa Gallagher	b041c0aeb35bb0fa4aa668ca5a920b590196fdaf9a00eb852c9b7f4d123cc6d6	teresagallagher85@email.com	+6270651022257	customer
29	Breanna Burke	b041c0aeb35bb0fa4aa668ca5a920b590196fdaf9a00eb852c9b7f4d123cc6d6	breannaburke265@email.com	+6267815731892	customer
30	Sharon Powell	b041c0aeb35bb0fa4aa668ca5a920b590196fdaf9a00eb852c9b7f4d123cc6d6	sharonpowell430@email.com	+6239041327332	customer
31	Frederick Lee	b041c0aeb35bb0fa4aa668ca5a920b590196fdaf9a00eb852c9b7f4d123cc6d6	fredericklee317@email.com	+6223346313456	customer
32	Danny Summers	b041c0aeb35bb0fa4aa668ca5a920b590196fdaf9a00eb852c9b7f4d123cc6d6	dannysummers281@email.com	+6264725779610	customer
33	Matthew Martin	b041c0aeb35bb0fa4aa668ca5a920b590196fdaf9a00eb852c9b7f4d123cc6d6	matthewmartin519@email.com	+6283836346834	customer
34	Christopher Holmes	b041c0aeb35bb0fa4aa668ca5a920b590196fdaf9a00eb852c9b7f4d123cc6d6	christopherholmes870@email.com	+6299444914689	customer
35	Kenneth Brown	b041c0aeb35bb0fa4aa668ca5a920b590196fdaf9a00eb852c9b7f4d123cc6d6	kennethbrown212@email.com	+6230615142419	customer
36	Lindsay Ray	b041c0aeb35bb0fa4aa668ca5a920b590196fdaf9a00eb852c9b7f4d123cc6d6	lindsayray328@email.com	+6241504753929	customer
37	Sarah Lam DVM	b041c0aeb35bb0fa4aa668ca5a920b590196fdaf9a00eb852c9b7f4d123cc6d6	sarahlamdvm912@email.com	+6234980074588	customer
38	Matthew Schaefer	b041c0aeb35bb0fa4aa668ca5a920b590196fdaf9a00eb852c9b7f4d123cc6d6	matthewschaefer148@email.com	+6239723549095	customer
39	Kathleen Johnson	b041c0aeb35bb0fa4aa668ca5a920b590196fdaf9a00eb852c9b7f4d123cc6d6	kathleenjohnson763@email.com	+6221723938781	customer
40	Charles Mcdowell	b041c0aeb35bb0fa4aa668ca5a920b590196fdaf9a00eb852c9b7f4d123cc6d6	charlesmcdowell187@email.com	+6284319983484	customer
41	Ronald Pena	b041c0aeb35bb0fa4aa668ca5a920b590196fdaf9a00eb852c9b7f4d123cc6d6	ronaldpena364@email.com	+6286321813570	customer
42	David Kelly	b041c0aeb35bb0fa4aa668ca5a920b590196fdaf9a00eb852c9b7f4d123cc6d6	davidkelly204@email.com	+6231111369188	customer
43	Brenda Duffy	b041c0aeb35bb0fa4aa668ca5a920b590196fdaf9a00eb852c9b7f4d123cc6d6	brendaduffy57@email.com	+6218185625035	customer
44	Ebony Gonzales	b041c0aeb35bb0fa4aa668ca5a920b590196fdaf9a00eb852c9b7f4d123cc6d6	ebonygonzales689@email.com	+6219083661562	customer
45	Victoria Evans	b041c0aeb35bb0fa4aa668ca5a920b590196fdaf9a00eb852c9b7f4d123cc6d6	victoriaevans267@email.com	+6224330521660	customer
46	Edward Horn	b041c0aeb35bb0fa4aa668ca5a920b590196fdaf9a00eb852c9b7f4d123cc6d6	edwardhorn689@email.com	+6275581204527	customer
47	Tina Melton	b041c0aeb35bb0fa4aa668ca5a920b590196fdaf9a00eb852c9b7f4d123cc6d6	tinamelton284@email.com	+6201753826497	customer
48	Shannon Rios	b041c0aeb35bb0fa4aa668ca5a920b590196fdaf9a00eb852c9b7f4d123cc6d6	shannonrios34@email.com	+6266491976600	customer
49	Valerie Gray	b041c0aeb35bb0fa4aa668ca5a920b590196fdaf9a00eb852c9b7f4d123cc6d6	valeriegray220@email.com	+6299655405135	customer
50	William Wilson	b041c0aeb35bb0fa4aa668ca5a920b590196fdaf9a00eb852c9b7f4d123cc6d6	williamwilson967@email.com	+6269182167113	customer
51	Ms. Sharon Sullivan	b041c0aeb35bb0fa4aa668ca5a920b590196fdaf9a00eb852c9b7f4d123cc6d6	ms.sharonsullivan974@email.com	+6288909424031	customer
52	Dustin Gonzalez	b041c0aeb35bb0fa4aa668ca5a920b590196fdaf9a00eb852c9b7f4d123cc6d6	dustingonzalez54@email.com	+6256330745866	customer
53	Kristopher Conner	b041c0aeb35bb0fa4aa668ca5a920b590196fdaf9a00eb852c9b7f4d123cc6d6	kristopherconner770@email.com	+6264479043045	customer
54	Steven Hughes	b041c0aeb35bb0fa4aa668ca5a920b590196fdaf9a00eb852c9b7f4d123cc6d6	stevenhughes891@email.com	+6234341153529	customer
55	John Richardson	b041c0aeb35bb0fa4aa668ca5a920b590196fdaf9a00eb852c9b7f4d123cc6d6	johnrichardson878@email.com	+6267924290452	customer
56	Christina Watson	b041c0aeb35bb0fa4aa668ca5a920b590196fdaf9a00eb852c9b7f4d123cc6d6	christinawatson993@email.com	+6258077425530	customer
57	Jennifer Turner	b041c0aeb35bb0fa4aa668ca5a920b590196fdaf9a00eb852c9b7f4d123cc6d6	jenniferturner521@email.com	+6239199144546	customer
58	Nathan Brown	b041c0aeb35bb0fa4aa668ca5a920b590196fdaf9a00eb852c9b7f4d123cc6d6	nathanbrown672@email.com	+6210213819556	customer
59	Jeremy Love	b041c0aeb35bb0fa4aa668ca5a920b590196fdaf9a00eb852c9b7f4d123cc6d6	jeremylove903@email.com	+6252998636673	customer
60	Richard Padilla	b041c0aeb35bb0fa4aa668ca5a920b590196fdaf9a00eb852c9b7f4d123cc6d6	richardpadilla878@email.com	+6291645665753	customer
61	John Oneill	b041c0aeb35bb0fa4aa668ca5a920b590196fdaf9a00eb852c9b7f4d123cc6d6	johnoneill742@email.com	+6273238258472	customer
62	Ricardo Lee	b041c0aeb35bb0fa4aa668ca5a920b590196fdaf9a00eb852c9b7f4d123cc6d6	ricardolee983@email.com	+6271323620981	customer
63	Sandra Henderson	b041c0aeb35bb0fa4aa668ca5a920b590196fdaf9a00eb852c9b7f4d123cc6d6	sandrahenderson709@email.com	+6255541883775	customer
64	Mary Lin	b041c0aeb35bb0fa4aa668ca5a920b590196fdaf9a00eb852c9b7f4d123cc6d6	marylin66@email.com	+6280994807675	customer
65	David Rivers	b041c0aeb35bb0fa4aa668ca5a920b590196fdaf9a00eb852c9b7f4d123cc6d6	davidrivers830@email.com	+6276186077603	customer
66	Melissa Santos	b041c0aeb35bb0fa4aa668ca5a920b590196fdaf9a00eb852c9b7f4d123cc6d6	melissasantos979@email.com	+6298680821020	customer
67	Laurie Rivera	b041c0aeb35bb0fa4aa668ca5a920b590196fdaf9a00eb852c9b7f4d123cc6d6	laurierivera293@email.com	+6234339781253	customer
68	Jeremy Sloan	b041c0aeb35bb0fa4aa668ca5a920b590196fdaf9a00eb852c9b7f4d123cc6d6	jeremysloan546@email.com	+6267587375976	customer
69	Austin Pena	b041c0aeb35bb0fa4aa668ca5a920b590196fdaf9a00eb852c9b7f4d123cc6d6	austinpena706@email.com	+6226437160216	customer
70	Deanna Johnson	b041c0aeb35bb0fa4aa668ca5a920b590196fdaf9a00eb852c9b7f4d123cc6d6	deannajohnson832@email.com	+6270729097781	customer
71	Rebecca Rasmussen	b041c0aeb35bb0fa4aa668ca5a920b590196fdaf9a00eb852c9b7f4d123cc6d6	rebeccarasmussen786@email.com	+6273823012178	customer
72	Lucas Hodge	b041c0aeb35bb0fa4aa668ca5a920b590196fdaf9a00eb852c9b7f4d123cc6d6	lucashodge178@email.com	+6250619818724	customer
73	Juan Jackson	b041c0aeb35bb0fa4aa668ca5a920b590196fdaf9a00eb852c9b7f4d123cc6d6	juanjackson546@email.com	+6286049755675	customer
74	Christina Browning	b041c0aeb35bb0fa4aa668ca5a920b590196fdaf9a00eb852c9b7f4d123cc6d6	christinabrowning502@email.com	+6279137982985	customer
75	Abigail Cline	b041c0aeb35bb0fa4aa668ca5a920b590196fdaf9a00eb852c9b7f4d123cc6d6	abigailcline467@email.com	+6234400083303	customer
76	Rebecca Jones	b041c0aeb35bb0fa4aa668ca5a920b590196fdaf9a00eb852c9b7f4d123cc6d6	rebeccajones813@email.com	+6205943590692	customer
77	Brian Turner	b041c0aeb35bb0fa4aa668ca5a920b590196fdaf9a00eb852c9b7f4d123cc6d6	brianturner691@email.com	+6269713378579	customer
78	Amy Johnson	b041c0aeb35bb0fa4aa668ca5a920b590196fdaf9a00eb852c9b7f4d123cc6d6	amyjohnson370@email.com	+6221542885513	customer
79	Charles Russell	b041c0aeb35bb0fa4aa668ca5a920b590196fdaf9a00eb852c9b7f4d123cc6d6	charlesrussell939@email.com	+6278750810653	customer
80	Chloe Wilson	b041c0aeb35bb0fa4aa668ca5a920b590196fdaf9a00eb852c9b7f4d123cc6d6	chloewilson422@email.com	+6288101484262	customer
81	Jesse Salinas	b041c0aeb35bb0fa4aa668ca5a920b590196fdaf9a00eb852c9b7f4d123cc6d6	jessesalinas774@email.com	+6215962578511	customer
82	Zachary Vasquez	b041c0aeb35bb0fa4aa668ca5a920b590196fdaf9a00eb852c9b7f4d123cc6d6	zacharyvasquez924@email.com	+6298031385631	customer
83	Aaron Shelton	b041c0aeb35bb0fa4aa668ca5a920b590196fdaf9a00eb852c9b7f4d123cc6d6	aaronshelton582@email.com	+6244721174176	customer
84	Catherine Hayes	b041c0aeb35bb0fa4aa668ca5a920b590196fdaf9a00eb852c9b7f4d123cc6d6	catherinehayes863@email.com	+6222909329375	customer
85	Richard Patel	b041c0aeb35bb0fa4aa668ca5a920b590196fdaf9a00eb852c9b7f4d123cc6d6	richardpatel71@email.com	+6260491523897	customer
86	Jeremy Gordon	b041c0aeb35bb0fa4aa668ca5a920b590196fdaf9a00eb852c9b7f4d123cc6d6	jeremygordon456@email.com	+6244605903497	customer
87	Edward Johnson	b041c0aeb35bb0fa4aa668ca5a920b590196fdaf9a00eb852c9b7f4d123cc6d6	edwardjohnson670@email.com	+6284136625857	customer
88	Daniel Haney	b041c0aeb35bb0fa4aa668ca5a920b590196fdaf9a00eb852c9b7f4d123cc6d6	danielhaney805@email.com	+6202783490811	customer
89	Kristin Smith	b041c0aeb35bb0fa4aa668ca5a920b590196fdaf9a00eb852c9b7f4d123cc6d6	kristinsmith902@email.com	+6262725713361	customer
90	Maria Johnson	b041c0aeb35bb0fa4aa668ca5a920b590196fdaf9a00eb852c9b7f4d123cc6d6	mariajohnson869@email.com	+6275790877355	customer
91	Darren Black	b041c0aeb35bb0fa4aa668ca5a920b590196fdaf9a00eb852c9b7f4d123cc6d6	darrenblack903@email.com	+6205395916856	customer
92	Sarah Rivera	b041c0aeb35bb0fa4aa668ca5a920b590196fdaf9a00eb852c9b7f4d123cc6d6	sarahrivera137@email.com	+6245367346926	customer
93	Debra Braun	b041c0aeb35bb0fa4aa668ca5a920b590196fdaf9a00eb852c9b7f4d123cc6d6	debrabraun299@email.com	+6202566189413	customer
94	Barbara Price	b041c0aeb35bb0fa4aa668ca5a920b590196fdaf9a00eb852c9b7f4d123cc6d6	barbaraprice236@email.com	+6266990819611	customer
95	Zachary Gilbert	b041c0aeb35bb0fa4aa668ca5a920b590196fdaf9a00eb852c9b7f4d123cc6d6	zacharygilbert233@email.com	+6255177513659	customer
96	Mr. Jason Huerta	b041c0aeb35bb0fa4aa668ca5a920b590196fdaf9a00eb852c9b7f4d123cc6d6	mr.jasonhuerta297@email.com	+6216188714136	customer
97	Patricia Banks	b041c0aeb35bb0fa4aa668ca5a920b590196fdaf9a00eb852c9b7f4d123cc6d6	patriciabanks210@email.com	+6204878293309	customer
98	David Crawford	b041c0aeb35bb0fa4aa668ca5a920b590196fdaf9a00eb852c9b7f4d123cc6d6	davidcrawford251@email.com	+6249996480796	customer
99	Natasha Williams	b041c0aeb35bb0fa4aa668ca5a920b590196fdaf9a00eb852c9b7f4d123cc6d6	natashawilliams412@email.com	+6227344941341	customer
100	Megan Pittman	b041c0aeb35bb0fa4aa668ca5a920b590196fdaf9a00eb852c9b7f4d123cc6d6	meganpittman249@email.com	+6220007880066	customer
101	Robert Kelly	b041c0aeb35bb0fa4aa668ca5a920b590196fdaf9a00eb852c9b7f4d123cc6d6	robertkelly967@email.com	+6272971616423	customer
102	Daniel Armstrong	b041c0aeb35bb0fa4aa668ca5a920b590196fdaf9a00eb852c9b7f4d123cc6d6	danielarmstrong779@email.com	+6210917018224	customer
103	Kyle Singh	b041c0aeb35bb0fa4aa668ca5a920b590196fdaf9a00eb852c9b7f4d123cc6d6	kylesingh572@email.com	+6226705873926	customer
104	Carol Hicks	b041c0aeb35bb0fa4aa668ca5a920b590196fdaf9a00eb852c9b7f4d123cc6d6	carolhicks297@email.com	+6297369972105	customer
105	Amy Jones	b041c0aeb35bb0fa4aa668ca5a920b590196fdaf9a00eb852c9b7f4d123cc6d6	amyjones438@email.com	+6202328959863	customer
106	Mary West	b041c0aeb35bb0fa4aa668ca5a920b590196fdaf9a00eb852c9b7f4d123cc6d6	marywest648@email.com	+6249500148011	customer
107	Nicole White	b041c0aeb35bb0fa4aa668ca5a920b590196fdaf9a00eb852c9b7f4d123cc6d6	nicolewhite310@email.com	+6259684312251	customer
108	Meghan Decker	b041c0aeb35bb0fa4aa668ca5a920b590196fdaf9a00eb852c9b7f4d123cc6d6	meghandecker633@email.com	+6250829521240	customer
109	Robert Mora	b041c0aeb35bb0fa4aa668ca5a920b590196fdaf9a00eb852c9b7f4d123cc6d6	robertmora294@email.com	+6245412578111	customer
110	Stephanie Hill	b041c0aeb35bb0fa4aa668ca5a920b590196fdaf9a00eb852c9b7f4d123cc6d6	stephaniehill110@email.com	+6207921483887	customer
111	Dakota Stout	b041c0aeb35bb0fa4aa668ca5a920b590196fdaf9a00eb852c9b7f4d123cc6d6	dakotastout772@email.com	+6299463454554	customer
112	David Jackson	b041c0aeb35bb0fa4aa668ca5a920b590196fdaf9a00eb852c9b7f4d123cc6d6	davidjackson993@email.com	+6284023027844	customer
113	Heather Zhang	b041c0aeb35bb0fa4aa668ca5a920b590196fdaf9a00eb852c9b7f4d123cc6d6	heatherzhang98@email.com	+6258975826226	customer
114	Daniel Ritter	b041c0aeb35bb0fa4aa668ca5a920b590196fdaf9a00eb852c9b7f4d123cc6d6	danielritter138@email.com	+6209738012858	customer
115	Edward Medina	b041c0aeb35bb0fa4aa668ca5a920b590196fdaf9a00eb852c9b7f4d123cc6d6	edwardmedina76@email.com	+6217936897838	customer
116	Michael Smith	b041c0aeb35bb0fa4aa668ca5a920b590196fdaf9a00eb852c9b7f4d123cc6d6	michaelsmith122@email.com	+6272416792189	customer
117	Tina Sanders	b041c0aeb35bb0fa4aa668ca5a920b590196fdaf9a00eb852c9b7f4d123cc6d6	tinasanders948@email.com	+6249872779139	customer
118	William Hall	b041c0aeb35bb0fa4aa668ca5a920b590196fdaf9a00eb852c9b7f4d123cc6d6	williamhall214@email.com	+6287785525817	customer
119	Cassidy Sanchez	b041c0aeb35bb0fa4aa668ca5a920b590196fdaf9a00eb852c9b7f4d123cc6d6	cassidysanchez310@email.com	+6264680475884	customer
120	Carly Blackwell	b041c0aeb35bb0fa4aa668ca5a920b590196fdaf9a00eb852c9b7f4d123cc6d6	carlyblackwell265@email.com	+6218848460724	customer
121	Darlene Jones	b041c0aeb35bb0fa4aa668ca5a920b590196fdaf9a00eb852c9b7f4d123cc6d6	darlenejones121@email.com	+6238551387510	customer
122	Edward Barron	b041c0aeb35bb0fa4aa668ca5a920b590196fdaf9a00eb852c9b7f4d123cc6d6	edwardbarron773@email.com	+6258871102688	customer
123	Dakota Robbins	b041c0aeb35bb0fa4aa668ca5a920b590196fdaf9a00eb852c9b7f4d123cc6d6	dakotarobbins528@email.com	+6249806133725	customer
124	Morgan Robinson	b041c0aeb35bb0fa4aa668ca5a920b590196fdaf9a00eb852c9b7f4d123cc6d6	morganrobinson780@email.com	+6283444882090	customer
125	David Stone	b041c0aeb35bb0fa4aa668ca5a920b590196fdaf9a00eb852c9b7f4d123cc6d6	davidstone871@email.com	+6254731343070	customer
126	Dylan Rodriguez	b041c0aeb35bb0fa4aa668ca5a920b590196fdaf9a00eb852c9b7f4d123cc6d6	dylanrodriguez987@email.com	+6275250113334	customer
127	Erin Hayes	b041c0aeb35bb0fa4aa668ca5a920b590196fdaf9a00eb852c9b7f4d123cc6d6	erinhayes947@email.com	+6263749017527	customer
128	Elijah Jones	b041c0aeb35bb0fa4aa668ca5a920b590196fdaf9a00eb852c9b7f4d123cc6d6	elijahjones418@email.com	+6266921638325	customer
129	Connie King	b041c0aeb35bb0fa4aa668ca5a920b590196fdaf9a00eb852c9b7f4d123cc6d6	connieking853@email.com	+6201547979913	customer
130	Misty Marquez	b041c0aeb35bb0fa4aa668ca5a920b590196fdaf9a00eb852c9b7f4d123cc6d6	mistymarquez593@email.com	+6278242953721	customer
131	Connor Davis	b041c0aeb35bb0fa4aa668ca5a920b590196fdaf9a00eb852c9b7f4d123cc6d6	connordavis972@email.com	+6216851991842	customer
132	Laura Duke	b041c0aeb35bb0fa4aa668ca5a920b590196fdaf9a00eb852c9b7f4d123cc6d6	lauraduke440@email.com	+6285005158168	customer
133	Andrew Richardson	b041c0aeb35bb0fa4aa668ca5a920b590196fdaf9a00eb852c9b7f4d123cc6d6	andrewrichardson634@email.com	+6296553062994	customer
134	Aaron Moody	b041c0aeb35bb0fa4aa668ca5a920b590196fdaf9a00eb852c9b7f4d123cc6d6	aaronmoody270@email.com	+6279221464822	customer
135	Timothy Poole	b041c0aeb35bb0fa4aa668ca5a920b590196fdaf9a00eb852c9b7f4d123cc6d6	timothypoole965@email.com	+6255968341866	customer
136	Robert Watts	b041c0aeb35bb0fa4aa668ca5a920b590196fdaf9a00eb852c9b7f4d123cc6d6	robertwatts94@email.com	+6222862642865	customer
137	Nathan Murphy	b041c0aeb35bb0fa4aa668ca5a920b590196fdaf9a00eb852c9b7f4d123cc6d6	nathanmurphy792@email.com	+6276788622797	customer
138	Roy Pierce	b041c0aeb35bb0fa4aa668ca5a920b590196fdaf9a00eb852c9b7f4d123cc6d6	roypierce363@email.com	+6276216002316	customer
139	Carl Tanner	b041c0aeb35bb0fa4aa668ca5a920b590196fdaf9a00eb852c9b7f4d123cc6d6	carltanner18@email.com	+6279768409708	customer
140	William Johnson	b041c0aeb35bb0fa4aa668ca5a920b590196fdaf9a00eb852c9b7f4d123cc6d6	williamjohnson369@email.com	+6248846405846	customer
141	Allison Jones	b041c0aeb35bb0fa4aa668ca5a920b590196fdaf9a00eb852c9b7f4d123cc6d6	allisonjones899@email.com	+6235535711235	customer
142	James Snyder	b041c0aeb35bb0fa4aa668ca5a920b590196fdaf9a00eb852c9b7f4d123cc6d6	jamessnyder83@email.com	+6255668573395	customer
143	Jacqueline Hughes	b041c0aeb35bb0fa4aa668ca5a920b590196fdaf9a00eb852c9b7f4d123cc6d6	jacquelinehughes765@email.com	+6275741573787	customer
144	Michael Shields	b041c0aeb35bb0fa4aa668ca5a920b590196fdaf9a00eb852c9b7f4d123cc6d6	michaelshields204@email.com	+6289269070138	customer
145	Jerome Klein	b041c0aeb35bb0fa4aa668ca5a920b590196fdaf9a00eb852c9b7f4d123cc6d6	jeromeklein692@email.com	+6202510787662	customer
146	John Tran	b041c0aeb35bb0fa4aa668ca5a920b590196fdaf9a00eb852c9b7f4d123cc6d6	johntran202@email.com	+6297893188976	customer
147	Luis Watson	b041c0aeb35bb0fa4aa668ca5a920b590196fdaf9a00eb852c9b7f4d123cc6d6	luiswatson777@email.com	+6239052101100	customer
148	Pamela Matthews	b041c0aeb35bb0fa4aa668ca5a920b590196fdaf9a00eb852c9b7f4d123cc6d6	pamelamatthews792@email.com	+6204492730425	customer
149	Autumn Meyer	b041c0aeb35bb0fa4aa668ca5a920b590196fdaf9a00eb852c9b7f4d123cc6d6	autumnmeyer324@email.com	+6287091422170	customer
150	Kendra Banks	b041c0aeb35bb0fa4aa668ca5a920b590196fdaf9a00eb852c9b7f4d123cc6d6	kendrabanks689@email.com	+6211437522459	customer
151	Travis Odonnell	b041c0aeb35bb0fa4aa668ca5a920b590196fdaf9a00eb852c9b7f4d123cc6d6	travisodonnell801@email.com	+6286312511966	customer
152	Sean Schultz	b041c0aeb35bb0fa4aa668ca5a920b590196fdaf9a00eb852c9b7f4d123cc6d6	seanschultz232@email.com	+6247959191097	customer
153	Taylor Watts	b041c0aeb35bb0fa4aa668ca5a920b590196fdaf9a00eb852c9b7f4d123cc6d6	taylorwatts767@email.com	+6237823830336	customer
154	Cody Simmons	b041c0aeb35bb0fa4aa668ca5a920b590196fdaf9a00eb852c9b7f4d123cc6d6	codysimmons60@email.com	+6268134365353	customer
155	Tina Cannon	b041c0aeb35bb0fa4aa668ca5a920b590196fdaf9a00eb852c9b7f4d123cc6d6	tinacannon192@email.com	+6232423653850	customer
156	Michael Harper	b041c0aeb35bb0fa4aa668ca5a920b590196fdaf9a00eb852c9b7f4d123cc6d6	michaelharper187@email.com	+6253703049380	customer
157	Alicia Moss	b041c0aeb35bb0fa4aa668ca5a920b590196fdaf9a00eb852c9b7f4d123cc6d6	aliciamoss370@email.com	+6280657339201	customer
158	Tony Estrada	b041c0aeb35bb0fa4aa668ca5a920b590196fdaf9a00eb852c9b7f4d123cc6d6	tonyestrada53@email.com	+6209823616244	customer
159	Andrea Black	b041c0aeb35bb0fa4aa668ca5a920b590196fdaf9a00eb852c9b7f4d123cc6d6	andreablack549@email.com	+6255863058546	customer
160	Julie Hawkins	b041c0aeb35bb0fa4aa668ca5a920b590196fdaf9a00eb852c9b7f4d123cc6d6	juliehawkins292@email.com	+6259258370159	customer
161	Lori Combs	b041c0aeb35bb0fa4aa668ca5a920b590196fdaf9a00eb852c9b7f4d123cc6d6	loricombs909@email.com	+6246266753493	customer
162	Karen Rojas	b041c0aeb35bb0fa4aa668ca5a920b590196fdaf9a00eb852c9b7f4d123cc6d6	karenrojas559@email.com	+6295297746891	customer
163	Nicole Page	b041c0aeb35bb0fa4aa668ca5a920b590196fdaf9a00eb852c9b7f4d123cc6d6	nicolepage605@email.com	+6292157225286	customer
164	Adam Barker	b041c0aeb35bb0fa4aa668ca5a920b590196fdaf9a00eb852c9b7f4d123cc6d6	adambarker308@email.com	+6236838688289	customer
165	Paul Young	b041c0aeb35bb0fa4aa668ca5a920b590196fdaf9a00eb852c9b7f4d123cc6d6	paulyoung965@email.com	+6238644522057	customer
166	Melanie Stone	b041c0aeb35bb0fa4aa668ca5a920b590196fdaf9a00eb852c9b7f4d123cc6d6	melaniestone15@email.com	+6205265833583	customer
167	Jacob Rose	b041c0aeb35bb0fa4aa668ca5a920b590196fdaf9a00eb852c9b7f4d123cc6d6	jacobrose946@email.com	+6271316393493	customer
168	Erin Leblanc	b041c0aeb35bb0fa4aa668ca5a920b590196fdaf9a00eb852c9b7f4d123cc6d6	erinleblanc231@email.com	+6256648887930	customer
169	Emma Jacobs	b041c0aeb35bb0fa4aa668ca5a920b590196fdaf9a00eb852c9b7f4d123cc6d6	emmajacobs332@email.com	+6267486734807	customer
170	Adrian Williams	b041c0aeb35bb0fa4aa668ca5a920b590196fdaf9a00eb852c9b7f4d123cc6d6	adrianwilliams82@email.com	+6243912176597	customer
171	Robert Dorsey	b041c0aeb35bb0fa4aa668ca5a920b590196fdaf9a00eb852c9b7f4d123cc6d6	robertdorsey188@email.com	+6215859945999	customer
172	Rachael Becker	b041c0aeb35bb0fa4aa668ca5a920b590196fdaf9a00eb852c9b7f4d123cc6d6	rachaelbecker684@email.com	+6287908631648	customer
173	John Cox	b041c0aeb35bb0fa4aa668ca5a920b590196fdaf9a00eb852c9b7f4d123cc6d6	johncox150@email.com	+6262636059364	customer
174	Larry Day	b041c0aeb35bb0fa4aa668ca5a920b590196fdaf9a00eb852c9b7f4d123cc6d6	larryday211@email.com	+6298462326735	customer
175	Austin Rojas	b041c0aeb35bb0fa4aa668ca5a920b590196fdaf9a00eb852c9b7f4d123cc6d6	austinrojas599@email.com	+6227050871047	customer
176	Erica Buckley	b041c0aeb35bb0fa4aa668ca5a920b590196fdaf9a00eb852c9b7f4d123cc6d6	ericabuckley673@email.com	+6228935575147	customer
177	Kyle Molina	b041c0aeb35bb0fa4aa668ca5a920b590196fdaf9a00eb852c9b7f4d123cc6d6	kylemolina443@email.com	+6228812700112	customer
178	Daniel Mathis	b041c0aeb35bb0fa4aa668ca5a920b590196fdaf9a00eb852c9b7f4d123cc6d6	danielmathis188@email.com	+6217683880857	customer
179	Kyle Grant	b041c0aeb35bb0fa4aa668ca5a920b590196fdaf9a00eb852c9b7f4d123cc6d6	kylegrant377@email.com	+6264572801583	customer
180	Erica Riggs	b041c0aeb35bb0fa4aa668ca5a920b590196fdaf9a00eb852c9b7f4d123cc6d6	ericariggs541@email.com	+6249584506878	customer
181	Tracy Jones	b041c0aeb35bb0fa4aa668ca5a920b590196fdaf9a00eb852c9b7f4d123cc6d6	tracyjones220@email.com	+6264297413964	customer
182	Melissa Tran	b041c0aeb35bb0fa4aa668ca5a920b590196fdaf9a00eb852c9b7f4d123cc6d6	melissatran517@email.com	+6286851129667	customer
183	Ruth Smith	b041c0aeb35bb0fa4aa668ca5a920b590196fdaf9a00eb852c9b7f4d123cc6d6	ruthsmith309@email.com	+6220345314548	customer
184	Sophia Hernandez	b041c0aeb35bb0fa4aa668ca5a920b590196fdaf9a00eb852c9b7f4d123cc6d6	sophiahernandez100@email.com	+6230572044978	customer
185	Jennifer Clark DDS	b041c0aeb35bb0fa4aa668ca5a920b590196fdaf9a00eb852c9b7f4d123cc6d6	jenniferclarkdds296@email.com	+6239227562579	customer
186	Cassandra Chandler	b041c0aeb35bb0fa4aa668ca5a920b590196fdaf9a00eb852c9b7f4d123cc6d6	cassandrachandler506@email.com	+6215585797291	customer
187	Michael Perez	b041c0aeb35bb0fa4aa668ca5a920b590196fdaf9a00eb852c9b7f4d123cc6d6	michaelperez489@email.com	+6286076979748	customer
188	Mrs. Heather Newman	b041c0aeb35bb0fa4aa668ca5a920b590196fdaf9a00eb852c9b7f4d123cc6d6	mrs.heathernewman434@email.com	+6273348276619	customer
189	Mr. Dale Booth MD	b041c0aeb35bb0fa4aa668ca5a920b590196fdaf9a00eb852c9b7f4d123cc6d6	mr.daleboothmd719@email.com	+6235790158026	customer
190	Natalie Day	b041c0aeb35bb0fa4aa668ca5a920b590196fdaf9a00eb852c9b7f4d123cc6d6	natalieday775@email.com	+6252210376678	customer
191	Bryan Martinez	b041c0aeb35bb0fa4aa668ca5a920b590196fdaf9a00eb852c9b7f4d123cc6d6	bryanmartinez535@email.com	+6278433714342	customer
192	Alex Williams	b041c0aeb35bb0fa4aa668ca5a920b590196fdaf9a00eb852c9b7f4d123cc6d6	alexwilliams23@email.com	+6281920690838	customer
193	John Guerra	b041c0aeb35bb0fa4aa668ca5a920b590196fdaf9a00eb852c9b7f4d123cc6d6	johnguerra158@email.com	+6232222281128	customer
194	William Taylor DDS	b041c0aeb35bb0fa4aa668ca5a920b590196fdaf9a00eb852c9b7f4d123cc6d6	williamtaylordds619@email.com	+6200919993671	customer
195	Michael Moore	b041c0aeb35bb0fa4aa668ca5a920b590196fdaf9a00eb852c9b7f4d123cc6d6	michaelmoore661@email.com	+6281011632507	customer
196	Timothy Ingram	b041c0aeb35bb0fa4aa668ca5a920b590196fdaf9a00eb852c9b7f4d123cc6d6	timothyingram51@email.com	+6246972159364	customer
197	Tammy Hoffman	b041c0aeb35bb0fa4aa668ca5a920b590196fdaf9a00eb852c9b7f4d123cc6d6	tammyhoffman724@email.com	+6283237374218	customer
198	Jake Pena	b041c0aeb35bb0fa4aa668ca5a920b590196fdaf9a00eb852c9b7f4d123cc6d6	jakepena259@email.com	+6266523836259	customer
199	Kathleen Johnson	b041c0aeb35bb0fa4aa668ca5a920b590196fdaf9a00eb852c9b7f4d123cc6d6	kathleenjohnson735@email.com	+6272208702952	customer
200	Rachel Villa	b041c0aeb35bb0fa4aa668ca5a920b590196fdaf9a00eb852c9b7f4d123cc6d6	rachelvilla675@email.com	+6221372766336	customer
201	Tammy Horn	b041c0aeb35bb0fa4aa668ca5a920b590196fdaf9a00eb852c9b7f4d123cc6d6	tammyhorn400@email.com	+6285427256591	customer
202	Robert Delacruz	b041c0aeb35bb0fa4aa668ca5a920b590196fdaf9a00eb852c9b7f4d123cc6d6	robertdelacruz55@email.com	+6291983059685	customer
203	Mark Lopez	b041c0aeb35bb0fa4aa668ca5a920b590196fdaf9a00eb852c9b7f4d123cc6d6	marklopez583@email.com	+6235156268095	customer
204	Sandra Horton	b041c0aeb35bb0fa4aa668ca5a920b590196fdaf9a00eb852c9b7f4d123cc6d6	sandrahorton836@email.com	+6217195472938	customer
205	Corey Brown	b041c0aeb35bb0fa4aa668ca5a920b590196fdaf9a00eb852c9b7f4d123cc6d6	coreybrown909@email.com	+6264487070015	customer
206	Molly Williams	b041c0aeb35bb0fa4aa668ca5a920b590196fdaf9a00eb852c9b7f4d123cc6d6	mollywilliams283@email.com	+6259558055289	customer
207	Mrs. Andrea Gordon	b041c0aeb35bb0fa4aa668ca5a920b590196fdaf9a00eb852c9b7f4d123cc6d6	mrs.andreagordon1@email.com	+6249844440107	customer
208	Jaime Romero	b041c0aeb35bb0fa4aa668ca5a920b590196fdaf9a00eb852c9b7f4d123cc6d6	jaimeromero775@email.com	+6231059840442	customer
209	Paul Poole	b041c0aeb35bb0fa4aa668ca5a920b590196fdaf9a00eb852c9b7f4d123cc6d6	paulpoole778@email.com	+6243892862903	customer
210	Robert Nicholson	b041c0aeb35bb0fa4aa668ca5a920b590196fdaf9a00eb852c9b7f4d123cc6d6	robertnicholson133@email.com	+6234597105480	customer
211	Vanessa Adams	b041c0aeb35bb0fa4aa668ca5a920b590196fdaf9a00eb852c9b7f4d123cc6d6	vanessaadams628@email.com	+6285156872489	customer
212	Whitney Coleman	b041c0aeb35bb0fa4aa668ca5a920b590196fdaf9a00eb852c9b7f4d123cc6d6	whitneycoleman642@email.com	+6231416906625	customer
213	Kristin Williams	b041c0aeb35bb0fa4aa668ca5a920b590196fdaf9a00eb852c9b7f4d123cc6d6	kristinwilliams770@email.com	+6287508560716	customer
214	Tammy Elliott	b041c0aeb35bb0fa4aa668ca5a920b590196fdaf9a00eb852c9b7f4d123cc6d6	tammyelliott970@email.com	+6241787442781	customer
215	Louis Parks	b041c0aeb35bb0fa4aa668ca5a920b590196fdaf9a00eb852c9b7f4d123cc6d6	louisparks515@email.com	+6210020264334	customer
216	Kimberly Deleon	b041c0aeb35bb0fa4aa668ca5a920b590196fdaf9a00eb852c9b7f4d123cc6d6	kimberlydeleon658@email.com	+6293196254022	customer
217	Sara Monroe	b041c0aeb35bb0fa4aa668ca5a920b590196fdaf9a00eb852c9b7f4d123cc6d6	saramonroe651@email.com	+6271864048745	customer
218	Tammy Mccoy	b041c0aeb35bb0fa4aa668ca5a920b590196fdaf9a00eb852c9b7f4d123cc6d6	tammymccoy666@email.com	+6207502531080	customer
219	Robert Greene	b041c0aeb35bb0fa4aa668ca5a920b590196fdaf9a00eb852c9b7f4d123cc6d6	robertgreene442@email.com	+6208243126934	customer
220	Courtney Wagner	b041c0aeb35bb0fa4aa668ca5a920b590196fdaf9a00eb852c9b7f4d123cc6d6	courtneywagner37@email.com	+6215672681714	customer
221	Tracy Swanson	b041c0aeb35bb0fa4aa668ca5a920b590196fdaf9a00eb852c9b7f4d123cc6d6	tracyswanson80@email.com	+6264817962065	customer
222	Stacy Hill	b041c0aeb35bb0fa4aa668ca5a920b590196fdaf9a00eb852c9b7f4d123cc6d6	stacyhill801@email.com	+6250990210795	customer
223	Colton Oconnell	b041c0aeb35bb0fa4aa668ca5a920b590196fdaf9a00eb852c9b7f4d123cc6d6	coltonoconnell512@email.com	+6253446817888	customer
224	James Martin	b041c0aeb35bb0fa4aa668ca5a920b590196fdaf9a00eb852c9b7f4d123cc6d6	jamesmartin868@email.com	+6299575086209	customer
225	Veronica Taylor	b041c0aeb35bb0fa4aa668ca5a920b590196fdaf9a00eb852c9b7f4d123cc6d6	veronicataylor578@email.com	+6293885636416	customer
226	Steve Harris	b041c0aeb35bb0fa4aa668ca5a920b590196fdaf9a00eb852c9b7f4d123cc6d6	steveharris901@email.com	+6215737499482	customer
227	Robert Mckee	b041c0aeb35bb0fa4aa668ca5a920b590196fdaf9a00eb852c9b7f4d123cc6d6	robertmckee622@email.com	+6227580136989	customer
228	Emily Watson	b041c0aeb35bb0fa4aa668ca5a920b590196fdaf9a00eb852c9b7f4d123cc6d6	emilywatson33@email.com	+6203907559053	customer
229	Lisa Johnson	b041c0aeb35bb0fa4aa668ca5a920b590196fdaf9a00eb852c9b7f4d123cc6d6	lisajohnson388@email.com	+6279501808472	customer
230	Joshua Henry	b041c0aeb35bb0fa4aa668ca5a920b590196fdaf9a00eb852c9b7f4d123cc6d6	joshuahenry433@email.com	+6218107356941	customer
231	Katelyn Carson	b041c0aeb35bb0fa4aa668ca5a920b590196fdaf9a00eb852c9b7f4d123cc6d6	katelyncarson291@email.com	+6232496145329	customer
232	Anthony White	b041c0aeb35bb0fa4aa668ca5a920b590196fdaf9a00eb852c9b7f4d123cc6d6	anthonywhite996@email.com	+6269623546005	customer
233	Ryan Cunningham	b041c0aeb35bb0fa4aa668ca5a920b590196fdaf9a00eb852c9b7f4d123cc6d6	ryancunningham502@email.com	+6200442166994	customer
234	Amy Duncan	b041c0aeb35bb0fa4aa668ca5a920b590196fdaf9a00eb852c9b7f4d123cc6d6	amyduncan877@email.com	+6292856815098	customer
235	Michael Bennett	b041c0aeb35bb0fa4aa668ca5a920b590196fdaf9a00eb852c9b7f4d123cc6d6	michaelbennett477@email.com	+6285297807466	customer
236	Carol Patel	b041c0aeb35bb0fa4aa668ca5a920b590196fdaf9a00eb852c9b7f4d123cc6d6	carolpatel583@email.com	+6207444211596	customer
237	Daniel Spence	b041c0aeb35bb0fa4aa668ca5a920b590196fdaf9a00eb852c9b7f4d123cc6d6	danielspence338@email.com	+6259493592395	customer
238	Jason Cooper	b041c0aeb35bb0fa4aa668ca5a920b590196fdaf9a00eb852c9b7f4d123cc6d6	jasoncooper732@email.com	+6206023431200	customer
239	Rhonda Cole	b041c0aeb35bb0fa4aa668ca5a920b590196fdaf9a00eb852c9b7f4d123cc6d6	rhondacole92@email.com	+6215658940765	customer
240	Stephen Cameron	b041c0aeb35bb0fa4aa668ca5a920b590196fdaf9a00eb852c9b7f4d123cc6d6	stephencameron589@email.com	+6257089107295	customer
241	James Marshall	b041c0aeb35bb0fa4aa668ca5a920b590196fdaf9a00eb852c9b7f4d123cc6d6	jamesmarshall740@email.com	+6255507844526	customer
242	Madison Avery	b041c0aeb35bb0fa4aa668ca5a920b590196fdaf9a00eb852c9b7f4d123cc6d6	madisonavery220@email.com	+6232681886215	customer
243	Emily Nicholson	b041c0aeb35bb0fa4aa668ca5a920b590196fdaf9a00eb852c9b7f4d123cc6d6	emilynicholson605@email.com	+6293433558264	customer
244	Samantha Douglas	b041c0aeb35bb0fa4aa668ca5a920b590196fdaf9a00eb852c9b7f4d123cc6d6	samanthadouglas955@email.com	+6271724303143	customer
245	Edward Richards	b041c0aeb35bb0fa4aa668ca5a920b590196fdaf9a00eb852c9b7f4d123cc6d6	edwardrichards581@email.com	+6211712907905	customer
246	Terry Best	b041c0aeb35bb0fa4aa668ca5a920b590196fdaf9a00eb852c9b7f4d123cc6d6	terrybest541@email.com	+6233387817248	customer
247	Timothy Carter	b041c0aeb35bb0fa4aa668ca5a920b590196fdaf9a00eb852c9b7f4d123cc6d6	timothycarter427@email.com	+6247067379441	customer
248	Anna Schmidt	b041c0aeb35bb0fa4aa668ca5a920b590196fdaf9a00eb852c9b7f4d123cc6d6	annaschmidt423@email.com	+6254799426522	customer
249	George Sullivan	b041c0aeb35bb0fa4aa668ca5a920b590196fdaf9a00eb852c9b7f4d123cc6d6	georgesullivan479@email.com	+6287914060831	customer
250	Natalie David	b041c0aeb35bb0fa4aa668ca5a920b590196fdaf9a00eb852c9b7f4d123cc6d6	nataliedavid41@email.com	+6255694049040	customer
251	Alexander Hawkins	b041c0aeb35bb0fa4aa668ca5a920b590196fdaf9a00eb852c9b7f4d123cc6d6	alexanderhawkins249@email.com	+6261680538647	customer
252	Daniel Lee	b041c0aeb35bb0fa4aa668ca5a920b590196fdaf9a00eb852c9b7f4d123cc6d6	daniellee420@email.com	+6299395098961	customer
253	Valerie Porter	b041c0aeb35bb0fa4aa668ca5a920b590196fdaf9a00eb852c9b7f4d123cc6d6	valerieporter647@email.com	+6295228807888	customer
254	Richard Wilcox	b041c0aeb35bb0fa4aa668ca5a920b590196fdaf9a00eb852c9b7f4d123cc6d6	richardwilcox751@email.com	+6216317688456	customer
255	Stephanie Stephens	b041c0aeb35bb0fa4aa668ca5a920b590196fdaf9a00eb852c9b7f4d123cc6d6	stephaniestephens622@email.com	+6289500099466	customer
256	Christina Scott	b041c0aeb35bb0fa4aa668ca5a920b590196fdaf9a00eb852c9b7f4d123cc6d6	christinascott887@email.com	+6225608375531	customer
257	Peggy Gutierrez	b041c0aeb35bb0fa4aa668ca5a920b590196fdaf9a00eb852c9b7f4d123cc6d6	peggygutierrez696@email.com	+6225611450046	customer
258	Tracey Rose	b041c0aeb35bb0fa4aa668ca5a920b590196fdaf9a00eb852c9b7f4d123cc6d6	traceyrose339@email.com	+6250048497136	customer
259	Tara Carroll	b041c0aeb35bb0fa4aa668ca5a920b590196fdaf9a00eb852c9b7f4d123cc6d6	taracarroll86@email.com	+6216734055663	customer
260	Elizabeth Wilson	b041c0aeb35bb0fa4aa668ca5a920b590196fdaf9a00eb852c9b7f4d123cc6d6	elizabethwilson6@email.com	+6296833143699	customer
261	Dr. Matthew Coleman	b041c0aeb35bb0fa4aa668ca5a920b590196fdaf9a00eb852c9b7f4d123cc6d6	dr.matthewcoleman618@email.com	+6291170882320	customer
262	Robert Herrera	b041c0aeb35bb0fa4aa668ca5a920b590196fdaf9a00eb852c9b7f4d123cc6d6	robertherrera266@email.com	+6230667834117	customer
263	Natalie Ortiz	b041c0aeb35bb0fa4aa668ca5a920b590196fdaf9a00eb852c9b7f4d123cc6d6	natalieortiz21@email.com	+6239563740143	customer
264	Matthew Alvarez	b041c0aeb35bb0fa4aa668ca5a920b590196fdaf9a00eb852c9b7f4d123cc6d6	matthewalvarez467@email.com	+6218124458052	customer
265	Sally Garcia	b041c0aeb35bb0fa4aa668ca5a920b590196fdaf9a00eb852c9b7f4d123cc6d6	sallygarcia493@email.com	+6211100695821	customer
266	Juan Martin	b041c0aeb35bb0fa4aa668ca5a920b590196fdaf9a00eb852c9b7f4d123cc6d6	juanmartin604@email.com	+6266836344341	customer
267	Leah Jackson	b041c0aeb35bb0fa4aa668ca5a920b590196fdaf9a00eb852c9b7f4d123cc6d6	leahjackson875@email.com	+6238938334024	customer
268	Natalie Nichols	b041c0aeb35bb0fa4aa668ca5a920b590196fdaf9a00eb852c9b7f4d123cc6d6	natalienichols771@email.com	+6218325648416	customer
269	Andrew Bean	b041c0aeb35bb0fa4aa668ca5a920b590196fdaf9a00eb852c9b7f4d123cc6d6	andrewbean963@email.com	+6206611962705	customer
270	Ashley Warner	b041c0aeb35bb0fa4aa668ca5a920b590196fdaf9a00eb852c9b7f4d123cc6d6	ashleywarner781@email.com	+6260556050397	customer
271	Eileen Jones	b041c0aeb35bb0fa4aa668ca5a920b590196fdaf9a00eb852c9b7f4d123cc6d6	eileenjones908@email.com	+6242005817438	customer
272	Samuel Guzman	b041c0aeb35bb0fa4aa668ca5a920b590196fdaf9a00eb852c9b7f4d123cc6d6	samuelguzman881@email.com	+6248284852118	customer
273	Hayden Morgan	b041c0aeb35bb0fa4aa668ca5a920b590196fdaf9a00eb852c9b7f4d123cc6d6	haydenmorgan954@email.com	+6268156195331	customer
274	Tammy Watts	b041c0aeb35bb0fa4aa668ca5a920b590196fdaf9a00eb852c9b7f4d123cc6d6	tammywatts86@email.com	+6211606735187	customer
275	Leslie Hicks	b041c0aeb35bb0fa4aa668ca5a920b590196fdaf9a00eb852c9b7f4d123cc6d6	lesliehicks943@email.com	+6246739313822	customer
276	Sean Diaz	b041c0aeb35bb0fa4aa668ca5a920b590196fdaf9a00eb852c9b7f4d123cc6d6	seandiaz882@email.com	+6298334183795	customer
277	David Morse	b041c0aeb35bb0fa4aa668ca5a920b590196fdaf9a00eb852c9b7f4d123cc6d6	davidmorse683@email.com	+6262126887311	customer
278	Stephanie Jones	b041c0aeb35bb0fa4aa668ca5a920b590196fdaf9a00eb852c9b7f4d123cc6d6	stephaniejones14@email.com	+6273237433317	customer
279	Jacob Malone	b041c0aeb35bb0fa4aa668ca5a920b590196fdaf9a00eb852c9b7f4d123cc6d6	jacobmalone248@email.com	+6200875615311	customer
280	Kim Robinson	b041c0aeb35bb0fa4aa668ca5a920b590196fdaf9a00eb852c9b7f4d123cc6d6	kimrobinson216@email.com	+6230073020385	customer
281	Julie Austin	b041c0aeb35bb0fa4aa668ca5a920b590196fdaf9a00eb852c9b7f4d123cc6d6	julieaustin256@email.com	+6287679158769	customer
282	Kyle Booth	b041c0aeb35bb0fa4aa668ca5a920b590196fdaf9a00eb852c9b7f4d123cc6d6	kylebooth542@email.com	+6250923015756	customer
283	Todd Cardenas	b041c0aeb35bb0fa4aa668ca5a920b590196fdaf9a00eb852c9b7f4d123cc6d6	toddcardenas573@email.com	+6226808612985	customer
284	Gary Green	b041c0aeb35bb0fa4aa668ca5a920b590196fdaf9a00eb852c9b7f4d123cc6d6	garygreen906@email.com	+6260113398121	customer
285	David Lewis	b041c0aeb35bb0fa4aa668ca5a920b590196fdaf9a00eb852c9b7f4d123cc6d6	davidlewis68@email.com	+6262364514826	customer
286	Sean Frank	b041c0aeb35bb0fa4aa668ca5a920b590196fdaf9a00eb852c9b7f4d123cc6d6	seanfrank689@email.com	+6297757454638	customer
287	Sarah Johnson	b041c0aeb35bb0fa4aa668ca5a920b590196fdaf9a00eb852c9b7f4d123cc6d6	sarahjohnson598@email.com	+6244027631527	customer
288	James Brooks	b041c0aeb35bb0fa4aa668ca5a920b590196fdaf9a00eb852c9b7f4d123cc6d6	jamesbrooks673@email.com	+6231052805040	customer
289	Amanda Glenn	b041c0aeb35bb0fa4aa668ca5a920b590196fdaf9a00eb852c9b7f4d123cc6d6	amandaglenn183@email.com	+6272060156897	customer
290	Jacob Miller	b041c0aeb35bb0fa4aa668ca5a920b590196fdaf9a00eb852c9b7f4d123cc6d6	jacobmiller405@email.com	+6243073764745	customer
291	Zachary Santos	b041c0aeb35bb0fa4aa668ca5a920b590196fdaf9a00eb852c9b7f4d123cc6d6	zacharysantos186@email.com	+6299881986458	customer
292	Mary Mendoza DDS	b041c0aeb35bb0fa4aa668ca5a920b590196fdaf9a00eb852c9b7f4d123cc6d6	marymendozadds986@email.com	+6279715889653	customer
293	Scott Ramirez	b041c0aeb35bb0fa4aa668ca5a920b590196fdaf9a00eb852c9b7f4d123cc6d6	scottramirez720@email.com	+6255239179428	customer
294	Mary Griffin	b041c0aeb35bb0fa4aa668ca5a920b590196fdaf9a00eb852c9b7f4d123cc6d6	marygriffin912@email.com	+6239292095207	customer
295	Sherry Flores	b041c0aeb35bb0fa4aa668ca5a920b590196fdaf9a00eb852c9b7f4d123cc6d6	sherryflores884@email.com	+6291926629825	customer
296	Chris Willis	b041c0aeb35bb0fa4aa668ca5a920b590196fdaf9a00eb852c9b7f4d123cc6d6	chriswillis762@email.com	+6258614758081	customer
297	Ronnie Brady	b041c0aeb35bb0fa4aa668ca5a920b590196fdaf9a00eb852c9b7f4d123cc6d6	ronniebrady392@email.com	+6222269268069	customer
298	Roger Brown	b041c0aeb35bb0fa4aa668ca5a920b590196fdaf9a00eb852c9b7f4d123cc6d6	rogerbrown716@email.com	+6298019378384	customer
299	Kevin Walters	b041c0aeb35bb0fa4aa668ca5a920b590196fdaf9a00eb852c9b7f4d123cc6d6	kevinwalters741@email.com	+6284168626405	customer
300	Leslie Whitehead	b041c0aeb35bb0fa4aa668ca5a920b590196fdaf9a00eb852c9b7f4d123cc6d6	lesliewhitehead491@email.com	+6225756239528	customer
301	Timothy Perry	b041c0aeb35bb0fa4aa668ca5a920b590196fdaf9a00eb852c9b7f4d123cc6d6	timothyperry916@email.com	+6228965915189	customer
302	Jason James	b041c0aeb35bb0fa4aa668ca5a920b590196fdaf9a00eb852c9b7f4d123cc6d6	jasonjames934@email.com	+6211844054865	customer
303	Gregory Gentry	b041c0aeb35bb0fa4aa668ca5a920b590196fdaf9a00eb852c9b7f4d123cc6d6	gregorygentry244@email.com	+6294844003520	customer
304	Shannon Ramirez	b041c0aeb35bb0fa4aa668ca5a920b590196fdaf9a00eb852c9b7f4d123cc6d6	shannonramirez853@email.com	+6249935154938	customer
305	Melissa Deleon	b041c0aeb35bb0fa4aa668ca5a920b590196fdaf9a00eb852c9b7f4d123cc6d6	melissadeleon177@email.com	+6274853631913	customer
306	Laura Rodriguez MD	b041c0aeb35bb0fa4aa668ca5a920b590196fdaf9a00eb852c9b7f4d123cc6d6	laurarodriguezmd943@email.com	+6266523681868	customer
307	Dr. William Roberts	b041c0aeb35bb0fa4aa668ca5a920b590196fdaf9a00eb852c9b7f4d123cc6d6	dr.williamroberts995@email.com	+6219544722617	customer
308	Keith Buckley	b041c0aeb35bb0fa4aa668ca5a920b590196fdaf9a00eb852c9b7f4d123cc6d6	keithbuckley726@email.com	+6211990637726	customer
309	Austin Strickland	b041c0aeb35bb0fa4aa668ca5a920b590196fdaf9a00eb852c9b7f4d123cc6d6	austinstrickland594@email.com	+6224878746690	customer
310	Nathan Garcia	b041c0aeb35bb0fa4aa668ca5a920b590196fdaf9a00eb852c9b7f4d123cc6d6	nathangarcia325@email.com	+6232007215436	customer
311	Martin Davis	b041c0aeb35bb0fa4aa668ca5a920b590196fdaf9a00eb852c9b7f4d123cc6d6	martindavis564@email.com	+6268579764514	customer
312	Paul Valdez	b041c0aeb35bb0fa4aa668ca5a920b590196fdaf9a00eb852c9b7f4d123cc6d6	paulvaldez216@email.com	+6250329936542	customer
313	Robert Cooper	b041c0aeb35bb0fa4aa668ca5a920b590196fdaf9a00eb852c9b7f4d123cc6d6	robertcooper726@email.com	+6243436746362	customer
314	Sharon Marshall	b041c0aeb35bb0fa4aa668ca5a920b590196fdaf9a00eb852c9b7f4d123cc6d6	sharonmarshall576@email.com	+6277834130615	customer
315	Melanie Parrish	b041c0aeb35bb0fa4aa668ca5a920b590196fdaf9a00eb852c9b7f4d123cc6d6	melanieparrish573@email.com	+6264059275291	customer
316	Kristopher Gallagher	b041c0aeb35bb0fa4aa668ca5a920b590196fdaf9a00eb852c9b7f4d123cc6d6	kristophergallagher267@email.com	+6283351260019	customer
317	Patricia Romero	b041c0aeb35bb0fa4aa668ca5a920b590196fdaf9a00eb852c9b7f4d123cc6d6	patriciaromero537@email.com	+6234170634870	customer
318	Taylor Edwards	b041c0aeb35bb0fa4aa668ca5a920b590196fdaf9a00eb852c9b7f4d123cc6d6	tayloredwards660@email.com	+6228584951543	customer
319	Kenneth Lucas	b041c0aeb35bb0fa4aa668ca5a920b590196fdaf9a00eb852c9b7f4d123cc6d6	kennethlucas714@email.com	+6208244275680	customer
320	Kimberly Hartman	b041c0aeb35bb0fa4aa668ca5a920b590196fdaf9a00eb852c9b7f4d123cc6d6	kimberlyhartman934@email.com	+6258931989169	customer
321	Lisa Smith	b041c0aeb35bb0fa4aa668ca5a920b590196fdaf9a00eb852c9b7f4d123cc6d6	lisasmith909@email.com	+6221159600055	customer
322	Laurie Burch	b041c0aeb35bb0fa4aa668ca5a920b590196fdaf9a00eb852c9b7f4d123cc6d6	laurieburch539@email.com	+6212163785848	customer
323	Janet Wilson	b041c0aeb35bb0fa4aa668ca5a920b590196fdaf9a00eb852c9b7f4d123cc6d6	janetwilson318@email.com	+6259716809151	customer
324	Justin Reyes	b041c0aeb35bb0fa4aa668ca5a920b590196fdaf9a00eb852c9b7f4d123cc6d6	justinreyes824@email.com	+6299735518483	customer
325	Victor Martin	b041c0aeb35bb0fa4aa668ca5a920b590196fdaf9a00eb852c9b7f4d123cc6d6	victormartin423@email.com	+6273229639445	customer
326	Henry Horne	b041c0aeb35bb0fa4aa668ca5a920b590196fdaf9a00eb852c9b7f4d123cc6d6	henryhorne383@email.com	+6270577520194	customer
327	James Rodriguez	b041c0aeb35bb0fa4aa668ca5a920b590196fdaf9a00eb852c9b7f4d123cc6d6	jamesrodriguez102@email.com	+6260793460171	customer
328	Patricia Stephens	b041c0aeb35bb0fa4aa668ca5a920b590196fdaf9a00eb852c9b7f4d123cc6d6	patriciastephens761@email.com	+6222635044772	customer
329	Travis Melendez	b041c0aeb35bb0fa4aa668ca5a920b590196fdaf9a00eb852c9b7f4d123cc6d6	travismelendez556@email.com	+6200393162831	customer
330	Terry Wright	b041c0aeb35bb0fa4aa668ca5a920b590196fdaf9a00eb852c9b7f4d123cc6d6	terrywright674@email.com	+6202006277831	customer
331	John Cole	b041c0aeb35bb0fa4aa668ca5a920b590196fdaf9a00eb852c9b7f4d123cc6d6	johncole669@email.com	+6247327729220	customer
332	Wayne Miller	b041c0aeb35bb0fa4aa668ca5a920b590196fdaf9a00eb852c9b7f4d123cc6d6	waynemiller249@email.com	+6281220504980	customer
333	George Wright	b041c0aeb35bb0fa4aa668ca5a920b590196fdaf9a00eb852c9b7f4d123cc6d6	georgewright595@email.com	+6211275487506	customer
334	Kathleen Richardson	b041c0aeb35bb0fa4aa668ca5a920b590196fdaf9a00eb852c9b7f4d123cc6d6	kathleenrichardson427@email.com	+6220700807947	customer
335	Stephanie Larsen	b041c0aeb35bb0fa4aa668ca5a920b590196fdaf9a00eb852c9b7f4d123cc6d6	stephanielarsen889@email.com	+6227470938081	customer
336	Doris English	b041c0aeb35bb0fa4aa668ca5a920b590196fdaf9a00eb852c9b7f4d123cc6d6	dorisenglish733@email.com	+6211408034745	customer
337	Amanda Bush	b041c0aeb35bb0fa4aa668ca5a920b590196fdaf9a00eb852c9b7f4d123cc6d6	amandabush505@email.com	+6245750847238	customer
338	Dominique Diaz	b041c0aeb35bb0fa4aa668ca5a920b590196fdaf9a00eb852c9b7f4d123cc6d6	dominiquediaz336@email.com	+6288855881532	customer
339	Matthew Jackson	b041c0aeb35bb0fa4aa668ca5a920b590196fdaf9a00eb852c9b7f4d123cc6d6	matthewjackson724@email.com	+6227906542724	customer
340	Robert Santos	b041c0aeb35bb0fa4aa668ca5a920b590196fdaf9a00eb852c9b7f4d123cc6d6	robertsantos514@email.com	+6226943821351	customer
341	Brittany Smith	b041c0aeb35bb0fa4aa668ca5a920b590196fdaf9a00eb852c9b7f4d123cc6d6	brittanysmith403@email.com	+6262122928575	customer
342	James Hayes	b041c0aeb35bb0fa4aa668ca5a920b590196fdaf9a00eb852c9b7f4d123cc6d6	jameshayes18@email.com	+6206277214207	customer
343	Matthew Schwartz	b041c0aeb35bb0fa4aa668ca5a920b590196fdaf9a00eb852c9b7f4d123cc6d6	matthewschwartz963@email.com	+6249218255613	customer
344	Katelyn Jackson	b041c0aeb35bb0fa4aa668ca5a920b590196fdaf9a00eb852c9b7f4d123cc6d6	katelynjackson92@email.com	+6216380453678	customer
345	Nancy Bailey	b041c0aeb35bb0fa4aa668ca5a920b590196fdaf9a00eb852c9b7f4d123cc6d6	nancybailey940@email.com	+6229802935693	customer
346	Melissa Rojas	b041c0aeb35bb0fa4aa668ca5a920b590196fdaf9a00eb852c9b7f4d123cc6d6	melissarojas11@email.com	+6208149300431	customer
347	Jessica Rojas	b041c0aeb35bb0fa4aa668ca5a920b590196fdaf9a00eb852c9b7f4d123cc6d6	jessicarojas535@email.com	+6259962337065	customer
348	Tracy Fisher	b041c0aeb35bb0fa4aa668ca5a920b590196fdaf9a00eb852c9b7f4d123cc6d6	tracyfisher800@email.com	+6200506550709	customer
349	Ryan Rose	b041c0aeb35bb0fa4aa668ca5a920b590196fdaf9a00eb852c9b7f4d123cc6d6	ryanrose767@email.com	+6261148384651	customer
350	Bridget Vazquez	b041c0aeb35bb0fa4aa668ca5a920b590196fdaf9a00eb852c9b7f4d123cc6d6	bridgetvazquez848@email.com	+6201993794626	customer
351	Jennifer Beltran	b041c0aeb35bb0fa4aa668ca5a920b590196fdaf9a00eb852c9b7f4d123cc6d6	jenniferbeltran494@email.com	+6249558769269	customer
352	Carol Shepard	b041c0aeb35bb0fa4aa668ca5a920b590196fdaf9a00eb852c9b7f4d123cc6d6	carolshepard993@email.com	+6295090871550	customer
353	Wayne Hernandez	b041c0aeb35bb0fa4aa668ca5a920b590196fdaf9a00eb852c9b7f4d123cc6d6	waynehernandez793@email.com	+6263087833812	customer
354	Maria Jackson	b041c0aeb35bb0fa4aa668ca5a920b590196fdaf9a00eb852c9b7f4d123cc6d6	mariajackson862@email.com	+6243172368437	customer
355	Alan Wiggins	b041c0aeb35bb0fa4aa668ca5a920b590196fdaf9a00eb852c9b7f4d123cc6d6	alanwiggins133@email.com	+6210933596471	customer
356	Gabriel Johnson	b041c0aeb35bb0fa4aa668ca5a920b590196fdaf9a00eb852c9b7f4d123cc6d6	gabrieljohnson337@email.com	+6277710523143	customer
357	Mr. Michael Ortiz	b041c0aeb35bb0fa4aa668ca5a920b590196fdaf9a00eb852c9b7f4d123cc6d6	mr.michaelortiz805@email.com	+6226082532606	customer
358	Nicole Elliott	b041c0aeb35bb0fa4aa668ca5a920b590196fdaf9a00eb852c9b7f4d123cc6d6	nicoleelliott491@email.com	+6257502239977	customer
359	Michael Cervantes	b041c0aeb35bb0fa4aa668ca5a920b590196fdaf9a00eb852c9b7f4d123cc6d6	michaelcervantes631@email.com	+6234299499188	customer
360	Pamela Newton	b041c0aeb35bb0fa4aa668ca5a920b590196fdaf9a00eb852c9b7f4d123cc6d6	pamelanewton365@email.com	+6226743792306	customer
361	Angela Smith	b041c0aeb35bb0fa4aa668ca5a920b590196fdaf9a00eb852c9b7f4d123cc6d6	angelasmith537@email.com	+6248753012967	customer
362	Carla Little	b041c0aeb35bb0fa4aa668ca5a920b590196fdaf9a00eb852c9b7f4d123cc6d6	carlalittle251@email.com	+6209839597323	customer
363	Melissa Green	b041c0aeb35bb0fa4aa668ca5a920b590196fdaf9a00eb852c9b7f4d123cc6d6	melissagreen891@email.com	+6249713673067	customer
364	Erik Boyd	b041c0aeb35bb0fa4aa668ca5a920b590196fdaf9a00eb852c9b7f4d123cc6d6	erikboyd801@email.com	+6250525520189	customer
365	Dylan Davis	b041c0aeb35bb0fa4aa668ca5a920b590196fdaf9a00eb852c9b7f4d123cc6d6	dylandavis185@email.com	+6282452584643	customer
366	Stephen Davis	b041c0aeb35bb0fa4aa668ca5a920b590196fdaf9a00eb852c9b7f4d123cc6d6	stephendavis398@email.com	+6242126541476	customer
367	Bradley Vaughan	b041c0aeb35bb0fa4aa668ca5a920b590196fdaf9a00eb852c9b7f4d123cc6d6	bradleyvaughan842@email.com	+6245071021894	customer
368	Dustin Stuart	b041c0aeb35bb0fa4aa668ca5a920b590196fdaf9a00eb852c9b7f4d123cc6d6	dustinstuart942@email.com	+6241849843628	customer
369	Darren Cruz	b041c0aeb35bb0fa4aa668ca5a920b590196fdaf9a00eb852c9b7f4d123cc6d6	darrencruz793@email.com	+6298391027438	customer
370	Jason Mccoy	b041c0aeb35bb0fa4aa668ca5a920b590196fdaf9a00eb852c9b7f4d123cc6d6	jasonmccoy483@email.com	+6208951703212	customer
371	Kevin Rush	b041c0aeb35bb0fa4aa668ca5a920b590196fdaf9a00eb852c9b7f4d123cc6d6	kevinrush308@email.com	+6273815501673	customer
372	Clifford Davis	b041c0aeb35bb0fa4aa668ca5a920b590196fdaf9a00eb852c9b7f4d123cc6d6	clifforddavis463@email.com	+6235123999147	customer
373	Jacqueline Velez	b041c0aeb35bb0fa4aa668ca5a920b590196fdaf9a00eb852c9b7f4d123cc6d6	jacquelinevelez770@email.com	+6289312910144	customer
374	Judy Casey	b041c0aeb35bb0fa4aa668ca5a920b590196fdaf9a00eb852c9b7f4d123cc6d6	judycasey455@email.com	+6236481377963	customer
375	Vicki Christensen	b041c0aeb35bb0fa4aa668ca5a920b590196fdaf9a00eb852c9b7f4d123cc6d6	vickichristensen836@email.com	+6278038827763	customer
376	Alex Palmer	b041c0aeb35bb0fa4aa668ca5a920b590196fdaf9a00eb852c9b7f4d123cc6d6	alexpalmer192@email.com	+6296904218255	customer
377	Tammy Nelson	b041c0aeb35bb0fa4aa668ca5a920b590196fdaf9a00eb852c9b7f4d123cc6d6	tammynelson162@email.com	+6278205057464	customer
378	Matthew Holmes	b041c0aeb35bb0fa4aa668ca5a920b590196fdaf9a00eb852c9b7f4d123cc6d6	matthewholmes757@email.com	+6260673235047	customer
379	Cheyenne Krause	b041c0aeb35bb0fa4aa668ca5a920b590196fdaf9a00eb852c9b7f4d123cc6d6	cheyennekrause159@email.com	+6245898053186	customer
380	Ashlee Collins	b041c0aeb35bb0fa4aa668ca5a920b590196fdaf9a00eb852c9b7f4d123cc6d6	ashleecollins851@email.com	+6202140898710	customer
381	Lori Lin	b041c0aeb35bb0fa4aa668ca5a920b590196fdaf9a00eb852c9b7f4d123cc6d6	lorilin59@email.com	+6219050243493	customer
382	Rachel Vega	b041c0aeb35bb0fa4aa668ca5a920b590196fdaf9a00eb852c9b7f4d123cc6d6	rachelvega781@email.com	+6269035805677	customer
383	Kimberly Johnson	b041c0aeb35bb0fa4aa668ca5a920b590196fdaf9a00eb852c9b7f4d123cc6d6	kimberlyjohnson528@email.com	+6250328390646	customer
384	Stacy Smith	b041c0aeb35bb0fa4aa668ca5a920b590196fdaf9a00eb852c9b7f4d123cc6d6	stacysmith11@email.com	+6244910121476	customer
385	Dr. Meagan Russell MD	b041c0aeb35bb0fa4aa668ca5a920b590196fdaf9a00eb852c9b7f4d123cc6d6	dr.meaganrussellmd182@email.com	+6290638466087	customer
386	Paul Oliver	b041c0aeb35bb0fa4aa668ca5a920b590196fdaf9a00eb852c9b7f4d123cc6d6	pauloliver554@email.com	+6251016199718	customer
387	Mark Patterson	b041c0aeb35bb0fa4aa668ca5a920b590196fdaf9a00eb852c9b7f4d123cc6d6	markpatterson247@email.com	+6208713001349	customer
388	Derrick Lewis	b041c0aeb35bb0fa4aa668ca5a920b590196fdaf9a00eb852c9b7f4d123cc6d6	derricklewis456@email.com	+6237868640797	customer
389	Keith Hudson	b041c0aeb35bb0fa4aa668ca5a920b590196fdaf9a00eb852c9b7f4d123cc6d6	keithhudson148@email.com	+6252908468482	customer
390	Amy Martin	b041c0aeb35bb0fa4aa668ca5a920b590196fdaf9a00eb852c9b7f4d123cc6d6	amymartin789@email.com	+6277585630763	customer
391	Ann Singh	b041c0aeb35bb0fa4aa668ca5a920b590196fdaf9a00eb852c9b7f4d123cc6d6	annsingh74@email.com	+6254863739745	customer
392	Valerie Richardson	b041c0aeb35bb0fa4aa668ca5a920b590196fdaf9a00eb852c9b7f4d123cc6d6	valerierichardson923@email.com	+6246899782603	customer
393	Charles Solomon	b041c0aeb35bb0fa4aa668ca5a920b590196fdaf9a00eb852c9b7f4d123cc6d6	charlessolomon40@email.com	+6217690652634	customer
394	Cheryl Rogers	b041c0aeb35bb0fa4aa668ca5a920b590196fdaf9a00eb852c9b7f4d123cc6d6	cherylrogers156@email.com	+6272699764516	customer
395	Christina Lam	b041c0aeb35bb0fa4aa668ca5a920b590196fdaf9a00eb852c9b7f4d123cc6d6	christinalam776@email.com	+6223730039828	customer
396	Zachary Wiggins	b041c0aeb35bb0fa4aa668ca5a920b590196fdaf9a00eb852c9b7f4d123cc6d6	zacharywiggins316@email.com	+6252905777448	customer
397	Laura Watson	b041c0aeb35bb0fa4aa668ca5a920b590196fdaf9a00eb852c9b7f4d123cc6d6	laurawatson286@email.com	+6270410573102	customer
398	Christine Olson	b041c0aeb35bb0fa4aa668ca5a920b590196fdaf9a00eb852c9b7f4d123cc6d6	christineolson519@email.com	+6250723631474	customer
399	Christopher Liu	b041c0aeb35bb0fa4aa668ca5a920b590196fdaf9a00eb852c9b7f4d123cc6d6	christopherliu319@email.com	+6259649069801	customer
400	Shannon Peck	b041c0aeb35bb0fa4aa668ca5a920b590196fdaf9a00eb852c9b7f4d123cc6d6	shannonpeck891@email.com	+6218404283101	customer
\.


--
-- Data for Name: vouchers; Type: TABLE DATA; Schema: public; Owner: postgres
--

COPY public.vouchers (voucher_id, payment_id, customer_id, discount, expired_at, used) FROM stdin;
1	\N	6	30	2024-08-04 22:52:15	f
2	\N	6	10	2024-05-21 17:44:03	f
3	\N	6	40	2024-12-16 19:43:39	f
4	\N	6	30	2025-04-07 17:30:25	f
5	\N	6	30	2025-01-30 18:34:26	f
6	\N	7	35	2025-06-20 15:18:10	f
7	\N	8	40	2025-10-24 12:11:03	f
9	\N	9	30	2025-06-07 10:05:59	f
10	\N	10	20	2024-09-08 08:45:28	f
12	\N	10	15	2024-07-20 05:08:25	f
13	\N	11	20	2024-09-19 10:50:38	f
14	\N	11	5	2024-09-12 04:20:28	f
15	\N	11	40	2025-06-05 22:32:27	f
17	\N	11	5	2025-07-15 19:44:25	f
18	\N	12	35	2024-11-04 23:46:38	f
19	\N	12	50	2025-05-04 04:01:55	f
20	\N	12	50	2024-12-13 15:33:11	f
21	\N	13	30	2025-01-06 15:35:40	f
22	\N	13	20	2025-06-18 18:06:24	f
23	\N	13	15	2024-07-17 18:28:22	f
24	\N	13	10	2025-04-09 05:10:07	f
25	\N	14	20	2024-08-03 07:40:15	f
26	\N	14	15	2025-04-01 20:59:14	f
27	\N	15	5	2025-03-27 18:55:48	f
28	\N	15	20	2025-05-22 23:17:55	f
29	\N	16	5	2025-09-17 02:15:56	f
30	\N	16	30	2025-06-16 19:08:25	f
31	\N	16	15	2025-10-30 21:11:55	f
32	\N	16	10	2025-08-07 16:31:57	f
33	\N	17	30	2024-05-10 01:25:47	f
34	\N	17	30	2025-04-30 16:05:31	f
35	\N	17	15	2025-03-07 16:37:46	f
36	\N	18	10	2025-06-22 11:53:54	f
37	\N	18	25	2024-07-23 02:25:17	f
38	\N	18	25	2024-12-08 02:23:49	f
39	\N	18	5	2024-07-27 17:17:30	f
40	\N	19	50	2025-12-05 06:49:12	f
41	\N	19	40	2025-07-03 17:52:02	f
42	\N	19	35	2025-03-26 23:59:41	f
43	\N	19	10	2025-10-03 07:26:32	f
44	\N	19	40	2025-01-31 00:46:37	f
45	\N	20	20	2025-07-15 20:16:12	f
46	\N	20	5	2024-08-24 03:29:38	f
47	\N	20	5	2025-04-23 09:21:18	f
48	\N	21	15	2025-06-19 16:23:48	f
49	\N	21	20	2025-10-09 09:55:36	f
50	\N	21	35	2025-11-14 03:56:45	f
51	\N	21	50	2024-07-14 15:41:06	f
52	\N	22	10	2024-05-11 10:49:58	f
53	\N	22	10	2025-10-07 13:51:08	f
55	\N	22	5	2024-11-28 06:06:07	f
56	\N	23	20	2025-02-23 14:08:06	f
57	\N	23	10	2025-08-06 15:05:48	f
58	\N	23	15	2024-07-23 13:17:48	f
59	\N	23	25	2025-08-05 08:08:31	f
60	\N	23	20	2025-02-01 10:00:15	f
62	\N	24	25	2025-05-26 00:57:21	f
63	\N	24	40	2024-08-12 23:01:32	f
64	\N	25	25	2025-05-30 23:13:30	f
65	\N	26	40	2024-09-22 17:22:18	f
66	\N	26	5	2025-06-29 03:37:20	f
67	\N	26	20	2025-04-25 12:04:00	f
68	\N	26	20	2024-09-30 03:37:31	f
69	\N	26	40	2024-07-24 23:45:30	f
70	\N	27	15	2025-08-14 23:07:59	f
71	\N	27	5	2024-12-15 05:13:14	f
72	\N	27	35	2025-03-21 00:05:43	f
73	\N	27	5	2024-12-31 19:02:46	f
74	\N	28	25	2024-09-18 09:02:42	f
75	\N	28	50	2025-06-03 15:30:06	f
76	\N	28	50	2024-12-12 00:17:24	f
77	\N	28	15	2025-04-05 00:43:15	f
78	\N	29	40	2024-07-18 10:34:52	f
79	\N	29	10	2025-09-15 17:06:46	f
81	\N	29	20	2024-08-29 16:28:22	f
82	\N	30	30	2024-06-26 18:35:01	f
83	\N	30	15	2024-09-17 02:22:10	f
84	\N	31	50	2025-02-27 22:52:11	f
85	\N	31	15	2025-06-20 21:49:14	f
86	\N	31	20	2024-05-27 14:04:44	f
88	\N	32	35	2025-06-07 06:59:47	f
89	\N	32	10	2024-06-28 02:13:47	f
90	\N	32	30	2024-07-04 03:29:02	f
91	\N	32	10	2024-12-30 14:05:59	f
92	\N	33	30	2025-02-18 14:26:58	f
93	\N	34	35	2025-08-03 08:19:05	f
94	\N	35	5	2025-06-23 14:51:57	f
95	\N	36	5	2024-08-07 18:18:07	f
96	\N	36	20	2025-05-01 08:34:06	f
97	\N	37	35	2025-01-16 02:17:01	f
98	\N	37	30	2024-05-13 02:44:08	f
99	\N	37	50	2025-01-31 23:38:17	f
100	\N	37	20	2024-08-29 05:39:52	f
101	\N	37	35	2024-07-31 18:56:13	f
103	\N	38	10	2024-10-11 08:17:00	f
104	\N	39	25	2024-11-03 20:46:29	f
105	\N	39	35	2025-03-09 10:51:38	f
106	\N	40	10	2025-11-11 13:29:17	f
107	\N	40	40	2024-09-04 03:33:33	f
108	\N	41	35	2024-07-08 11:42:32	f
109	\N	41	5	2025-02-05 04:26:49	f
111	\N	42	5	2025-02-12 14:14:40	f
112	\N	42	30	2024-05-30 13:41:31	f
113	\N	42	15	2024-06-02 09:40:57	f
114	\N	43	25	2025-06-13 03:18:53	f
116	\N	43	40	2024-10-22 02:37:37	f
117	\N	43	50	2025-05-28 00:05:18	f
118	\N	44	20	2024-07-08 17:34:54	f
119	\N	44	25	2024-06-02 19:45:58	f
120	\N	44	10	2025-04-20 15:14:15	f
121	\N	44	50	2025-02-10 23:40:29	f
122	\N	45	50	2025-05-26 11:39:40	f
123	\N	45	35	2025-02-14 05:16:37	f
124	\N	45	30	2025-09-06 02:30:33	f
125	\N	46	20	2024-08-07 21:21:13	f
126	\N	47	30	2025-07-27 11:52:52	f
127	\N	47	40	2025-06-03 11:15:48	f
128	\N	47	50	2025-09-02 02:02:16	f
129	\N	47	5	2025-10-23 06:25:32	f
130	\N	47	50	2024-06-04 01:21:20	f
131	\N	48	5	2024-11-07 11:03:13	f
133	\N	48	50	2025-01-21 03:42:13	f
135	\N	49	15	2025-05-10 11:37:07	f
136	\N	50	15	2025-06-28 05:03:32	f
61	819	24	50	2025-09-20 02:59:58	t
132	922	48	20	2025-11-14 19:21:24	t
115	925	43	15	2025-12-07 18:32:15	t
54	936	22	40	2025-12-08 06:07:01	t
80	1014	29	20	2025-09-17 11:14:35	t
137	\N	50	15	2024-09-29 18:21:49	f
138	\N	50	40	2025-12-02 14:38:00	f
139	\N	51	15	2024-05-30 23:22:18	f
140	\N	51	5	2024-07-24 20:16:51	f
141	\N	51	20	2024-11-09 23:19:25	f
144	\N	52	20	2025-06-09 14:16:57	f
145	\N	52	50	2024-11-15 04:20:43	f
146	\N	52	5	2025-09-14 15:01:11	f
147	\N	52	15	2025-10-23 00:31:04	f
148	\N	52	40	2024-10-04 05:11:45	f
149	\N	53	40	2024-09-28 23:36:46	f
150	\N	53	10	2025-09-07 01:16:29	f
152	\N	54	20	2025-05-28 11:39:38	f
153	\N	54	20	2025-04-26 16:54:50	f
156	\N	54	20	2025-06-23 08:29:30	f
157	\N	55	35	2024-07-19 21:52:50	f
158	\N	55	25	2024-12-19 17:04:59	f
159	\N	55	10	2024-07-17 15:27:34	f
160	\N	55	40	2025-07-17 13:42:41	f
161	\N	56	15	2025-07-16 21:08:06	f
162	\N	57	20	2024-11-06 06:59:40	f
163	\N	57	20	2024-05-09 06:02:23	f
164	\N	57	50	2025-05-07 06:24:59	f
165	\N	57	30	2024-06-15 12:57:44	f
166	\N	57	5	2025-06-28 14:23:19	f
167	\N	58	25	2024-11-27 09:21:52	f
168	\N	59	50	2025-09-21 07:21:17	f
169	\N	59	50	2025-09-27 16:18:56	f
170	\N	59	35	2025-02-03 00:39:11	f
171	\N	59	5	2024-11-03 17:47:34	f
172	\N	59	15	2024-06-11 21:19:23	f
173	\N	60	15	2025-09-16 09:19:36	f
174	\N	60	5	2025-01-04 09:58:22	f
175	\N	61	10	2025-03-01 02:31:01	f
176	\N	62	50	2024-10-11 23:17:53	f
177	\N	62	25	2025-07-19 22:40:10	f
178	\N	62	15	2025-01-23 10:47:12	f
179	\N	62	50	2024-11-21 12:27:34	f
180	\N	62	25	2025-04-21 01:35:34	f
182	\N	63	15	2025-10-18 14:52:12	f
183	\N	63	25	2024-09-11 12:08:18	f
184	\N	63	50	2024-08-10 03:25:48	f
185	\N	63	10	2025-02-01 11:54:30	f
186	\N	64	5	2025-03-24 08:12:58	f
187	\N	64	5	2025-05-07 10:09:06	f
188	\N	64	25	2025-09-27 11:38:50	f
189	\N	65	25	2025-11-08 22:09:26	f
190	\N	65	15	2025-11-29 15:18:11	f
191	\N	65	20	2025-09-28 04:30:36	f
192	\N	66	5	2024-08-05 23:36:54	f
193	\N	66	40	2025-03-16 10:52:16	f
194	\N	66	5	2025-05-11 10:11:38	f
195	\N	66	10	2025-06-18 17:16:13	f
196	\N	66	5	2024-08-04 13:38:22	f
197	\N	67	35	2025-09-15 21:07:05	f
198	\N	67	40	2025-10-25 06:34:36	f
199	\N	68	40	2025-04-08 08:55:45	f
200	\N	68	50	2024-07-16 14:44:37	f
201	\N	69	35	2024-05-02 06:25:20	f
202	\N	69	20	2024-05-18 04:42:33	f
203	\N	69	35	2025-11-22 08:46:54	f
204	\N	69	5	2025-11-21 13:14:33	f
206	\N	71	30	2024-06-03 08:43:56	f
207	\N	71	15	2025-02-21 15:54:19	f
208	\N	71	30	2024-08-19 03:09:22	f
209	\N	72	10	2025-03-24 19:01:02	f
210	\N	72	15	2025-08-16 02:38:22	f
211	\N	72	15	2024-06-15 07:25:22	f
212	\N	72	25	2025-03-14 04:43:36	f
213	\N	73	20	2024-12-12 19:22:43	f
214	\N	73	40	2025-10-19 07:21:02	f
215	\N	73	50	2024-07-18 05:32:37	f
216	\N	73	35	2024-11-24 10:28:40	f
217	\N	74	40	2024-10-30 22:48:17	f
218	\N	74	15	2025-03-17 11:50:38	f
219	\N	75	15	2025-10-19 17:19:21	f
220	\N	75	40	2025-09-12 06:50:39	f
221	\N	75	15	2024-10-07 08:28:12	f
222	\N	75	15	2025-01-18 06:35:29	f
223	\N	75	5	2024-12-29 01:32:14	f
224	\N	76	50	2025-02-02 02:55:55	f
225	\N	77	30	2024-07-24 19:16:38	f
226	\N	77	30	2025-07-15 20:12:31	f
227	\N	77	20	2025-09-09 00:52:16	f
228	\N	77	5	2024-10-30 23:15:59	f
229	\N	77	20	2024-11-05 04:13:06	f
230	\N	78	25	2025-08-20 02:19:16	f
231	\N	79	10	2025-01-04 18:04:15	f
232	\N	79	5	2024-07-09 02:00:22	f
233	\N	79	30	2024-11-28 06:15:46	f
234	\N	80	20	2025-01-16 01:44:08	f
235	\N	80	15	2024-07-23 11:51:53	f
236	\N	81	50	2024-05-01 12:32:55	f
237	\N	81	30	2024-11-04 11:04:02	f
238	\N	81	25	2025-02-04 12:57:46	f
239	\N	82	15	2024-07-06 17:58:49	f
240	\N	82	30	2024-06-26 17:23:26	f
241	\N	83	40	2024-06-12 04:08:08	f
242	\N	84	30	2025-11-25 15:41:47	f
243	\N	84	30	2025-08-06 02:25:49	f
244	\N	85	25	2025-01-21 10:18:12	f
245	\N	85	30	2024-11-29 09:28:40	f
246	\N	85	40	2025-11-04 14:08:30	f
247	\N	85	15	2025-01-25 05:22:10	f
248	\N	85	15	2025-09-27 13:45:07	f
249	\N	86	35	2025-08-24 18:22:22	f
250	\N	86	10	2024-07-07 21:19:47	f
251	\N	86	5	2025-11-03 11:30:20	f
252	\N	86	50	2025-05-23 03:11:16	f
253	\N	86	20	2024-11-28 15:54:07	f
255	\N	88	30	2024-07-05 04:04:35	f
256	\N	89	50	2024-05-30 06:03:45	f
257	\N	89	20	2025-12-05 12:55:32	f
258	\N	89	10	2025-03-14 09:52:07	f
259	\N	89	30	2025-06-27 16:13:56	f
260	\N	90	35	2025-04-16 22:47:14	f
261	\N	90	30	2025-03-27 17:25:29	f
262	\N	91	10	2025-06-28 13:24:12	f
263	\N	92	25	2025-07-25 20:20:17	f
264	\N	93	25	2024-05-15 02:24:16	f
265	\N	93	5	2024-05-02 16:27:56	f
266	\N	93	15	2025-11-06 18:23:19	f
267	\N	93	30	2025-05-15 08:17:26	f
268	\N	94	30	2024-10-11 21:10:30	f
269	\N	95	30	2025-11-16 07:07:53	f
270	\N	95	50	2025-03-03 01:08:09	f
271	\N	95	20	2024-05-22 15:42:19	f
272	\N	95	20	2025-01-11 19:37:02	f
143	899	51	5	2025-09-17 06:34:37	t
205	937	70	10	2025-09-28 17:29:16	t
154	1024	54	30	2025-11-28 06:30:32	t
273	\N	95	35	2025-04-18 12:32:32	f
274	\N	96	40	2024-10-12 18:35:09	f
275	\N	96	5	2024-10-20 16:26:32	f
276	\N	96	10	2025-07-03 13:35:51	f
277	\N	97	35	2024-10-17 02:42:02	f
278	\N	97	50	2025-04-23 17:38:21	f
279	\N	97	20	2025-04-13 01:32:48	f
280	\N	98	50	2025-11-08 17:17:17	f
281	\N	98	15	2024-07-15 23:08:01	f
282	\N	98	35	2025-03-01 22:55:16	f
283	\N	98	35	2024-07-07 01:13:46	f
284	\N	98	50	2025-09-26 20:16:47	f
285	\N	99	20	2025-09-07 05:05:17	f
286	\N	99	35	2025-09-02 08:14:13	f
287	\N	100	10	2025-02-03 18:01:17	f
288	\N	100	5	2025-02-03 01:56:19	f
289	\N	100	10	2024-09-13 19:51:20	f
290	\N	101	20	2025-08-16 07:10:49	f
291	\N	101	5	2025-08-18 09:17:19	f
292	\N	101	15	2025-09-09 02:54:55	f
293	\N	101	15	2024-12-14 06:25:34	f
294	\N	102	20	2024-06-01 20:16:39	f
295	\N	102	5	2025-01-01 14:29:39	f
296	\N	102	10	2025-09-01 21:57:49	f
298	\N	103	30	2025-07-29 18:05:40	f
299	\N	104	10	2025-10-17 15:55:22	f
300	\N	104	25	2024-06-22 23:15:34	f
301	\N	104	10	2025-09-18 16:52:31	f
302	\N	104	30	2025-04-10 04:29:00	f
303	\N	105	10	2024-08-09 10:10:52	f
304	\N	105	25	2024-07-10 18:40:35	f
305	\N	105	20	2025-06-27 07:27:06	f
306	\N	105	5	2025-09-01 09:00:07	f
307	\N	106	10	2024-07-27 23:53:56	f
308	\N	106	40	2025-01-21 08:20:19	f
309	\N	106	50	2025-05-26 04:53:09	f
310	\N	107	5	2025-04-10 21:14:14	f
311	\N	108	20	2025-08-20 13:02:32	f
313	\N	109	50	2025-04-29 13:08:52	f
314	\N	109	15	2024-09-27 05:32:38	f
315	\N	109	50	2024-09-03 02:12:38	f
316	\N	110	5	2025-06-21 16:07:46	f
317	\N	110	30	2025-06-03 12:46:46	f
318	\N	110	15	2024-10-31 08:28:17	f
319	\N	110	20	2024-05-19 13:41:50	f
320	\N	111	25	2025-02-28 16:22:17	f
321	\N	111	15	2024-05-11 22:04:11	f
322	\N	111	35	2024-06-14 10:52:27	f
323	\N	112	40	2025-07-20 13:18:13	f
324	\N	113	30	2025-10-15 10:20:36	f
325	\N	113	30	2024-11-10 08:18:09	f
326	\N	114	15	2024-05-21 08:03:59	f
327	\N	114	50	2025-06-03 07:01:21	f
328	\N	114	35	2025-10-01 01:48:24	f
329	\N	114	10	2025-12-05 18:09:04	f
330	\N	114	30	2024-09-05 03:51:27	f
331	\N	115	10	2025-08-29 20:06:54	f
333	\N	115	20	2024-05-03 05:19:44	f
334	\N	116	30	2025-08-27 19:21:31	f
335	\N	116	25	2024-05-01 08:26:20	f
336	\N	116	40	2024-05-19 05:44:07	f
337	\N	116	30	2024-05-25 14:08:58	f
338	\N	117	5	2025-06-15 02:43:20	f
339	\N	117	35	2024-09-12 16:49:36	f
340	\N	117	5	2024-10-31 18:20:39	f
341	\N	118	25	2024-11-18 09:43:47	f
343	\N	118	20	2024-10-04 20:52:40	f
344	\N	118	25	2025-05-16 23:21:04	f
345	\N	119	25	2024-07-23 16:44:25	f
346	\N	119	50	2025-11-08 23:43:25	f
347	\N	120	15	2025-01-01 00:46:32	f
348	\N	120	5	2024-09-09 09:46:17	f
349	\N	121	20	2025-06-12 04:25:27	f
350	\N	122	50	2025-03-22 08:52:12	f
351	\N	122	40	2025-06-17 02:32:48	f
352	\N	122	40	2025-06-28 07:28:33	f
353	\N	122	15	2024-05-31 15:26:28	f
354	\N	123	50	2025-03-30 00:36:09	f
356	\N	123	40	2024-08-09 12:50:43	f
357	\N	123	15	2024-09-06 20:04:18	f
358	\N	123	50	2024-07-03 07:48:44	f
359	\N	124	40	2025-07-25 17:55:03	f
361	\N	124	50	2024-09-08 19:39:15	f
362	\N	124	20	2025-04-10 03:31:50	f
363	\N	124	35	2024-06-17 19:01:30	f
364	\N	125	50	2025-08-31 12:23:43	f
365	\N	125	35	2024-06-28 09:26:46	f
366	\N	125	30	2025-08-19 23:37:40	f
367	\N	125	40	2024-12-22 13:33:41	f
368	\N	125	30	2025-07-24 03:54:44	f
369	\N	126	20	2025-01-10 19:30:11	f
370	\N	127	15	2024-08-21 06:26:31	f
371	\N	127	40	2025-10-18 11:13:45	f
372	\N	128	35	2024-05-25 20:10:12	f
373	\N	128	15	2024-06-06 12:46:19	f
374	\N	128	25	2025-01-01 21:01:34	f
375	\N	129	5	2025-10-02 02:30:04	f
376	\N	129	10	2024-12-22 01:58:28	f
377	\N	130	10	2024-11-24 21:11:54	f
378	\N	131	20	2025-05-13 11:25:42	f
379	\N	131	10	2025-06-09 20:33:34	f
380	\N	131	50	2024-10-08 12:14:30	f
381	\N	131	50	2024-10-20 20:54:45	f
382	\N	132	25	2024-09-25 22:05:11	f
383	\N	133	35	2024-05-26 17:34:28	f
384	\N	133	5	2025-09-09 15:05:53	f
385	\N	133	50	2024-11-14 11:08:54	f
386	\N	134	30	2024-09-26 08:07:04	f
388	\N	134	15	2025-08-04 01:12:03	f
389	\N	134	5	2025-06-29 09:36:38	f
390	\N	134	15	2025-03-04 16:47:37	f
391	\N	135	15	2024-08-14 20:55:20	f
392	\N	135	10	2025-03-11 14:22:59	f
393	\N	135	5	2024-09-26 15:44:30	f
394	\N	135	5	2025-08-19 09:26:48	f
395	\N	136	50	2024-07-08 15:31:39	f
396	\N	137	5	2024-08-05 13:26:47	f
397	\N	137	40	2025-05-07 01:20:36	f
398	\N	137	5	2025-07-28 16:41:44	f
399	\N	138	30	2025-02-10 13:00:50	f
400	\N	138	35	2025-08-03 08:31:12	f
401	\N	138	10	2024-08-06 20:40:14	f
402	\N	139	50	2025-07-18 15:48:29	f
403	\N	139	15	2025-09-01 03:01:15	f
404	\N	139	25	2024-09-12 22:11:52	f
405	\N	140	50	2024-07-16 19:14:11	f
406	\N	140	20	2024-10-27 09:52:56	f
407	\N	141	30	2025-03-17 07:17:24	f
408	\N	141	50	2024-08-06 12:43:56	f
355	1098	123	15	2025-10-17 16:16:43	t
409	\N	142	50	2024-06-17 13:14:26	f
410	\N	142	50	2024-09-17 14:56:03	f
411	\N	142	5	2025-08-27 13:52:51	f
412	\N	142	5	2025-04-23 17:12:27	f
415	\N	143	30	2024-09-02 19:31:28	f
416	\N	143	35	2024-05-19 01:30:19	f
417	\N	143	15	2025-02-11 07:04:21	f
418	\N	144	40	2024-10-23 02:00:57	f
419	\N	144	20	2024-07-22 05:54:21	f
420	\N	145	5	2025-08-31 12:55:10	f
422	\N	145	15	2024-08-15 23:06:35	f
423	\N	146	10	2025-05-29 10:05:44	f
424	\N	146	40	2025-07-03 05:24:31	f
425	\N	147	15	2024-06-29 20:02:02	f
426	\N	147	50	2025-03-22 20:35:16	f
427	\N	147	40	2025-05-26 00:03:59	f
429	\N	148	40	2025-06-14 13:12:34	f
430	\N	149	10	2025-09-03 01:29:44	f
431	\N	149	15	2024-08-08 03:05:14	f
432	\N	149	30	2025-09-17 04:27:00	f
434	\N	149	25	2025-06-23 11:57:09	f
435	\N	150	25	2025-08-10 19:00:52	f
437	\N	150	50	2024-05-07 16:36:28	f
438	\N	150	20	2025-08-07 19:09:58	f
439	\N	150	20	2024-08-02 10:13:59	f
440	\N	151	50	2025-03-18 04:38:55	f
441	\N	151	25	2025-04-23 00:23:34	f
442	\N	151	15	2025-05-25 09:25:24	f
443	\N	152	15	2025-10-23 06:51:09	f
445	\N	153	35	2025-04-09 21:18:00	f
446	\N	153	20	2024-09-07 09:54:01	f
447	\N	153	30	2024-12-07 08:04:09	f
448	\N	153	25	2024-07-15 20:54:58	f
449	\N	153	50	2024-09-22 20:59:02	f
450	\N	154	5	2024-05-09 09:40:02	f
451	\N	154	25	2025-07-14 11:05:50	f
452	\N	154	35	2024-05-15 12:12:52	f
453	\N	155	5	2025-06-28 16:26:09	f
454	\N	155	15	2025-07-24 01:11:55	f
455	\N	155	25	2025-08-07 17:22:34	f
456	\N	155	50	2025-11-13 09:22:00	f
457	\N	156	20	2025-11-18 16:05:52	f
458	\N	156	15	2025-04-01 19:00:06	f
459	\N	157	20	2024-11-07 01:36:23	f
460	\N	157	30	2025-03-24 09:08:36	f
461	\N	157	50	2025-03-19 11:56:39	f
462	\N	157	40	2025-05-24 17:34:46	f
463	\N	157	40	2025-04-10 20:35:47	f
464	\N	158	40	2025-02-24 22:03:38	f
465	\N	159	5	2024-12-08 01:07:59	f
467	\N	159	25	2024-10-26 23:06:17	f
468	\N	159	40	2024-09-08 08:36:02	f
469	\N	160	30	2024-09-11 18:41:18	f
470	\N	160	40	2025-03-13 22:56:11	f
471	\N	160	25	2025-01-22 03:54:10	f
472	\N	160	10	2025-07-27 06:03:06	f
473	\N	160	35	2025-05-29 12:52:22	f
474	\N	161	25	2024-10-04 20:02:41	f
475	\N	161	25	2025-10-19 03:03:36	f
476	\N	161	30	2025-08-15 00:37:51	f
478	\N	162	20	2024-11-19 13:34:54	f
479	\N	162	5	2024-05-13 11:22:33	f
480	\N	162	50	2025-03-01 09:21:47	f
481	\N	162	20	2024-05-16 20:51:04	f
483	\N	163	50	2025-09-27 16:14:14	f
484	\N	163	5	2024-12-23 09:48:30	f
486	\N	165	5	2024-06-24 22:03:44	f
487	\N	165	25	2024-10-24 03:34:13	f
488	\N	165	5	2024-12-17 20:10:58	f
489	\N	165	35	2025-02-05 05:38:25	f
490	\N	166	30	2025-04-13 02:49:20	f
491	\N	166	30	2024-12-02 13:16:24	f
492	\N	167	40	2025-04-07 07:58:04	f
493	\N	168	35	2025-07-14 05:43:09	f
494	\N	168	25	2025-07-22 05:37:51	f
495	\N	168	5	2024-05-13 23:10:31	f
496	\N	168	35	2024-10-18 09:14:55	f
497	\N	169	15	2024-09-06 17:11:50	f
498	\N	169	35	2025-03-25 11:13:00	f
499	\N	169	20	2025-04-13 17:13:14	f
500	\N	169	35	2024-12-08 15:15:22	f
501	\N	169	30	2024-10-06 21:51:12	f
502	\N	170	40	2024-12-23 04:52:15	f
503	\N	170	40	2025-04-09 18:53:16	f
504	\N	170	10	2024-05-09 14:33:18	f
505	\N	170	30	2025-06-25 00:48:11	f
506	\N	170	10	2025-04-23 23:08:04	f
507	\N	171	30	2024-10-10 11:56:20	f
508	\N	172	50	2024-07-31 07:41:58	f
509	\N	172	25	2024-11-05 21:02:26	f
510	\N	172	50	2024-11-28 22:38:23	f
511	\N	173	35	2025-09-13 13:36:31	f
512	\N	173	20	2024-09-07 18:16:11	f
513	\N	173	35	2024-06-24 23:27:32	f
514	\N	173	35	2024-10-16 03:07:35	f
515	\N	173	5	2025-04-16 17:23:00	f
516	\N	174	40	2025-11-10 22:18:37	f
517	\N	175	5	2025-10-07 13:05:02	f
518	\N	175	5	2024-09-19 02:41:56	f
519	\N	175	35	2024-09-10 18:19:19	f
520	\N	175	35	2024-08-16 10:35:54	f
521	\N	176	50	2025-02-19 08:02:56	f
522	\N	176	15	2024-11-30 01:52:29	f
523	\N	176	25	2024-09-27 11:32:02	f
524	\N	177	40	2025-04-07 08:45:28	f
525	\N	177	25	2024-11-03 00:23:40	f
526	\N	177	10	2024-09-10 14:10:32	f
528	\N	177	50	2024-05-05 06:21:34	f
529	\N	178	40	2025-03-17 14:40:40	f
530	\N	179	20	2024-05-01 07:31:36	f
531	\N	180	25	2025-06-15 23:01:21	f
533	\N	181	25	2025-03-24 21:19:23	f
535	\N	181	15	2024-09-08 23:40:37	f
536	\N	182	30	2024-12-20 19:20:50	f
537	\N	182	20	2025-06-03 02:41:53	f
538	\N	183	40	2025-08-26 08:02:55	f
539	\N	183	50	2025-06-01 16:01:01	f
541	\N	183	15	2025-08-17 02:14:03	f
542	\N	184	5	2025-04-16 16:09:13	f
543	\N	184	20	2024-12-22 16:29:18	f
544	\N	185	50	2025-06-14 09:44:28	f
532	1135	180	15	2025-09-19 17:32:09	t
477	1216	161	35	2025-12-05 22:52:04	t
485	1265	164	15	2025-11-14 04:56:03	t
545	\N	185	40	2024-09-12 11:32:04	f
546	\N	185	35	2025-11-17 04:34:01	f
547	\N	186	35	2025-05-04 08:00:29	f
548	\N	186	5	2024-10-17 15:16:12	f
549	\N	186	50	2025-07-08 21:51:00	f
550	\N	187	5	2025-04-14 22:06:34	f
552	\N	188	5	2024-04-28 11:21:31	f
553	\N	188	5	2025-02-11 04:10:48	f
554	\N	188	40	2025-07-07 08:30:20	f
555	\N	188	15	2025-03-09 18:56:19	f
556	\N	189	30	2025-05-24 12:43:45	f
557	\N	189	30	2025-05-05 03:42:21	f
558	\N	189	5	2024-05-03 09:07:26	f
559	\N	189	40	2024-12-09 21:15:51	f
560	\N	190	20	2024-07-13 10:07:58	f
562	\N	190	30	2025-01-18 21:09:53	f
563	\N	190	30	2024-11-14 11:40:04	f
564	\N	191	5	2024-11-01 17:59:52	f
565	\N	191	25	2025-02-22 02:34:22	f
566	\N	191	50	2025-05-12 03:45:33	f
567	\N	192	25	2024-09-26 12:56:26	f
569	\N	193	25	2024-10-02 16:57:05	f
570	\N	193	40	2024-09-09 15:53:17	f
571	\N	193	30	2024-05-06 09:13:41	f
572	\N	193	10	2025-09-22 02:04:23	f
573	\N	193	20	2025-09-19 09:13:26	f
574	\N	194	40	2024-07-12 10:41:38	f
575	\N	194	15	2025-11-16 07:15:08	f
576	\N	194	35	2025-07-13 06:37:40	f
577	\N	194	5	2025-11-27 14:46:53	f
578	\N	194	25	2025-09-26 17:20:19	f
579	\N	195	50	2025-03-23 18:11:52	f
580	\N	195	50	2025-10-17 00:45:53	f
581	\N	196	30	2024-10-02 16:59:34	f
582	\N	197	50	2024-11-22 22:37:03	f
583	\N	197	10	2024-05-29 13:40:47	f
584	\N	197	35	2025-08-29 16:57:03	f
585	\N	197	15	2024-12-10 10:09:48	f
586	\N	197	20	2025-01-30 14:25:11	f
587	\N	198	20	2025-05-17 06:48:15	f
588	\N	198	10	2024-08-29 18:10:38	f
589	\N	198	5	2025-06-17 05:07:37	f
590	\N	198	15	2025-04-15 04:36:36	f
591	\N	199	30	2025-03-06 13:13:02	f
592	\N	199	40	2024-10-20 07:17:51	f
593	\N	199	5	2025-09-21 14:03:28	f
594	\N	199	30	2024-05-22 16:11:49	f
595	\N	200	15	2024-10-26 12:04:59	f
596	\N	200	50	2024-06-02 11:28:24	f
597	\N	200	5	2025-10-30 18:58:18	f
598	\N	200	35	2024-05-14 05:02:12	f
599	\N	201	40	2024-06-11 19:41:50	f
600	\N	201	15	2025-06-28 14:48:14	f
601	\N	201	15	2025-05-14 18:14:33	f
602	\N	202	35	2024-09-13 14:25:22	f
603	\N	202	10	2025-05-12 13:42:14	f
604	\N	202	25	2024-12-23 21:36:21	f
605	\N	202	50	2025-07-26 15:43:11	f
606	\N	203	20	2025-05-14 14:39:45	f
607	\N	203	40	2025-01-12 06:20:41	f
608	\N	203	15	2025-01-17 11:09:50	f
609	\N	203	15	2025-05-06 15:14:01	f
611	\N	204	5	2025-07-02 04:12:54	f
612	\N	204	35	2024-08-25 15:57:28	f
613	\N	204	30	2025-10-26 01:58:50	f
614	\N	204	35	2024-08-10 15:20:07	f
615	\N	205	30	2024-07-31 12:44:09	f
616	\N	205	30	2025-07-27 16:38:21	f
617	\N	205	30	2024-08-16 07:59:28	f
618	\N	205	30	2024-09-20 18:34:48	f
619	\N	205	5	2024-06-30 08:54:31	f
621	\N	206	35	2024-06-05 02:20:10	f
622	\N	206	50	2024-06-03 02:28:02	f
623	\N	207	30	2025-08-06 04:00:15	f
624	\N	207	15	2024-06-27 14:25:55	f
625	\N	207	20	2024-08-09 07:51:20	f
626	\N	208	25	2024-09-26 16:47:19	f
627	\N	208	25	2024-08-17 19:16:40	f
628	\N	208	30	2024-08-19 07:07:54	f
630	\N	208	30	2025-01-22 04:43:00	f
632	\N	209	20	2025-02-22 10:35:39	f
633	\N	209	25	2025-06-08 16:32:50	f
634	\N	210	5	2024-10-21 11:49:44	f
635	\N	210	25	2024-10-11 07:57:12	f
636	\N	210	35	2025-05-08 20:30:02	f
637	\N	210	20	2024-08-20 17:49:15	f
639	\N	211	25	2024-10-04 23:28:36	f
640	\N	212	25	2024-09-28 00:50:55	f
642	\N	212	20	2025-03-31 22:19:58	f
643	\N	212	40	2025-03-07 05:26:17	f
645	\N	213	35	2024-12-14 12:45:21	f
646	\N	214	5	2024-09-01 11:09:14	f
647	\N	214	25	2024-08-27 09:40:34	f
648	\N	214	10	2025-02-01 03:58:07	f
650	\N	215	5	2024-05-10 09:40:07	f
651	\N	215	10	2025-05-19 01:20:02	f
652	\N	215	30	2025-03-20 04:23:16	f
653	\N	216	15	2025-05-17 21:54:02	f
655	\N	216	5	2024-11-30 04:34:21	f
657	\N	217	15	2025-06-26 07:28:07	f
658	\N	217	20	2024-10-31 20:35:45	f
659	\N	217	30	2025-10-08 19:44:54	f
660	\N	218	5	2024-06-13 05:27:12	f
661	\N	218	50	2024-05-09 10:36:59	f
663	\N	218	50	2024-11-21 02:39:55	f
664	\N	218	25	2025-04-21 11:21:11	f
665	\N	219	40	2025-07-05 17:44:46	f
666	\N	219	35	2025-06-25 16:51:38	f
667	\N	219	40	2025-09-07 19:20:23	f
668	\N	220	5	2024-11-30 02:48:49	f
669	\N	221	5	2024-10-03 22:45:35	f
671	\N	221	20	2024-06-27 21:39:23	f
672	\N	221	40	2024-09-18 14:13:21	f
673	\N	222	20	2024-10-12 23:48:00	f
674	\N	222	25	2025-02-24 12:47:46	f
675	\N	223	35	2024-12-17 08:46:09	f
676	\N	223	40	2024-09-10 08:09:22	f
678	\N	224	35	2025-11-10 07:23:31	f
679	\N	224	50	2024-06-22 12:49:25	f
680	\N	224	20	2025-04-19 08:57:19	f
561	803	190	25	2025-11-11 16:41:12	t
649	868	214	15	2025-10-25 18:49:21	t
644	927	213	5	2025-11-12 08:44:59	t
629	1030	208	15	2025-11-28 05:29:44	t
662	1094	218	35	2025-10-29 19:14:44	t
568	1117	192	50	2025-11-12 20:41:18	t
551	1168	187	50	2025-09-15 02:30:36	t
681	\N	224	50	2025-03-27 07:10:12	f
682	\N	225	30	2024-08-06 11:12:37	f
683	\N	225	25	2025-07-17 02:49:14	f
684	\N	225	20	2025-06-28 08:17:02	f
685	\N	225	5	2024-11-14 16:53:40	f
686	\N	225	30	2025-10-02 09:46:32	f
687	\N	226	50	2025-03-27 18:39:04	f
688	\N	226	40	2025-04-14 09:16:28	f
689	\N	226	35	2025-05-21 09:27:01	f
690	\N	227	35	2025-11-21 11:32:32	f
691	\N	227	10	2025-09-19 15:06:22	f
692	\N	227	5	2024-10-06 20:12:37	f
693	\N	228	10	2025-04-01 04:41:24	f
694	\N	228	15	2025-10-10 16:53:22	f
695	\N	228	10	2025-03-11 06:04:52	f
696	\N	228	20	2024-09-14 13:11:27	f
697	\N	228	50	2024-08-07 10:37:55	f
698	\N	229	20	2024-06-23 00:25:37	f
699	\N	229	40	2025-04-29 06:39:03	f
700	\N	229	50	2024-11-26 08:18:34	f
701	\N	229	15	2024-10-03 21:12:49	f
702	\N	230	50	2024-05-21 06:09:31	f
703	\N	231	30	2025-07-12 18:09:33	f
704	\N	231	5	2024-11-20 05:43:52	f
705	\N	232	20	2025-07-18 17:14:55	f
706	\N	232	10	2024-07-19 13:35:12	f
707	\N	232	50	2025-05-21 11:01:04	f
708	\N	232	30	2025-06-28 08:47:40	f
709	\N	232	40	2024-10-10 03:53:38	f
710	\N	233	35	2025-04-07 20:21:24	f
711	\N	233	20	2024-11-26 05:07:38	f
712	\N	233	50	2025-01-22 15:25:54	f
713	\N	234	10	2025-04-09 01:14:00	f
714	\N	235	25	2024-05-22 18:27:04	f
715	\N	235	25	2024-07-25 06:48:00	f
716	\N	235	50	2025-11-14 14:21:53	f
717	\N	235	50	2025-02-25 01:08:40	f
718	\N	236	20	2024-12-21 13:07:37	f
719	\N	237	5	2024-05-02 20:19:46	f
720	\N	237	50	2024-09-20 19:31:53	f
721	\N	237	50	2024-08-14 22:35:06	f
722	\N	238	25	2025-08-31 05:49:54	f
723	\N	239	30	2024-05-25 04:08:38	f
724	\N	239	35	2024-08-03 12:44:45	f
725	\N	239	50	2025-04-23 13:08:22	f
726	\N	240	25	2025-03-13 20:54:06	f
727	\N	241	20	2024-06-13 18:59:48	f
729	\N	241	5	2025-01-10 13:39:42	f
730	\N	241	25	2025-11-12 17:42:53	f
731	\N	242	10	2025-05-02 10:06:36	f
732	\N	242	10	2025-04-03 20:38:23	f
733	\N	242	30	2025-11-21 08:30:17	f
734	\N	242	30	2025-02-16 22:35:31	f
735	\N	243	50	2025-08-11 18:34:22	f
736	\N	243	35	2024-05-25 12:31:06	f
737	\N	243	35	2024-09-17 11:05:13	f
738	\N	244	40	2025-04-27 21:18:14	f
739	\N	244	50	2025-05-04 14:50:47	f
741	\N	244	20	2024-05-01 19:21:01	f
742	\N	244	15	2025-08-18 13:30:21	f
743	\N	245	40	2024-08-21 16:41:46	f
744	\N	245	50	2025-04-03 06:54:59	f
745	\N	246	5	2025-04-30 01:39:34	f
746	\N	246	5	2025-11-08 03:54:37	f
747	\N	246	15	2025-08-09 06:55:07	f
748	\N	247	50	2025-06-10 06:13:49	f
749	\N	247	50	2024-10-24 20:10:45	f
750	\N	247	5	2024-10-30 23:45:46	f
751	\N	247	40	2025-08-01 05:49:39	f
752	\N	247	10	2024-06-26 09:29:08	f
753	\N	248	25	2025-01-15 15:13:34	f
754	\N	248	5	2025-09-02 08:51:02	f
755	\N	248	20	2024-05-20 14:16:59	f
756	\N	248	50	2024-11-16 01:53:04	f
757	\N	248	10	2024-10-20 12:46:51	f
758	\N	249	40	2024-11-06 15:03:14	f
759	\N	249	50	2025-08-15 22:49:01	f
760	\N	249	15	2024-10-24 07:33:20	f
762	\N	250	35	2024-11-06 02:05:29	f
763	\N	250	10	2024-10-28 16:10:03	f
764	\N	251	5	2025-09-01 06:18:27	f
765	\N	252	50	2025-09-09 09:49:26	f
766	\N	252	30	2025-10-30 18:18:06	f
769	\N	252	15	2024-09-05 01:28:23	f
770	\N	253	15	2025-11-06 12:13:43	f
771	\N	253	50	2024-12-11 08:34:12	f
772	\N	253	10	2025-02-15 18:28:53	f
773	\N	254	30	2024-12-25 09:09:33	f
774	\N	254	40	2025-05-08 05:49:43	f
775	\N	255	35	2024-10-11 14:01:24	f
776	\N	255	25	2025-03-04 07:29:36	f
777	\N	256	20	2024-06-25 15:26:44	f
779	\N	256	10	2024-07-20 05:25:27	f
780	\N	256	15	2025-03-16 10:28:39	f
781	\N	257	30	2024-11-24 19:34:28	f
782	\N	258	35	2024-12-12 06:43:32	f
783	\N	258	35	2024-08-30 14:32:41	f
784	\N	259	30	2024-06-23 21:40:04	f
785	\N	260	50	2024-11-07 05:39:22	f
786	\N	260	30	2024-09-17 20:10:44	f
787	\N	260	15	2024-09-07 13:19:08	f
788	\N	260	15	2024-05-30 17:00:32	f
789	\N	260	25	2025-01-29 01:26:22	f
790	\N	261	35	2025-04-17 09:20:38	f
791	\N	261	40	2024-09-06 09:58:27	f
792	\N	262	15	2024-09-26 07:04:17	f
793	\N	262	10	2025-06-02 10:38:17	f
794	\N	262	20	2024-10-10 07:31:29	f
797	\N	263	35	2025-05-04 17:55:15	f
798	\N	263	5	2025-05-01 13:10:15	f
799	\N	264	5	2024-10-14 04:14:18	f
800	\N	264	50	2025-06-28 03:50:31	f
801	\N	264	50	2024-07-17 11:59:46	f
802	\N	265	50	2024-06-07 19:51:51	f
804	\N	265	40	2025-02-15 18:04:50	f
805	\N	265	5	2024-09-09 13:24:05	f
806	\N	265	20	2025-08-10 09:29:33	f
807	\N	266	35	2024-10-26 07:55:09	f
808	\N	266	5	2024-10-11 18:40:30	f
809	\N	266	15	2024-12-06 17:42:43	f
810	\N	267	35	2024-11-10 14:13:13	f
811	\N	267	25	2024-07-05 02:55:48	f
812	\N	267	35	2024-06-23 17:26:03	f
813	\N	268	15	2025-03-27 20:47:47	f
814	\N	269	15	2025-11-16 10:22:45	f
815	\N	269	10	2025-07-08 09:16:52	f
816	\N	269	15	2024-10-30 17:56:14	f
768	833	252	35	2025-09-16 22:26:34	t
817	\N	269	35	2025-04-17 17:17:21	f
818	\N	270	40	2025-06-03 01:23:35	f
819	\N	270	20	2025-06-09 13:09:32	f
820	\N	270	40	2024-06-01 03:43:49	f
821	\N	270	15	2025-07-19 19:40:41	f
822	\N	271	5	2025-09-29 02:33:21	f
823	\N	272	25	2024-06-30 04:18:46	f
824	\N	273	40	2025-02-18 10:38:13	f
825	\N	274	40	2024-06-24 05:33:20	f
826	\N	274	10	2024-07-08 20:56:58	f
827	\N	274	30	2024-07-30 19:20:20	f
828	\N	274	40	2025-01-24 00:41:40	f
829	\N	274	25	2025-07-25 10:58:22	f
830	\N	275	5	2024-09-05 21:08:08	f
831	\N	275	20	2024-09-18 23:27:01	f
832	\N	275	30	2025-03-28 07:22:49	f
833	\N	275	10	2024-12-12 10:20:55	f
834	\N	276	20	2024-05-18 06:57:43	f
835	\N	276	35	2024-11-01 05:17:21	f
836	\N	276	30	2024-05-02 09:37:43	f
837	\N	277	35	2025-09-11 05:15:29	f
838	\N	278	35	2024-05-21 03:11:04	f
839	\N	278	35	2025-03-31 01:26:12	f
840	\N	279	20	2024-07-14 23:37:25	f
841	\N	279	20	2025-01-16 08:41:49	f
843	\N	280	5	2024-09-20 01:25:32	f
844	\N	280	35	2025-08-05 18:12:13	f
845	\N	280	50	2025-03-28 04:55:10	f
846	\N	281	35	2024-11-08 10:24:15	f
847	\N	282	40	2025-12-01 21:37:48	f
849	\N	284	25	2025-06-04 16:40:10	f
850	\N	284	25	2025-01-10 13:53:22	f
851	\N	285	40	2025-08-23 12:14:36	f
852	\N	285	25	2024-12-21 20:38:44	f
853	\N	285	10	2025-01-30 01:01:01	f
854	\N	285	25	2024-09-09 09:06:44	f
855	\N	285	25	2025-04-07 14:13:17	f
856	\N	286	35	2025-06-24 23:09:12	f
857	\N	286	50	2025-05-04 17:10:10	f
858	\N	286	5	2025-09-23 18:24:06	f
859	\N	287	15	2024-11-05 10:58:22	f
860	\N	288	50	2025-07-15 06:35:33	f
861	\N	289	15	2025-12-06 04:12:50	f
862	\N	289	50	2024-08-29 17:34:17	f
863	\N	289	50	2025-01-05 15:31:45	f
864	\N	289	25	2025-11-11 13:41:57	f
866	\N	290	20	2025-06-01 11:13:12	f
867	\N	290	20	2024-07-17 12:48:30	f
868	\N	290	10	2025-10-31 13:43:42	f
869	\N	291	40	2025-01-16 12:46:42	f
870	\N	292	40	2025-04-02 01:47:52	f
871	\N	292	30	2025-10-27 13:38:04	f
872	\N	292	40	2024-06-20 01:31:09	f
873	\N	293	5	2025-04-14 05:51:50	f
875	\N	293	35	2025-03-06 13:26:38	f
876	\N	293	20	2025-02-14 17:52:46	f
877	\N	294	35	2025-07-13 18:19:52	f
878	\N	294	20	2024-08-04 03:26:02	f
879	\N	294	25	2025-04-19 00:35:40	f
880	\N	294	10	2024-11-11 23:47:01	f
881	\N	294	15	2025-05-05 10:53:29	f
882	\N	295	35	2025-11-19 13:53:14	f
883	\N	295	50	2024-09-01 05:39:53	f
884	\N	296	50	2024-08-23 15:13:49	f
885	\N	296	40	2024-06-13 19:30:43	f
886	\N	297	40	2025-05-29 03:23:40	f
887	\N	297	25	2025-06-28 16:04:38	f
888	\N	297	15	2025-02-05 11:44:03	f
889	\N	298	25	2024-12-13 19:09:53	f
890	\N	298	5	2024-10-19 09:58:25	f
891	\N	299	50	2024-10-26 01:08:40	f
892	\N	299	10	2025-09-01 07:37:01	f
893	\N	299	25	2024-08-22 04:24:04	f
894	\N	299	20	2024-10-27 16:41:43	f
895	\N	299	5	2025-04-29 19:05:34	f
896	\N	300	15	2024-11-22 15:07:46	f
897	\N	300	5	2024-06-03 07:56:16	f
899	\N	301	10	2024-05-10 08:46:35	f
900	\N	301	35	2025-05-26 20:10:52	f
901	\N	302	10	2025-08-20 03:03:49	f
902	\N	302	40	2024-08-05 20:27:16	f
903	\N	302	5	2024-07-22 06:46:37	f
904	\N	303	30	2024-08-25 21:30:57	f
905	\N	303	15	2024-08-08 16:45:46	f
906	\N	303	5	2024-08-03 23:22:16	f
907	\N	304	40	2024-09-22 15:20:59	f
908	\N	304	25	2025-01-10 10:10:47	f
909	\N	304	35	2025-07-16 03:42:42	f
910	\N	305	40	2025-08-30 05:10:08	f
911	\N	305	50	2024-07-22 05:32:49	f
912	\N	305	20	2025-09-05 19:52:59	f
914	\N	306	50	2024-06-29 01:25:40	f
915	\N	306	20	2024-08-24 15:11:47	f
916	\N	306	25	2024-09-27 22:04:42	f
917	\N	307	5	2024-08-22 02:30:01	f
918	\N	307	50	2024-07-04 01:27:30	f
919	\N	308	40	2024-07-04 01:14:11	f
920	\N	308	20	2025-11-22 04:21:56	f
921	\N	309	35	2024-09-22 21:23:39	f
922	\N	309	25	2025-10-17 10:53:49	f
923	\N	309	5	2025-08-30 12:33:31	f
924	\N	309	15	2024-07-31 11:57:09	f
925	\N	310	50	2024-12-12 06:03:43	f
926	\N	311	35	2025-04-11 01:39:33	f
927	\N	311	5	2025-05-17 10:18:45	f
928	\N	311	40	2024-07-06 19:36:43	f
929	\N	312	15	2024-05-13 09:25:20	f
931	\N	312	15	2025-07-16 20:42:47	f
932	\N	313	35	2024-11-14 09:33:16	f
933	\N	314	35	2025-04-15 11:02:19	f
934	\N	314	50	2025-01-02 11:40:29	f
935	\N	314	50	2024-05-20 11:13:30	f
936	\N	314	50	2025-07-19 10:36:02	f
937	\N	314	35	2025-02-25 20:57:21	f
938	\N	315	35	2024-12-22 01:05:06	f
939	\N	315	15	2024-12-23 15:03:30	f
940	\N	316	15	2024-06-16 08:14:52	f
941	\N	316	40	2025-07-28 22:36:35	f
942	\N	316	10	2024-05-04 22:28:29	f
943	\N	316	30	2025-07-09 19:50:35	f
944	\N	317	5	2025-02-16 09:18:01	f
945	\N	317	40	2024-05-05 17:38:18	f
946	\N	317	50	2025-01-08 16:06:09	f
947	\N	317	50	2024-12-31 05:32:54	f
948	\N	318	10	2025-08-21 16:36:06	f
949	\N	318	5	2025-05-01 02:55:54	f
952	\N	318	40	2025-03-25 13:23:11	f
950	887	318	50	2025-09-09 23:03:34	t
865	950	289	35	2025-09-19 11:27:44	t
930	1019	312	30	2025-11-11 01:37:08	t
953	\N	319	40	2025-03-26 07:18:59	f
954	\N	319	40	2024-11-09 15:18:28	f
955	\N	319	30	2025-11-15 19:38:36	f
956	\N	319	50	2025-09-28 09:44:01	f
957	\N	320	40	2024-05-26 04:22:42	f
958	\N	320	35	2025-02-17 09:03:54	f
960	\N	320	25	2025-05-17 02:10:28	f
961	\N	320	25	2025-08-02 15:18:28	f
962	\N	321	10	2024-11-08 19:28:00	f
963	\N	321	5	2025-05-28 02:53:43	f
964	\N	321	10	2024-08-01 19:38:25	f
965	\N	322	20	2025-05-21 13:32:58	f
966	\N	322	50	2025-07-17 02:32:09	f
967	\N	322	20	2024-11-13 14:01:34	f
968	\N	322	50	2024-06-06 11:11:04	f
969	\N	322	40	2025-06-11 03:05:58	f
970	\N	323	5	2025-03-08 14:44:48	f
971	\N	324	30	2025-05-28 13:52:22	f
972	\N	324	5	2024-12-02 00:29:46	f
973	\N	325	15	2025-03-04 06:54:39	f
974	\N	325	35	2024-12-21 22:50:36	f
975	\N	325	5	2024-11-04 05:35:13	f
976	\N	325	40	2024-08-01 04:01:34	f
977	\N	325	5	2024-12-05 22:16:45	f
978	\N	326	30	2025-04-20 09:33:01	f
979	\N	326	15	2025-05-07 13:30:25	f
980	\N	326	25	2024-08-20 09:10:25	f
982	\N	327	40	2024-05-12 23:19:47	f
983	\N	327	35	2025-05-05 01:32:30	f
984	\N	327	40	2025-07-25 00:19:45	f
985	\N	327	30	2024-05-31 16:52:40	f
986	\N	328	30	2024-10-10 06:46:57	f
987	\N	328	50	2025-03-20 12:18:05	f
988	\N	328	30	2025-02-07 00:33:57	f
989	\N	329	30	2024-08-08 06:23:58	f
990	\N	329	20	2025-08-02 14:56:02	f
991	\N	329	40	2024-10-12 08:01:12	f
992	\N	330	25	2025-06-14 00:12:01	f
993	\N	330	20	2025-06-29 13:09:51	f
994	\N	330	5	2024-09-22 08:39:49	f
995	\N	330	5	2024-06-25 15:02:05	f
996	\N	330	25	2025-08-01 06:55:11	f
997	\N	331	20	2025-08-17 08:22:25	f
998	\N	331	40	2024-07-23 03:26:01	f
999	\N	331	40	2025-07-14 01:52:49	f
1000	\N	331	30	2024-08-18 22:46:34	f
1001	\N	332	5	2025-06-05 00:24:35	f
1002	\N	333	10	2025-08-20 15:52:57	f
1003	\N	334	15	2025-08-14 09:17:41	f
1004	\N	335	5	2025-06-25 00:46:03	f
1005	\N	335	20	2024-09-04 00:34:33	f
1007	\N	336	30	2025-03-12 01:52:09	f
1008	\N	337	30	2025-02-19 21:47:32	f
1009	\N	337	15	2024-06-23 03:42:55	f
1010	\N	338	15	2025-04-26 18:14:34	f
1011	\N	338	5	2025-08-30 03:12:23	f
1012	\N	338	25	2025-02-10 08:51:16	f
1013	\N	338	10	2025-02-27 18:30:48	f
1014	\N	338	5	2025-03-03 11:41:19	f
1015	\N	339	20	2025-03-17 08:06:52	f
1016	\N	340	15	2024-12-05 15:44:23	f
1017	\N	340	25	2025-06-30 06:57:03	f
1019	\N	341	5	2024-08-07 09:12:05	f
1020	\N	341	35	2024-12-21 01:35:21	f
1021	\N	342	30	2024-09-17 17:24:35	f
1022	\N	343	35	2025-03-06 08:31:15	f
1023	\N	343	5	2025-02-23 17:01:56	f
1025	\N	344	25	2025-01-24 07:21:48	f
1026	\N	344	10	2025-02-04 03:03:02	f
1027	\N	344	25	2025-10-22 18:55:15	f
1028	\N	344	25	2025-09-02 10:24:42	f
1029	\N	344	50	2025-10-14 02:51:15	f
1030	\N	345	40	2025-06-20 09:46:24	f
1031	\N	345	40	2024-10-15 04:21:11	f
1032	\N	345	40	2025-07-25 14:44:51	f
1033	\N	345	25	2024-08-25 08:24:41	f
1034	\N	345	20	2024-08-16 19:24:45	f
1035	\N	346	50	2025-07-25 14:16:35	f
1036	\N	347	15	2024-11-24 04:38:24	f
1037	\N	347	5	2024-12-13 23:56:18	f
1038	\N	347	15	2024-12-10 14:48:36	f
1040	\N	348	40	2024-10-02 20:44:24	f
1041	\N	348	10	2024-05-14 19:58:32	f
1042	\N	349	10	2025-05-10 04:30:47	f
1043	\N	349	5	2025-10-23 18:54:20	f
1044	\N	349	25	2024-08-22 20:32:03	f
1045	\N	350	40	2025-03-31 23:19:25	f
1046	\N	350	40	2024-06-27 19:24:34	f
1047	\N	351	15	2024-12-01 06:44:26	f
1048	\N	351	30	2024-11-28 04:38:55	f
1049	\N	352	5	2024-08-06 21:27:11	f
1050	\N	352	20	2025-01-13 02:25:50	f
1051	\N	352	5	2025-05-20 20:58:55	f
1052	\N	352	35	2025-06-29 22:24:25	f
1053	\N	353	40	2024-08-24 01:35:29	f
1054	\N	353	5	2025-01-16 17:06:26	f
1055	\N	354	50	2025-01-07 17:51:39	f
1057	\N	355	20	2024-10-11 12:35:53	f
1059	\N	356	30	2025-06-15 09:24:48	f
1060	\N	356	30	2024-11-24 16:14:05	f
1061	\N	356	30	2024-10-28 10:40:56	f
1062	\N	356	20	2024-06-03 00:07:19	f
1064	\N	357	5	2025-04-23 17:52:21	f
1065	\N	357	10	2025-07-29 14:51:00	f
1066	\N	357	50	2025-01-07 19:15:41	f
1067	\N	358	50	2024-07-29 05:59:24	f
1068	\N	359	10	2025-12-02 13:05:31	f
1069	\N	359	20	2025-10-04 16:14:30	f
1070	\N	359	35	2025-05-18 13:16:52	f
1071	\N	359	30	2025-08-21 08:22:08	f
1072	\N	359	30	2025-03-29 00:29:27	f
1073	\N	360	10	2025-04-12 22:34:53	f
1074	\N	361	40	2025-10-14 23:28:05	f
1075	\N	361	20	2025-01-29 12:04:12	f
1076	\N	362	40	2025-04-04 12:34:37	f
1077	\N	362	10	2025-06-26 19:33:12	f
1078	\N	362	40	2025-04-22 06:42:17	f
1079	\N	362	10	2025-03-28 00:26:19	f
1080	\N	362	25	2024-12-17 04:35:06	f
1081	\N	363	50	2024-09-11 23:01:48	f
1082	\N	363	10	2025-01-17 23:53:29	f
1083	\N	363	10	2025-01-03 19:43:17	f
1084	\N	363	20	2024-05-30 22:39:36	f
1085	\N	364	30	2025-05-20 14:43:33	f
1086	\N	365	20	2024-06-06 14:32:00	f
1087	\N	365	40	2025-02-18 05:13:01	f
1088	\N	365	50	2024-07-21 06:13:58	f
981	824	326	50	2025-09-11 13:43:25	t
1039	1041	348	30	2025-09-26 14:08:46	t
1089	\N	365	25	2024-11-11 05:28:36	f
1090	\N	365	50	2025-05-30 04:25:36	f
1091	\N	366	20	2025-01-12 08:21:14	f
1092	\N	366	25	2024-06-27 04:12:26	f
1093	\N	366	40	2024-07-28 18:36:20	f
1094	\N	366	20	2025-07-14 22:43:54	f
1095	\N	366	30	2025-07-19 21:50:43	f
1096	\N	367	30	2025-05-06 20:10:39	f
1097	\N	367	15	2024-10-06 13:24:09	f
1099	\N	367	35	2024-06-26 11:19:05	f
1100	\N	368	35	2024-09-24 22:47:43	f
1101	\N	368	50	2025-04-24 09:32:22	f
1102	\N	368	35	2025-01-25 14:04:13	f
1103	\N	368	30	2024-09-14 14:48:44	f
1104	\N	368	10	2024-08-14 17:40:50	f
1105	\N	369	25	2025-05-19 13:09:06	f
1106	\N	369	20	2025-04-03 23:18:22	f
1107	\N	370	30	2025-10-24 01:29:12	f
1108	\N	370	35	2024-08-12 00:47:37	f
1109	\N	370	30	2024-09-15 08:05:24	f
1111	\N	371	20	2024-09-05 02:03:13	f
1112	\N	371	30	2024-06-25 21:17:26	f
1113	\N	372	40	2025-03-04 05:58:52	f
1114	\N	372	40	2024-12-31 20:29:50	f
1115	\N	372	25	2025-09-05 22:34:40	f
1116	\N	372	30	2024-07-13 10:25:04	f
1117	\N	373	50	2025-08-02 19:31:15	f
1119	\N	373	25	2024-09-24 02:38:12	f
1120	\N	373	50	2024-08-15 03:15:30	f
1121	\N	373	35	2024-05-25 15:05:58	f
1122	\N	374	30	2025-06-08 16:53:22	f
1123	\N	374	10	2024-11-03 17:53:54	f
1124	\N	374	15	2024-12-24 22:51:29	f
1125	\N	374	20	2025-06-17 09:36:14	f
1126	\N	375	5	2025-03-31 14:28:02	f
1127	\N	376	35	2024-05-15 00:57:30	f
1128	\N	376	35	2024-05-11 05:42:16	f
1129	\N	376	35	2025-06-08 23:36:55	f
1130	\N	377	50	2025-08-07 07:51:48	f
1131	\N	377	40	2024-05-21 18:28:25	f
1132	\N	377	30	2024-12-12 03:42:43	f
1133	\N	377	5	2025-08-13 09:17:01	f
1135	\N	378	30	2025-03-22 04:42:36	f
1136	\N	378	40	2025-04-12 23:19:43	f
1137	\N	379	40	2025-06-12 17:04:11	f
1138	\N	379	5	2024-11-12 12:19:42	f
1139	\N	379	20	2025-05-05 07:54:21	f
1140	\N	379	30	2024-06-13 10:51:03	f
1141	\N	380	20	2025-09-13 03:20:46	f
1142	\N	380	35	2025-06-09 03:07:24	f
1143	\N	380	35	2025-01-15 22:50:43	f
1144	\N	381	30	2024-09-23 17:51:43	f
1145	\N	381	25	2024-06-24 23:54:23	f
1146	\N	381	25	2024-07-07 07:27:59	f
1147	\N	382	25	2025-05-25 05:33:12	f
1148	\N	382	50	2024-11-09 00:46:05	f
1150	\N	382	15	2025-07-15 11:54:25	f
1151	\N	382	40	2025-07-01 01:53:42	f
1152	\N	383	35	2025-07-21 06:13:46	f
1155	\N	384	10	2025-03-05 16:18:22	f
1156	\N	384	15	2025-11-26 19:29:39	f
1157	\N	384	25	2024-07-29 22:14:13	f
1158	\N	384	10	2024-10-24 00:48:13	f
1159	\N	385	25	2024-11-13 20:54:17	f
1161	\N	385	20	2024-09-19 12:58:14	f
1162	\N	385	35	2024-10-04 23:48:50	f
1164	\N	387	20	2025-01-22 15:47:20	f
1165	\N	387	30	2024-08-08 09:10:05	f
1166	\N	387	35	2025-08-07 17:50:55	f
1167	\N	388	35	2024-08-14 08:29:59	f
1168	\N	388	5	2025-04-12 13:09:18	f
1171	\N	388	30	2024-07-12 20:56:33	f
1172	\N	389	10	2024-05-25 07:58:49	f
1173	\N	389	15	2024-10-29 18:35:42	f
1174	\N	389	30	2025-05-30 21:05:54	f
1175	\N	390	5	2025-09-05 06:09:48	f
1176	\N	390	10	2025-08-25 01:52:23	f
1177	\N	390	25	2025-05-26 11:55:27	f
1178	\N	390	50	2024-09-01 20:16:54	f
1179	\N	391	50	2025-04-18 14:41:05	f
1180	\N	392	50	2025-03-25 05:27:13	f
1181	\N	392	5	2025-02-25 02:35:22	f
1182	\N	393	5	2025-01-12 19:31:10	f
1183	\N	393	20	2025-09-18 16:05:56	f
1184	\N	393	15	2025-08-28 23:31:37	f
1185	\N	393	30	2024-08-10 07:04:58	f
1186	\N	394	50	2025-06-14 21:49:20	f
1187	\N	394	35	2025-04-18 19:31:29	f
1188	\N	394	50	2024-09-11 16:28:46	f
1189	\N	394	35	2024-08-17 05:37:17	f
1190	\N	395	35	2024-11-19 02:41:14	f
1191	\N	395	5	2024-10-11 10:10:30	f
1192	\N	395	20	2025-09-04 19:00:58	f
1193	\N	395	35	2025-06-11 13:41:14	f
1196	\N	396	40	2025-07-06 08:20:21	f
1197	\N	397	35	2025-03-24 00:51:52	f
1198	\N	397	40	2025-08-10 05:02:44	f
1199	\N	397	20	2025-03-30 23:30:17	f
1200	\N	397	40	2025-01-03 02:44:09	f
1201	\N	397	5	2024-09-30 15:52:02	f
1202	\N	398	10	2025-06-30 02:39:45	f
1203	\N	398	10	2025-01-20 08:15:31	f
1204	\N	399	5	2025-07-15 22:25:14	f
1205	\N	399	50	2025-04-06 07:24:07	f
1206	\N	399	50	2025-02-18 21:20:35	f
1207	\N	400	5	2025-01-30 04:20:45	f
1208	\N	400	35	2025-11-12 15:49:30	f
1209	\N	400	5	2024-08-30 08:08:03	f
1210	\N	400	30	2024-06-16 23:56:22	f
1211	\N	400	20	2024-09-08 23:13:02	f
795	11	262	30	2025-11-13 13:03:03	t
1160	34	385	30	2025-11-04 15:09:04	t
155	39	54	35	2025-11-20 06:48:46	t
1024	50	343	25	2025-09-17 23:40:27	t
436	51	150	10	2025-09-11 04:22:20	t
297	54	103	25	2025-11-13 08:44:44	t
1195	56	396	25	2025-11-17 02:25:27	t
8	62	9	20	2025-11-10 23:28:51	t
413	63	142	40	2025-10-12 22:25:22	t
654	65	216	30	2025-11-11 17:20:39	t
527	71	177	50	2025-09-14 04:58:55	t
134	75	48	35	2025-10-07 16:20:46	t
898	80	300	10	2025-09-25 15:34:59	t
1110	813	371	40	2025-12-01 09:51:46	t
1170	961	388	10	2025-10-20 13:31:32	t
1153	985	383	5	2025-10-07 01:43:10	t
874	84	293	30	2025-11-19 14:59:35	t
360	107	124	40	2025-11-01 13:21:16	t
540	116	183	10	2025-11-06 04:18:36	t
332	154	115	15	2025-10-11 00:03:12	t
842	167	280	5	2025-12-04 15:15:22	t
761	171	249	25	2025-09-18 12:03:03	t
433	176	149	50	2025-11-19 23:00:59	t
110	177	42	40	2025-11-19 01:16:42	t
620	193	206	30	2025-09-18 14:21:12	t
1163	213	386	40	2025-10-14 08:12:17	t
102	221	38	20	2025-10-17 22:12:13	t
728	231	241	30	2025-09-20 15:24:36	t
1063	240	356	25	2025-10-22 23:59:54	t
1194	248	396	10	2025-11-20 23:32:27	t
482	253	163	50	2025-10-20 17:27:19	t
342	256	118	30	2025-09-10 07:42:56	t
641	290	212	15	2025-11-11 06:18:26	t
803	315	265	20	2025-09-13 20:36:38	t
740	334	244	5	2025-11-23 23:31:39	t
16	340	11	20	2025-11-24 04:17:41	t
534	352	181	25	2025-09-29 02:34:04	t
1134	354	378	15	2025-11-18 11:46:28	t
87	365	32	30	2025-09-20 15:35:32	t
466	374	159	40	2025-11-27 12:35:48	t
677	378	223	35	2025-11-13 02:37:05	t
1006	379	336	25	2025-10-02 13:15:22	t
610	408	204	30	2025-10-16 08:26:17	t
387	425	134	50	2025-11-26 02:06:21	t
670	442	221	25	2025-09-21 13:11:01	t
1058	448	355	5	2025-11-23 10:34:56	t
767	457	252	50	2025-11-10 01:55:26	t
638	466	210	20	2025-09-10 05:55:42	t
1169	470	388	20	2025-10-16 02:12:26	t
796	481	263	5	2025-10-03 05:27:43	t
444	489	152	30	2025-10-16 19:05:45	t
414	493	143	30	2025-10-11 06:31:57	t
656	495	216	10	2025-11-23 17:18:28	t
1098	516	367	10	2025-10-24 04:57:54	t
1149	540	382	10	2025-10-21 00:41:34	t
913	543	305	15	2025-09-10 12:21:24	t
959	552	320	10	2025-11-27 19:53:54	t
11	559	10	5	2025-11-23 20:35:25	t
1018	579	340	25	2025-12-01 17:54:28	t
421	595	145	20	2025-10-19 10:00:57	t
428	599	148	25	2025-10-28 08:55:21	t
1056	648	354	5	2025-09-30 17:35:36	t
778	676	256	5	2025-09-21 17:19:43	t
151	689	53	10	2025-10-03 13:36:11	t
1154	691	384	25	2025-10-26 15:27:30	t
1118	696	373	10	2025-10-12 01:04:19	t
181	701	63	30	2025-11-25 01:12:20	t
142	718	51	5	2025-11-19 18:20:32	t
312	759	108	50	2025-09-24 07:50:07	t
254	1065	87	25	2025-12-03 16:34:07	t
631	1184	209	25	2025-09-29 23:01:47	t
848	1201	283	20	2025-09-18 21:45:10	t
951	1272	318	10	2025-10-20 19:24:15	t
\.


--
-- Name: coachavailability_coach_availability_id_seq; Type: SEQUENCE SET; Schema: public; Owner: postgres
--

SELECT pg_catalog.setval('public.coachavailability_coach_availability_id_seq', 1246, true);


--
-- Name: coaches_coach_id_seq; Type: SEQUENCE SET; Schema: public; Owner: postgres
--

SELECT pg_catalog.setval('public.coaches_coach_id_seq', 15, true);


--
-- Name: fieldbookingdetail_field_booking_detail_id_seq; Type: SEQUENCE SET; Schema: public; Owner: postgres
--

SELECT pg_catalog.setval('public.fieldbookingdetail_field_booking_detail_id_seq', 1290, true);


--
-- Name: fields_field_id_seq; Type: SEQUENCE SET; Schema: public; Owner: postgres
--

SELECT pg_catalog.setval('public.fields_field_id_seq', 15, true);


--
-- Name: groupcourseorder_group_course_order_id_seq; Type: SEQUENCE SET; Schema: public; Owner: postgres
--

SELECT pg_catalog.setval('public.groupcourseorder_group_course_order_id_seq', 774, true);


--
-- Name: groupcourseorderdetail_group_course_order_detail_id_seq; Type: SEQUENCE SET; Schema: public; Owner: postgres
--

SELECT pg_catalog.setval('public.groupcourseorderdetail_group_course_order_detail_id_seq', 774, true);


--
-- Name: groupcourses_course_id_seq; Type: SEQUENCE SET; Schema: public; Owner: postgres
--

SELECT pg_catalog.setval('public.groupcourses_course_id_seq', 1290, true);


--
-- Name: payments_payment_id_seq; Type: SEQUENCE SET; Schema: public; Owner: postgres
--

SELECT pg_catalog.setval('public.payments_payment_id_seq', 1272, true);


--
-- Name: privatecourseorder_private_course_order_id_seq; Type: SEQUENCE SET; Schema: public; Owner: postgres
--

SELECT pg_catalog.setval('public.privatecourseorder_private_course_order_id_seq', 498, true);


--
-- Name: privatecourseorderdetail_private_course_order_detail_id_seq; Type: SEQUENCE SET; Schema: public; Owner: postgres
--

SELECT pg_catalog.setval('public.privatecourseorderdetail_private_course_order_detail_id_seq', 498, true);


--
-- Name: users_user_id_seq; Type: SEQUENCE SET; Schema: public; Owner: postgres
--

SELECT pg_catalog.setval('public.users_user_id_seq', 400, true);


--
-- Name: vouchers_voucher_id_seq; Type: SEQUENCE SET; Schema: public; Owner: postgres
--

SELECT pg_catalog.setval('public.vouchers_voucher_id_seq', 1211, true);


--
-- Name: coachavailability coachavailability_pkey; Type: CONSTRAINT; Schema: public; Owner: postgres
--

ALTER TABLE ONLY public.coachavailability
    ADD CONSTRAINT coachavailability_pkey PRIMARY KEY (coach_availability_id);


--
-- Name: coaches coaches_pkey; Type: CONSTRAINT; Schema: public; Owner: postgres
--

ALTER TABLE ONLY public.coaches
    ADD CONSTRAINT coaches_pkey PRIMARY KEY (coach_id);


--
-- Name: fieldbookingdetail fieldbookingdetail_pkey; Type: CONSTRAINT; Schema: public; Owner: postgres
--

ALTER TABLE ONLY public.fieldbookingdetail
    ADD CONSTRAINT fieldbookingdetail_pkey PRIMARY KEY (field_booking_detail_id);


--
-- Name: fields fields_pkey; Type: CONSTRAINT; Schema: public; Owner: postgres
--

ALTER TABLE ONLY public.fields
    ADD CONSTRAINT fields_pkey PRIMARY KEY (field_id);


--
-- Name: groupcourseorder groupcourseorder_pkey; Type: CONSTRAINT; Schema: public; Owner: postgres
--

ALTER TABLE ONLY public.groupcourseorder
    ADD CONSTRAINT groupcourseorder_pkey PRIMARY KEY (group_course_order_id);


--
-- Name: groupcourseorderdetail groupcourseorderdetail_pkey; Type: CONSTRAINT; Schema: public; Owner: postgres
--

ALTER TABLE ONLY public.groupcourseorderdetail
    ADD CONSTRAINT groupcourseorderdetail_pkey PRIMARY KEY (group_course_order_detail_id);


--
-- Name: groupcourses groupcourses_pkey; Type: CONSTRAINT; Schema: public; Owner: postgres
--

ALTER TABLE ONLY public.groupcourses
    ADD CONSTRAINT groupcourses_pkey PRIMARY KEY (course_id);


--
-- Name: payments payments_pkey; Type: CONSTRAINT; Schema: public; Owner: postgres
--

ALTER TABLE ONLY public.payments
    ADD CONSTRAINT payments_pkey PRIMARY KEY (payment_id);


--
-- Name: privatecourseorder privatecourseorder_pkey; Type: CONSTRAINT; Schema: public; Owner: postgres
--

ALTER TABLE ONLY public.privatecourseorder
    ADD CONSTRAINT privatecourseorder_pkey PRIMARY KEY (private_course_order_id);


--
-- Name: privatecourseorderdetail privatecourseorderdetail_pkey; Type: CONSTRAINT; Schema: public; Owner: postgres
--

ALTER TABLE ONLY public.privatecourseorderdetail
    ADD CONSTRAINT privatecourseorderdetail_pkey PRIMARY KEY (private_course_order_detail_id);


--
-- Name: users users_email_key; Type: CONSTRAINT; Schema: public; Owner: postgres
--

ALTER TABLE ONLY public.users
    ADD CONSTRAINT users_email_key UNIQUE (email);


--
-- Name: users users_pkey; Type: CONSTRAINT; Schema: public; Owner: postgres
--

ALTER TABLE ONLY public.users
    ADD CONSTRAINT users_pkey PRIMARY KEY (user_id);


--
-- Name: vouchers vouchers_pkey; Type: CONSTRAINT; Schema: public; Owner: postgres
--

ALTER TABLE ONLY public.vouchers
    ADD CONSTRAINT vouchers_pkey PRIMARY KEY (voucher_id);


--
-- Name: groupcourseorderdetail check_course_quota_trigger; Type: TRIGGER; Schema: public; Owner: postgres
--

CREATE TRIGGER check_course_quota_trigger BEFORE INSERT OR UPDATE ON public.groupcourseorderdetail FOR EACH ROW EXECUTE FUNCTION public.check_course_quota();


--
-- Name: coachavailability prevent_coach_double_booking_trigger; Type: TRIGGER; Schema: public; Owner: postgres
--

CREATE TRIGGER prevent_coach_double_booking_trigger BEFORE INSERT OR UPDATE ON public.coachavailability FOR EACH ROW EXECUTE FUNCTION public.check_coach_double_booking();


--
-- Name: groupcourses prevent_double_booking; Type: TRIGGER; Schema: public; Owner: postgres
--

CREATE TRIGGER prevent_double_booking BEFORE INSERT OR UPDATE ON public.groupcourses FOR EACH ROW EXECUTE FUNCTION public.check_field_availability();


--
-- Name: coachavailability coachavailability_coach_id_fkey; Type: FK CONSTRAINT; Schema: public; Owner: postgres
--

ALTER TABLE ONLY public.coachavailability
    ADD CONSTRAINT coachavailability_coach_id_fkey FOREIGN KEY (coach_id) REFERENCES public.coaches(coach_id) ON DELETE CASCADE;


--
-- Name: fieldbookingdetail fieldbookingdetail_field_id_fkey; Type: FK CONSTRAINT; Schema: public; Owner: postgres
--

ALTER TABLE ONLY public.fieldbookingdetail
    ADD CONSTRAINT fieldbookingdetail_field_id_fkey FOREIGN KEY (field_id) REFERENCES public.fields(field_id) ON DELETE CASCADE;


--
-- Name: groupcourseorder groupcourseorder_customer_id_fkey; Type: FK CONSTRAINT; Schema: public; Owner: postgres
--

ALTER TABLE ONLY public.groupcourseorder
    ADD CONSTRAINT groupcourseorder_customer_id_fkey FOREIGN KEY (customer_id) REFERENCES public.users(user_id) ON DELETE CASCADE;


--
-- Name: groupcourseorder groupcourseorder_payment_id_fkey; Type: FK CONSTRAINT; Schema: public; Owner: postgres
--

ALTER TABLE ONLY public.groupcourseorder
    ADD CONSTRAINT groupcourseorder_payment_id_fkey FOREIGN KEY (payment_id) REFERENCES public.payments(payment_id) ON DELETE CASCADE;


--
-- Name: groupcourseorderdetail groupcourseorderdetail_course_id_fkey; Type: FK CONSTRAINT; Schema: public; Owner: postgres
--

ALTER TABLE ONLY public.groupcourseorderdetail
    ADD CONSTRAINT groupcourseorderdetail_course_id_fkey FOREIGN KEY (course_id) REFERENCES public.groupcourses(course_id) ON DELETE CASCADE;


--
-- Name: groupcourseorderdetail groupcourseorderdetail_group_course_order_id_fkey; Type: FK CONSTRAINT; Schema: public; Owner: postgres
--

ALTER TABLE ONLY public.groupcourseorderdetail
    ADD CONSTRAINT groupcourseorderdetail_group_course_order_id_fkey FOREIGN KEY (group_course_order_id) REFERENCES public.groupcourseorder(group_course_order_id) ON DELETE CASCADE;


--
-- Name: groupcourses groupcourses_coach_id_fkey; Type: FK CONSTRAINT; Schema: public; Owner: postgres
--

ALTER TABLE ONLY public.groupcourses
    ADD CONSTRAINT groupcourses_coach_id_fkey FOREIGN KEY (coach_id) REFERENCES public.coaches(coach_id) ON DELETE SET NULL;


--
-- Name: groupcourses groupcourses_field_id_fkey; Type: FK CONSTRAINT; Schema: public; Owner: postgres
--

ALTER TABLE ONLY public.groupcourses
    ADD CONSTRAINT groupcourses_field_id_fkey FOREIGN KEY (field_id) REFERENCES public.fields(field_id) ON DELETE SET NULL;


--
-- Name: privatecourseorder privatecourseorder_customer_id_fkey; Type: FK CONSTRAINT; Schema: public; Owner: postgres
--

ALTER TABLE ONLY public.privatecourseorder
    ADD CONSTRAINT privatecourseorder_customer_id_fkey FOREIGN KEY (customer_id) REFERENCES public.users(user_id) ON DELETE CASCADE;


--
-- Name: privatecourseorder privatecourseorder_payment_id_fkey; Type: FK CONSTRAINT; Schema: public; Owner: postgres
--

ALTER TABLE ONLY public.privatecourseorder
    ADD CONSTRAINT privatecourseorder_payment_id_fkey FOREIGN KEY (payment_id) REFERENCES public.payments(payment_id) ON DELETE CASCADE;


--
-- Name: privatecourseorderdetail privatecourseorderdetail_coach_availability_id_fkey; Type: FK CONSTRAINT; Schema: public; Owner: postgres
--

ALTER TABLE ONLY public.privatecourseorderdetail
    ADD CONSTRAINT privatecourseorderdetail_coach_availability_id_fkey FOREIGN KEY (coach_availability_id) REFERENCES public.coachavailability(coach_availability_id) ON DELETE CASCADE;


--
-- Name: privatecourseorderdetail privatecourseorderdetail_private_course_order_id_fkey; Type: FK CONSTRAINT; Schema: public; Owner: postgres
--

ALTER TABLE ONLY public.privatecourseorderdetail
    ADD CONSTRAINT privatecourseorderdetail_private_course_order_id_fkey FOREIGN KEY (private_course_order_id) REFERENCES public.privatecourseorder(private_course_order_id) ON DELETE CASCADE;


--
-- Name: vouchers vouchers_customer_id_fkey; Type: FK CONSTRAINT; Schema: public; Owner: postgres
--

ALTER TABLE ONLY public.vouchers
    ADD CONSTRAINT vouchers_customer_id_fkey FOREIGN KEY (customer_id) REFERENCES public.users(user_id) ON DELETE CASCADE;


--
-- Name: vouchers vouchers_payment_id_fkey; Type: FK CONSTRAINT; Schema: public; Owner: postgres
--

ALTER TABLE ONLY public.vouchers
    ADD CONSTRAINT vouchers_payment_id_fkey FOREIGN KEY (payment_id) REFERENCES public.payments(payment_id) ON DELETE CASCADE;


--
-- PostgreSQL database dump complete
--

