--
-- PostgreSQL database dump
--

-- Dumped from database version 16.3
-- Dumped by pg_dump version 16.3

SET statement_timeout = 0;
SET lock_timeout = 0;
SET idle_in_transaction_session_timeout = 0;
SET client_encoding = 'UTF8';
SET standard_conforming_strings = on;
SELECT pg_catalog.set_config('search_path', '', false);
SET check_function_bodies = false;
SET xmloption = content;
SET client_min_messages = warning;
SET row_security = off;

--
-- Name: payment_status_type; Type: TYPE; Schema: public; Owner: postgres
--

CREATE TYPE public.payment_status_type AS ENUM (
    'waiting',
    'accepted',
    'rejected'
);


ALTER TYPE public.payment_status_type OWNER TO postgres;

--
-- Name: sport_type; Type: TYPE; Schema: public; Owner: postgres
--

CREATE TYPE public.sport_type AS ENUM (
    'tennis',
    'pickleball',
    'padel'
);


ALTER TYPE public.sport_type OWNER TO postgres;

--
-- Name: user_type; Type: TYPE; Schema: public; Owner: postgres
--

CREATE TYPE public.user_type AS ENUM (
    'admin',
    'customer'
);


ALTER TYPE public.user_type OWNER TO postgres;

--
-- Name: check_coach_double_booking(); Type: FUNCTION; Schema: public; Owner: postgres
--

CREATE FUNCTION public.check_coach_double_booking() RETURNS trigger
    LANGUAGE plpgsql
    AS $$
BEGIN
    IF EXISTS (
        SELECT 1
        FROM coachavailability
        WHERE
            coach_id = NEW.coach_id AND
            date = NEW.date AND
            hour = NEW.hour AND
            coach_availability_id IS DISTINCT FROM NEW.coach_availability_id
    ) THEN
        RAISE EXCEPTION 'A coach can only have one availability entry per hour on a given date.';
    END IF;

    RETURN NEW;
END;
$$;


ALTER FUNCTION public.check_coach_double_booking() OWNER TO postgres;

--
-- Name: check_course_quota(); Type: FUNCTION; Schema: public; Owner: postgres
--

CREATE FUNCTION public.check_course_quota() RETURNS trigger
    LANGUAGE plpgsql
    AS $$
DECLARE
    current_pax_sum INT;
    course_quota INT;
BEGIN
    SELECT COALESCE(SUM(pax_count), 0) INTO current_pax_sum
    FROM groupcourseorderdetail
    WHERE course_id = NEW.course_id AND group_course_order_detail_id != NEW.group_course_order_detail_id;

    SELECT quota INTO course_quota
    FROM groupcourses
    WHERE course_id = NEW.course_id;

    IF (current_pax_sum + NEW.pax_count) > course_quota THEN
        RAISE EXCEPTION 'Booking exceeds the course quota. Remaining seats: %', (course_quota - current_pax_sum);
    END IF;

    RETURN NEW;
END;
$$;


ALTER FUNCTION public.check_course_quota() OWNER TO postgres;

--
-- Name: check_field_availability(); Type: FUNCTION; Schema: public; Owner: postgres
--

CREATE FUNCTION public.check_field_availability() RETURNS trigger
    LANGUAGE plpgsql
    AS $$
DECLARE
    existing_start_hour INT;
BEGIN
    SELECT hour INTO existing_start_hour
    FROM fieldbookingdetail
    WHERE
        field_id = NEW.field_id AND
        date = NEW.date AND
        (NEW.start_hour < hour + 2 AND NEW.start_hour + 2 > hour);

    IF FOUND THEN
        RAISE EXCEPTION 'Field is already booked from % to % on this date.', existing_start_hour, existing_start_hour + 2;
    END IF;

    RETURN NEW;
END;
$$;


ALTER FUNCTION public.check_field_availability() OWNER TO postgres;

SET default_tablespace = '';

SET default_table_access_method = heap;

--
-- Name: coachavailability; Type: TABLE; Schema: public; Owner: postgres
--

CREATE TABLE public.coachavailability (
    coach_availability_id integer NOT NULL,
    coach_id integer NOT NULL,
    date date NOT NULL,
    hour integer NOT NULL,
    CONSTRAINT coachavailability_hour_check CHECK (((hour >= 6) AND (hour <= 21)))
);


ALTER TABLE public.coachavailability OWNER TO postgres;

--
-- Name: coachavailability_coach_availability_id_seq; Type: SEQUENCE; Schema: public; Owner: postgres
--

CREATE SEQUENCE public.coachavailability_coach_availability_id_seq
    AS integer
    START WITH 1
    INCREMENT BY 1
    NO MINVALUE
    NO MAXVALUE
    CACHE 1;


ALTER SEQUENCE public.coachavailability_coach_availability_id_seq OWNER TO postgres;

--
-- Name: coachavailability_coach_availability_id_seq; Type: SEQUENCE OWNED BY; Schema: public; Owner: postgres
--

ALTER SEQUENCE public.coachavailability_coach_availability_id_seq OWNED BY public.coachavailability.coach_availability_id;


--
-- Name: coaches; Type: TABLE; Schema: public; Owner: postgres
--

CREATE TABLE public.coaches (
    coach_id integer NOT NULL,
    coach_name character varying(255) NOT NULL,
    sport public.sport_type NOT NULL,
    course_price integer NOT NULL
);


ALTER TABLE public.coaches OWNER TO postgres;

--
-- Name: coaches_coach_id_seq; Type: SEQUENCE; Schema: public; Owner: postgres
--

CREATE SEQUENCE public.coaches_coach_id_seq
    AS integer
    START WITH 1
    INCREMENT BY 1
    NO MINVALUE
    NO MAXVALUE
    CACHE 1;


ALTER SEQUENCE public.coaches_coach_id_seq OWNER TO postgres;

--
-- Name: coaches_coach_id_seq; Type: SEQUENCE OWNED BY; Schema: public; Owner: postgres
--

ALTER SEQUENCE public.coaches_coach_id_seq OWNED BY public.coaches.coach_id;


--
-- Name: fieldbookingdetail; Type: TABLE; Schema: public; Owner: postgres
--

CREATE TABLE public.fieldbookingdetail (
    field_booking_detail_id integer NOT NULL,
    field_id integer NOT NULL,
    date date NOT NULL,
    hour integer NOT NULL,
    CONSTRAINT fieldbookingdetail_hour_check CHECK (((hour >= 6) AND (hour <= 20)))
);


ALTER TABLE public.fieldbookingdetail OWNER TO postgres;

--
-- Name: fieldbookingdetail_field_booking_detail_id_seq; Type: SEQUENCE; Schema: public; Owner: postgres
--

CREATE SEQUENCE public.fieldbookingdetail_field_booking_detail_id_seq
    AS integer
    START WITH 1
    INCREMENT BY 1
    NO MINVALUE
    NO MAXVALUE
    CACHE 1;


ALTER SEQUENCE public.fieldbookingdetail_field_booking_detail_id_seq OWNER TO postgres;

--
-- Name: fieldbookingdetail_field_booking_detail_id_seq; Type: SEQUENCE OWNED BY; Schema: public; Owner: postgres
--

ALTER SEQUENCE public.fieldbookingdetail_field_booking_detail_id_seq OWNED BY public.fieldbookingdetail.field_booking_detail_id;


--
-- Name: fields; Type: TABLE; Schema: public; Owner: postgres
--

CREATE TABLE public.fields (
    field_id integer NOT NULL,
    field_name character varying(64) NOT NULL,
    sport public.sport_type NOT NULL,
    rental_price integer NOT NULL
);


ALTER TABLE public.fields OWNER TO postgres;

--
-- Name: fields_field_id_seq; Type: SEQUENCE; Schema: public; Owner: postgres
--

CREATE SEQUENCE public.fields_field_id_seq
    AS integer
    START WITH 1
    INCREMENT BY 1
    NO MINVALUE
    NO MAXVALUE
    CACHE 1;


ALTER SEQUENCE public.fields_field_id_seq OWNER TO postgres;

--
-- Name: fields_field_id_seq; Type: SEQUENCE OWNED BY; Schema: public; Owner: postgres
--

ALTER SEQUENCE public.fields_field_id_seq OWNED BY public.fields.field_id;


--
-- Name: groupcourseorder; Type: TABLE; Schema: public; Owner: postgres
--

CREATE TABLE public.groupcourseorder (
    group_course_order_id integer NOT NULL,
    customer_id integer,
    payment_id integer
);


ALTER TABLE public.groupcourseorder OWNER TO postgres;

--
-- Name: groupcourseorder_group_course_order_id_seq; Type: SEQUENCE; Schema: public; Owner: postgres
--

CREATE SEQUENCE public.groupcourseorder_group_course_order_id_seq
    AS integer
    START WITH 1
    INCREMENT BY 1
    NO MINVALUE
    NO MAXVALUE
    CACHE 1;


ALTER SEQUENCE public.groupcourseorder_group_course_order_id_seq OWNER TO postgres;

--
-- Name: groupcourseorder_group_course_order_id_seq; Type: SEQUENCE OWNED BY; Schema: public; Owner: postgres
--

ALTER SEQUENCE public.groupcourseorder_group_course_order_id_seq OWNED BY public.groupcourseorder.group_course_order_id;


--
-- Name: groupcourseorderdetail; Type: TABLE; Schema: public; Owner: postgres
--

CREATE TABLE public.groupcourseorderdetail (
    group_course_order_detail_id integer NOT NULL,
    group_course_order_id integer,
    course_id integer,
    pax_count integer NOT NULL
);


ALTER TABLE public.groupcourseorderdetail OWNER TO postgres;

--
-- Name: groupcourseorderdetail_group_course_order_detail_id_seq; Type: SEQUENCE; Schema: public; Owner: postgres
--

CREATE SEQUENCE public.groupcourseorderdetail_group_course_order_detail_id_seq
    AS integer
    START WITH 1
    INCREMENT BY 1
    NO MINVALUE
    NO MAXVALUE
    CACHE 1;


ALTER SEQUENCE public.groupcourseorderdetail_group_course_order_detail_id_seq OWNER TO postgres;

--
-- Name: groupcourseorderdetail_group_course_order_detail_id_seq; Type: SEQUENCE OWNED BY; Schema: public; Owner: postgres
--

ALTER SEQUENCE public.groupcourseorderdetail_group_course_order_detail_id_seq OWNED BY public.groupcourseorderdetail.group_course_order_detail_id;


--
-- Name: groupcourses; Type: TABLE; Schema: public; Owner: postgres
--

CREATE TABLE public.groupcourses (
    course_id integer NOT NULL,
    course_name character varying(255) NOT NULL,
    coach_id integer,
    sport public.sport_type NOT NULL,
    field_id integer,
    date date NOT NULL,
    start_hour integer NOT NULL,
    course_price integer NOT NULL,
    quota integer NOT NULL,
    CONSTRAINT groupcourses_start_hour_check CHECK (((start_hour >= 6) AND (start_hour <= 20)))
);


ALTER TABLE public.groupcourses OWNER TO postgres;

--
-- Name: groupcourses_course_id_seq; Type: SEQUENCE; Schema: public; Owner: postgres
--

CREATE SEQUENCE public.groupcourses_course_id_seq
    AS integer
    START WITH 1
    INCREMENT BY 1
    NO MINVALUE
    NO MAXVALUE
    CACHE 1;


ALTER SEQUENCE public.groupcourses_course_id_seq OWNER TO postgres;

--
-- Name: groupcourses_course_id_seq; Type: SEQUENCE OWNED BY; Schema: public; Owner: postgres
--

ALTER SEQUENCE public.groupcourses_course_id_seq OWNED BY public.groupcourses.course_id;


--
-- Name: payments; Type: TABLE; Schema: public; Owner: postgres
--

CREATE TABLE public.payments (
    payment_id integer NOT NULL,
    total_payment integer NOT NULL,
    payment_proof text,
    status public.payment_status_type DEFAULT 'waiting'::public.payment_status_type NOT NULL,
    payment_date timestamp without time zone
);


ALTER TABLE public.payments OWNER TO postgres;

--
-- Name: payments_payment_id_seq; Type: SEQUENCE; Schema: public; Owner: postgres
--

CREATE SEQUENCE public.payments_payment_id_seq
    AS integer
    START WITH 1
    INCREMENT BY 1
    NO MINVALUE
    NO MAXVALUE
    CACHE 1;


ALTER SEQUENCE public.payments_payment_id_seq OWNER TO postgres;

--
-- Name: payments_payment_id_seq; Type: SEQUENCE OWNED BY; Schema: public; Owner: postgres
--

ALTER SEQUENCE public.payments_payment_id_seq OWNED BY public.payments.payment_id;


--
-- Name: privatecourseorder; Type: TABLE; Schema: public; Owner: postgres
--

CREATE TABLE public.privatecourseorder (
    private_course_order_id integer NOT NULL,
    customer_id integer,
    payment_id integer
);


ALTER TABLE public.privatecourseorder OWNER TO postgres;

--
-- Name: privatecourseorder_private_course_order_id_seq; Type: SEQUENCE; Schema: public; Owner: postgres
--

CREATE SEQUENCE public.privatecourseorder_private_course_order_id_seq
    AS integer
    START WITH 1
    INCREMENT BY 1
    NO MINVALUE
    NO MAXVALUE
    CACHE 1;


ALTER SEQUENCE public.privatecourseorder_private_course_order_id_seq OWNER TO postgres;

--
-- Name: privatecourseorder_private_course_order_id_seq; Type: SEQUENCE OWNED BY; Schema: public; Owner: postgres
--

ALTER SEQUENCE public.privatecourseorder_private_course_order_id_seq OWNED BY public.privatecourseorder.private_course_order_id;


--
-- Name: privatecourseorderdetail; Type: TABLE; Schema: public; Owner: postgres
--

CREATE TABLE public.privatecourseorderdetail (
    private_course_order_detail_id integer NOT NULL,
    private_course_order_id integer,
    coach_availability_id integer
);


ALTER TABLE public.privatecourseorderdetail OWNER TO postgres;

--
-- Name: privatecourseorderdetail_private_course_order_detail_id_seq; Type: SEQUENCE; Schema: public; Owner: postgres
--

CREATE SEQUENCE public.privatecourseorderdetail_private_course_order_detail_id_seq
    AS integer
    START WITH 1
    INCREMENT BY 1
    NO MINVALUE
    NO MAXVALUE
    CACHE 1;


ALTER SEQUENCE public.privatecourseorderdetail_private_course_order_detail_id_seq OWNER TO postgres;

--
-- Name: privatecourseorderdetail_private_course_order_detail_id_seq; Type: SEQUENCE OWNED BY; Schema: public; Owner: postgres
--

ALTER SEQUENCE public.privatecourseorderdetail_private_course_order_detail_id_seq OWNED BY public.privatecourseorderdetail.private_course_order_detail_id;


--
-- Name: users; Type: TABLE; Schema: public; Owner: postgres
--

CREATE TABLE public.users (
    user_id integer NOT NULL,
    full_name character varying(255) NOT NULL,
    password_hash character varying(255) NOT NULL,
    email character varying(255) NOT NULL,
    phone_number character varying(20) NOT NULL,
    type public.user_type DEFAULT 'customer'::public.user_type NOT NULL
);


ALTER TABLE public.users OWNER TO postgres;

--
-- Name: users_user_id_seq; Type: SEQUENCE; Schema: public; Owner: postgres
--

CREATE SEQUENCE public.users_user_id_seq
    AS integer
    START WITH 1
    INCREMENT BY 1
    NO MINVALUE
    NO MAXVALUE
    CACHE 1;


ALTER SEQUENCE public.users_user_id_seq OWNER TO postgres;

--
-- Name: users_user_id_seq; Type: SEQUENCE OWNED BY; Schema: public; Owner: postgres
--

ALTER SEQUENCE public.users_user_id_seq OWNED BY public.users.user_id;


--
-- Name: vouchers; Type: TABLE; Schema: public; Owner: postgres
--

CREATE TABLE public.vouchers (
    voucher_id integer NOT NULL,
    payment_id integer,
    customer_id integer NOT NULL,
    discount integer NOT NULL,
    expired_at timestamp without time zone NOT NULL,
    used boolean DEFAULT false NOT NULL
);


ALTER TABLE public.vouchers OWNER TO postgres;

--
-- Name: vouchers_voucher_id_seq; Type: SEQUENCE; Schema: public; Owner: postgres
--

CREATE SEQUENCE public.vouchers_voucher_id_seq
    AS integer
    START WITH 1
    INCREMENT BY 1
    NO MINVALUE
    NO MAXVALUE
    CACHE 1;


ALTER SEQUENCE public.vouchers_voucher_id_seq OWNER TO postgres;

--
-- Name: vouchers_voucher_id_seq; Type: SEQUENCE OWNED BY; Schema: public; Owner: postgres
--

ALTER SEQUENCE public.vouchers_voucher_id_seq OWNED BY public.vouchers.voucher_id;


--
-- Name: coachavailability coach_availability_id; Type: DEFAULT; Schema: public; Owner: postgres
--

ALTER TABLE ONLY public.coachavailability ALTER COLUMN coach_availability_id SET DEFAULT nextval('public.coachavailability_coach_availability_id_seq'::regclass);


--
-- Name: coaches coach_id; Type: DEFAULT; Schema: public; Owner: postgres
--

ALTER TABLE ONLY public.coaches ALTER COLUMN coach_id SET DEFAULT nextval('public.coaches_coach_id_seq'::regclass);


--
-- Name: fieldbookingdetail field_booking_detail_id; Type: DEFAULT; Schema: public; Owner: postgres
--

ALTER TABLE ONLY public.fieldbookingdetail ALTER COLUMN field_booking_detail_id SET DEFAULT nextval('public.fieldbookingdetail_field_booking_detail_id_seq'::regclass);


--
-- Name: fields field_id; Type: DEFAULT; Schema: public; Owner: postgres
--

ALTER TABLE ONLY public.fields ALTER COLUMN field_id SET DEFAULT nextval('public.fields_field_id_seq'::regclass);


--
-- Name: groupcourseorder group_course_order_id; Type: DEFAULT; Schema: public; Owner: postgres
--

ALTER TABLE ONLY public.groupcourseorder ALTER COLUMN group_course_order_id SET DEFAULT nextval('public.groupcourseorder_group_course_order_id_seq'::regclass);


--
-- Name: groupcourseorderdetail group_course_order_detail_id; Type: DEFAULT; Schema: public; Owner: postgres
--

ALTER TABLE ONLY public.groupcourseorderdetail ALTER COLUMN group_course_order_detail_id SET DEFAULT nextval('public.groupcourseorderdetail_group_course_order_detail_id_seq'::regclass);


--
-- Name: groupcourses course_id; Type: DEFAULT; Schema: public; Owner: postgres
--

ALTER TABLE ONLY public.groupcourses ALTER COLUMN course_id SET DEFAULT nextval('public.groupcourses_course_id_seq'::regclass);


--
-- Name: payments payment_id; Type: DEFAULT; Schema: public; Owner: postgres
--

ALTER TABLE ONLY public.payments ALTER COLUMN payment_id SET DEFAULT nextval('public.payments_payment_id_seq'::regclass);


--
-- Name: privatecourseorder private_course_order_id; Type: DEFAULT; Schema: public; Owner: postgres
--

ALTER TABLE ONLY public.privatecourseorder ALTER COLUMN private_course_order_id SET DEFAULT nextval('public.privatecourseorder_private_course_order_id_seq'::regclass);


--
-- Name: privatecourseorderdetail private_course_order_detail_id; Type: DEFAULT; Schema: public; Owner: postgres
--

ALTER TABLE ONLY public.privatecourseorderdetail ALTER COLUMN private_course_order_detail_id SET DEFAULT nextval('public.privatecourseorderdetail_private_course_order_detail_id_seq'::regclass);


--
-- Name: users user_id; Type: DEFAULT; Schema: public; Owner: postgres
--

ALTER TABLE ONLY public.users ALTER COLUMN user_id SET DEFAULT nextval('public.users_user_id_seq'::regclass);


--
-- Name: vouchers voucher_id; Type: DEFAULT; Schema: public; Owner: postgres
--

ALTER TABLE ONLY public.vouchers ALTER COLUMN voucher_id SET DEFAULT nextval('public.vouchers_voucher_id_seq'::regclass);


--
-- Data for Name: coachavailability; Type: TABLE DATA; Schema: public; Owner: postgres
--

COPY public.coachavailability (coach_availability_id, coach_id, date, hour) FROM stdin;
1	1	2025-09-09	10
2	1	2025-09-26	14
3	1	2025-09-24	13
4	1	2025-10-04	16
5	1	2025-09-23	21
6	1	2025-09-22	9
7	1	2025-10-08	10
8	1	2025-09-23	17
9	1	2025-10-02	12
10	1	2025-10-01	19
11	1	2025-09-29	7
12	1	2025-09-30	6
13	1	2025-09-10	6
14	1	2025-09-19	7
15	1	2025-09-11	13
16	1	2025-09-20	16
17	1	2025-09-19	13
18	1	2025-09-12	19
19	1	2025-09-12	15
20	1	2025-09-20	12
21	2	2025-09-28	8
22	2	2025-09-26	13
23	2	2025-09-27	17
24	2	2025-09-17	9
25	2	2025-09-14	12
26	2	2025-09-28	15
27	2	2025-10-08	15
28	2	2025-09-14	6
29	2	2025-09-13	12
30	2	2025-09-26	14
31	2	2025-09-26	19
32	2	2025-10-01	21
33	2	2025-10-08	16
34	2	2025-10-04	21
35	2	2025-09-22	15
36	2	2025-10-09	19
37	2	2025-09-14	21
38	2	2025-09-21	12
39	2	2025-09-20	13
40	2	2025-09-16	16
41	3	2025-09-28	21
42	3	2025-10-01	20
43	3	2025-09-27	11
44	3	2025-10-05	8
45	3	2025-09-10	16
46	3	2025-09-28	17
47	3	2025-09-17	14
48	3	2025-10-02	11
49	3	2025-09-27	16
50	3	2025-09-15	8
51	3	2025-10-04	19
52	3	2025-09-11	14
53	3	2025-09-15	6
54	3	2025-10-09	18
55	3	2025-09-22	12
56	3	2025-09-27	21
57	3	2025-09-25	21
58	3	2025-09-15	16
59	3	2025-09-25	19
60	3	2025-10-03	14
61	4	2025-10-07	17
62	4	2025-10-04	12
63	4	2025-09-29	8
64	4	2025-09-20	19
65	4	2025-10-07	10
66	4	2025-09-15	20
67	4	2025-10-05	21
68	4	2025-09-11	18
69	4	2025-09-29	17
70	4	2025-09-26	9
71	4	2025-10-07	21
72	4	2025-09-17	17
73	4	2025-09-22	13
74	4	2025-09-20	8
75	4	2025-09-11	14
76	4	2025-09-19	7
77	4	2025-10-09	14
78	4	2025-10-07	14
79	4	2025-09-22	7
80	4	2025-10-05	17
81	5	2025-09-28	9
82	5	2025-09-18	20
83	5	2025-09-09	18
84	5	2025-09-24	10
85	5	2025-10-08	9
86	5	2025-09-30	20
87	5	2025-10-06	18
88	5	2025-09-22	9
89	5	2025-09-26	11
90	5	2025-09-25	10
91	5	2025-09-23	20
92	5	2025-09-09	20
93	5	2025-09-30	13
94	5	2025-09-21	9
95	5	2025-10-01	11
96	5	2025-09-27	10
97	5	2025-09-17	16
98	5	2025-09-17	12
99	5	2025-09-22	6
100	5	2025-09-11	6
101	6	2025-10-09	18
102	6	2025-09-12	17
103	6	2025-09-21	18
104	6	2025-09-19	21
105	6	2025-09-24	13
106	6	2025-09-26	8
107	6	2025-09-26	17
108	6	2025-10-05	16
109	6	2025-10-07	9
110	6	2025-10-01	15
111	6	2025-09-12	7
112	6	2025-09-17	7
113	6	2025-09-25	17
114	6	2025-09-28	19
115	6	2025-10-07	18
116	6	2025-09-28	15
117	6	2025-09-18	11
118	6	2025-10-02	8
119	6	2025-09-16	14
120	6	2025-09-22	12
121	7	2025-09-16	21
122	7	2025-09-17	11
123	7	2025-10-04	20
124	7	2025-09-27	18
125	7	2025-10-08	13
126	7	2025-09-09	8
127	7	2025-10-07	19
128	7	2025-09-10	6
129	7	2025-09-18	16
130	7	2025-09-21	9
131	7	2025-09-27	21
132	7	2025-09-15	18
133	7	2025-09-13	10
134	7	2025-10-08	15
135	7	2025-09-20	15
136	7	2025-09-25	8
137	7	2025-09-19	10
138	7	2025-10-07	15
139	7	2025-09-20	17
140	7	2025-09-24	11
141	8	2025-09-30	13
142	8	2025-09-22	11
143	8	2025-09-12	21
144	8	2025-09-11	16
145	8	2025-10-03	8
146	8	2025-09-25	14
147	8	2025-09-18	12
148	8	2025-09-27	17
149	8	2025-10-03	19
150	8	2025-10-01	21
151	8	2025-09-26	12
152	8	2025-09-17	16
153	8	2025-09-14	21
154	8	2025-09-14	6
155	8	2025-09-18	20
156	8	2025-09-20	13
157	8	2025-09-22	6
158	8	2025-09-28	20
159	8	2025-10-04	19
160	8	2025-09-09	10
161	9	2025-09-13	9
162	9	2025-10-06	19
163	9	2025-10-07	16
164	9	2025-09-27	14
165	9	2025-09-26	19
166	9	2025-09-23	19
167	9	2025-09-18	18
168	9	2025-09-18	15
169	9	2025-09-25	11
170	9	2025-10-04	20
171	9	2025-09-15	19
172	9	2025-10-02	7
173	9	2025-10-03	15
174	9	2025-09-15	18
175	9	2025-10-08	17
176	9	2025-09-17	9
177	9	2025-09-17	6
178	9	2025-09-23	21
179	9	2025-09-27	10
180	9	2025-10-04	9
181	10	2025-10-03	18
182	10	2025-09-12	15
183	10	2025-10-04	11
184	10	2025-09-29	16
185	10	2025-10-06	13
186	10	2025-09-10	15
187	10	2025-09-21	15
188	10	2025-09-14	13
189	10	2025-10-02	6
190	10	2025-09-28	18
191	10	2025-10-05	18
192	10	2025-09-24	8
193	10	2025-10-07	13
194	10	2025-10-07	9
195	10	2025-09-18	7
196	10	2025-09-27	7
197	10	2025-10-08	11
198	10	2025-10-07	8
199	10	2025-09-28	6
200	10	2025-09-20	11
201	11	2025-09-18	16
202	11	2025-09-15	21
203	11	2025-09-14	11
204	11	2025-10-01	13
205	11	2025-09-30	16
206	11	2025-09-22	6
207	11	2025-09-30	14
208	11	2025-10-08	17
209	11	2025-10-05	21
210	11	2025-10-02	18
211	11	2025-09-19	20
212	11	2025-09-28	16
213	11	2025-09-29	11
214	11	2025-09-24	13
215	11	2025-09-12	9
216	11	2025-09-19	11
217	11	2025-09-14	19
218	11	2025-09-24	18
219	11	2025-09-16	8
220	11	2025-09-15	16
221	12	2025-10-08	11
222	12	2025-09-15	19
223	12	2025-09-19	11
224	12	2025-10-05	17
225	12	2025-09-19	9
226	12	2025-10-05	8
227	12	2025-09-25	20
228	12	2025-09-12	14
229	12	2025-10-01	14
230	12	2025-09-11	18
231	12	2025-09-24	7
232	12	2025-09-15	15
233	12	2025-09-14	8
234	12	2025-10-03	16
235	12	2025-09-17	21
236	12	2025-09-25	9
237	12	2025-09-25	18
238	12	2025-09-11	8
239	12	2025-09-25	15
240	12	2025-09-29	7
241	13	2025-09-28	14
242	13	2025-09-15	18
243	13	2025-09-13	17
244	13	2025-10-06	20
245	13	2025-10-07	6
246	13	2025-09-09	14
247	13	2025-09-25	6
248	13	2025-09-28	9
249	13	2025-09-28	21
250	13	2025-09-20	15
251	13	2025-09-19	9
252	13	2025-09-19	15
253	13	2025-09-19	7
254	13	2025-09-25	18
255	13	2025-09-12	18
256	13	2025-09-29	21
257	13	2025-09-26	8
258	13	2025-09-18	20
259	13	2025-09-19	21
260	13	2025-09-15	21
261	14	2025-10-05	17
262	14	2025-09-12	13
263	14	2025-10-07	14
264	14	2025-09-26	17
265	14	2025-09-09	10
266	14	2025-09-16	8
267	14	2025-10-07	11
268	14	2025-09-09	18
269	14	2025-09-28	8
270	14	2025-09-18	17
271	14	2025-09-13	15
272	14	2025-10-03	15
273	14	2025-10-09	10
274	14	2025-09-10	11
275	14	2025-10-02	16
276	14	2025-10-04	7
277	14	2025-10-03	6
278	14	2025-09-26	8
279	14	2025-09-26	6
280	14	2025-09-17	19
281	15	2025-10-03	10
282	15	2025-10-03	7
283	15	2025-09-18	7
284	15	2025-09-11	12
285	15	2025-09-24	9
286	15	2025-09-09	17
287	15	2025-09-09	12
288	15	2025-09-23	13
289	15	2025-09-11	7
290	15	2025-10-09	19
291	15	2025-09-25	18
292	15	2025-10-07	21
293	15	2025-09-11	8
294	15	2025-10-02	8
295	15	2025-09-26	12
296	15	2025-10-05	15
297	15	2025-10-03	8
298	15	2025-10-06	21
299	15	2025-09-26	21
300	15	2025-09-14	14
\.


--
-- Data for Name: coaches; Type: TABLE DATA; Schema: public; Owner: postgres
--

COPY public.coaches (coach_id, coach_name, sport, course_price) FROM stdin;
1	Coach Angela Scott	tennis	200000
2	Coach Michael Nguyen	tennis	175000
3	Coach John Henry	tennis	225000
4	Coach John Clark	tennis	150000
5	Coach Angela Franklin	tennis	200000
6	Coach Bethany Ramirez	pickleball	125000
7	Coach Rachel Jones	pickleball	80000
8	Coach Nathan Franklin	pickleball	50000
9	Coach Kathleen Rios	pickleball	125000
10	Coach Diana Perez	pickleball	65000
11	Coach Emily Andrade	padel	100000
12	Coach Marie Lynch	padel	220000
13	Coach Nina Webster	padel	120000
14	Coach Dorothy Buchanan	padel	120000
15	Coach Christopher Hayes	padel	200000
\.


--
-- Data for Name: fieldbookingdetail; Type: TABLE DATA; Schema: public; Owner: postgres
--

COPY public.fieldbookingdetail (field_booking_detail_id, field_id, date, hour) FROM stdin;
1	1	2025-09-15	13
2	1	2025-09-13	9
3	1	2025-09-13	19
4	1	2025-09-21	16
5	1	2025-09-12	8
6	1	2025-09-11	6
7	2	2025-09-14	6
8	2	2025-09-22	9
9	2	2025-09-20	9
10	2	2025-09-13	12
11	2	2025-09-10	15
12	2	2025-09-17	15
13	3	2025-09-18	16
14	3	2025-09-12	15
15	3	2025-09-11	10
16	3	2025-09-21	15
17	3	2025-09-19	16
18	3	2025-09-10	19
19	4	2025-09-09	13
20	4	2025-09-20	8
21	4	2025-09-18	12
22	4	2025-09-16	20
23	4	2025-09-09	10
24	5	2025-09-20	19
25	5	2025-09-22	14
26	5	2025-09-13	19
27	5	2025-09-23	19
28	5	2025-09-20	8
29	5	2025-09-21	9
30	6	2025-09-21	8
31	6	2025-09-15	11
32	6	2025-09-13	11
33	6	2025-09-18	11
34	6	2025-09-11	12
35	6	2025-09-10	20
36	7	2025-09-10	7
37	7	2025-09-19	9
38	7	2025-09-13	17
39	7	2025-09-11	7
40	7	2025-09-11	10
41	8	2025-09-15	20
42	8	2025-09-09	15
43	8	2025-09-20	12
44	8	2025-09-19	20
45	8	2025-09-18	8
46	8	2025-09-14	15
47	9	2025-09-13	20
48	9	2025-09-20	13
49	9	2025-09-23	18
50	9	2025-09-09	18
51	9	2025-09-23	9
52	9	2025-09-19	6
53	10	2025-09-23	20
54	10	2025-09-15	14
55	10	2025-09-14	14
56	10	2025-09-14	6
57	10	2025-09-21	16
58	10	2025-09-22	14
59	11	2025-09-17	6
60	11	2025-09-11	6
61	11	2025-09-13	18
62	11	2025-09-16	16
63	11	2025-09-22	15
64	12	2025-09-12	8
65	12	2025-09-15	6
66	12	2025-09-21	17
67	12	2025-09-21	12
68	12	2025-09-23	17
69	12	2025-09-22	15
70	13	2025-09-14	6
71	13	2025-09-15	15
72	13	2025-09-23	15
73	13	2025-09-21	9
74	13	2025-09-11	11
75	13	2025-09-18	7
76	14	2025-09-15	7
77	14	2025-09-23	11
78	14	2025-09-21	9
79	14	2025-09-14	13
80	14	2025-09-21	14
81	14	2025-09-17	13
82	15	2025-09-13	8
83	15	2025-09-09	18
84	15	2025-09-23	19
85	15	2025-09-12	16
86	15	2025-09-20	19
87	15	2025-09-12	19
\.


--
-- Data for Name: fields; Type: TABLE DATA; Schema: public; Owner: postgres
--

COPY public.fields (field_id, field_name, sport, rental_price) FROM stdin;
1	Lapangan Tennis 1	tennis	550000
2	Lapangan Tennis 2	tennis	450000
3	Lapangan Tennis 3	tennis	300000
4	Lapangan Tennis 4	tennis	450000
5	Lapangan Tennis 5	tennis	500000
6	Lapangan Pickleball 6	pickleball	130000
7	Lapangan Pickleball 7	pickleball	280000
8	Lapangan Pickleball 8	pickleball	360000
9	Lapangan Pickleball 9	pickleball	360000
10	Lapangan Pickleball 10	pickleball	130000
11	Lapangan Padel 11	padel	320000
12	Lapangan Padel 12	padel	450000
13	Lapangan Padel 13	padel	280000
14	Lapangan Padel 14	padel	450000
15	Lapangan Padel 15	padel	360000
\.


--
-- Data for Name: groupcourseorder; Type: TABLE DATA; Schema: public; Owner: postgres
--

COPY public.groupcourseorder (group_course_order_id, customer_id, payment_id) FROM stdin;
1	29	50
2	153	48
3	170	47
4	20	46
5	185	45
6	154	43
7	99	42
8	81	41
9	67	39
10	9	37
11	11	36
12	198	35
13	199	34
14	51	32
15	191	29
16	38	28
17	177	27
18	57	26
19	125	25
20	91	24
21	172	23
22	138	22
23	120	21
24	96	20
25	53	19
26	137	18
27	129	17
28	183	15
29	22	14
30	70	13
\.


--
-- Data for Name: groupcourseorderdetail; Type: TABLE DATA; Schema: public; Owner: postgres
--

COPY public.groupcourseorderdetail (group_course_order_detail_id, group_course_order_id, course_id, pax_count) FROM stdin;
1	1	6	9
2	2	38	6
3	3	15	7
4	4	25	7
5	5	21	4
6	6	27	2
7	7	12	3
8	8	29	7
9	9	2	10
10	10	48	2
11	11	32	9
12	12	34	9
13	13	31	3
14	14	16	6
15	15	20	7
16	16	47	6
17	17	10	8
18	18	5	7
19	19	35	1
20	20	9	2
21	21	14	3
22	22	40	5
23	23	30	7
24	24	18	6
25	25	39	9
26	26	26	6
27	27	36	5
28	28	28	6
29	29	7	8
30	30	46	2
\.


--
-- Data for Name: groupcourses; Type: TABLE DATA; Schema: public; Owner: postgres
--

COPY public.groupcourses (course_id, course_name, coach_id, sport, field_id, date, start_hour, course_price, quota) FROM stdin;
1	Kursus Grup Pickleball 1	10	pickleball	10	2025-09-29	7	300000	14
2	Kursus Grup Tennis 2	5	tennis	2	2025-09-29	7	350000	15
3	Kursus Grup Padel 3	11	padel	15	2025-09-22	16	420000	5
4	Kursus Grup Padel 4	11	padel	14	2025-10-06	8	340000	7
5	Kursus Grup Padel 5	13	padel	12	2025-09-13	18	340000	12
6	Kursus Grup Tennis 6	5	tennis	3	2025-09-18	14	400000	9
7	Kursus Grup Padel 7	11	padel	14	2025-09-17	10	340000	19
8	Kursus Grup Pickleball 8	8	pickleball	8	2025-09-26	15	180000	9
9	Kursus Grup Tennis 9	3	tennis	5	2025-09-14	11	500000	12
10	Kursus Grup Tennis 10	1	tennis	2	2025-09-30	15	300000	15
11	Kursus Grup Tennis 11	1	tennis	5	2025-09-10	6	500000	18
12	Kursus Grup Padel 12	11	padel	15	2025-09-19	10	450000	6
13	Kursus Grup Tennis 13	4	tennis	4	2025-09-19	17	450000	5
14	Kursus Grup Padel 14	15	padel	15	2025-09-26	18	380000	17
15	Kursus Grup Padel 15	11	padel	15	2025-09-13	11	220000	11
16	Kursus Grup Pickleball 16	7	pickleball	10	2025-09-25	20	300000	17
17	Kursus Grup Padel 17	15	padel	12	2025-09-24	17	380000	10
18	Kursus Grup Tennis 18	2	tennis	2	2025-09-27	9	450000	20
19	Kursus Grup Padel 19	11	padel	13	2025-10-08	14	380000	5
20	Kursus Grup Padel 20	13	padel	12	2025-10-02	10	380000	10
21	Kursus Grup Tennis 21	4	tennis	4	2025-09-28	10	450000	8
22	Kursus Grup Tennis 22	4	tennis	4	2025-09-15	8	450000	13
23	Kursus Grup Padel 23	15	padel	11	2025-09-09	20	450000	9
24	Kursus Grup Pickleball 24	7	pickleball	10	2025-09-24	17	180000	16
25	Kursus Grup Pickleball 25	7	pickleball	9	2025-10-08	18	350000	11
26	Kursus Grup Tennis 26	5	tennis	2	2025-09-12	17	200000	17
27	Kursus Grup Tennis 27	3	tennis	4	2025-09-21	14	250000	10
28	Kursus Grup Padel 28	11	padel	11	2025-09-21	14	420000	20
29	Kursus Grup Padel 29	14	padel	14	2025-10-03	15	300000	13
30	Kursus Grup Pickleball 30	9	pickleball	8	2025-09-27	7	240000	9
31	Kursus Grup Tennis 31	2	tennis	3	2025-09-21	13	400000	9
32	Kursus Grup Padel 32	12	padel	14	2025-10-03	7	450000	20
33	Kursus Grup Tennis 33	2	tennis	2	2025-10-04	15	300000	16
34	Kursus Grup Tennis 34	2	tennis	1	2025-10-06	13	450000	19
35	Kursus Grup Tennis 35	5	tennis	5	2025-10-08	18	500000	9
36	Kursus Grup Tennis 36	3	tennis	1	2025-09-21	14	400000	12
37	Kursus Grup Pickleball 37	8	pickleball	8	2025-09-20	20	150000	13
38	Kursus Grup Padel 38	14	padel	14	2025-09-18	9	450000	12
39	Kursus Grup Tennis 39	5	tennis	2	2025-09-09	6	300000	18
40	Kursus Grup Tennis 40	5	tennis	2	2025-09-24	11	500000	6
41	Kursus Grup Tennis 41	4	tennis	2	2025-09-19	11	250000	19
42	Kursus Grup Padel 42	12	padel	15	2025-10-08	9	340000	5
43	Kursus Grup Pickleball 43	8	pickleball	8	2025-09-22	11	240000	13
44	Kursus Grup Pickleball 44	7	pickleball	9	2025-09-22	15	240000	8
45	Kursus Grup Tennis 45	1	tennis	4	2025-09-22	14	450000	17
46	Kursus Grup Padel 46	12	padel	12	2025-09-30	20	420000	14
47	Kursus Grup Pickleball 47	8	pickleball	9	2025-10-01	19	150000	20
48	Kursus Grup Tennis 48	5	tennis	5	2025-09-25	12	500000	6
49	Kursus Grup Tennis 49	1	tennis	4	2025-09-12	16	450000	15
50	Kursus Grup Tennis 50	3	tennis	2	2025-09-29	12	400000	5
\.


--
-- Data for Name: payments; Type: TABLE DATA; Schema: public; Owner: postgres
--

COPY public.payments (payment_id, total_payment, payment_proof, status, payment_date) FROM stdin;
1	1466874	Maintain light seem decade will win key. Successful next enough national.	accepted	2025-09-05 09:20:56
2	1823599	Recently natural international word.	accepted	2025-09-07 21:02:26
3	250533	\N	waiting	2025-08-23 20:16:42
4	1560108	\N	waiting	2025-08-14 10:02:41
5	1582179	Bag benefit knowledge phone. Force wait appear nothing effect.	accepted	2025-09-02 14:38:35
6	1030973	Network trip financial your treatment think adult energy. Ball least vote.	accepted	2025-08-19 05:11:46
7	552637	Service likely sell. Plan message pattern assume turn. Senior red side attention.	accepted	2025-08-15 12:27:30
8	747219	Road fact fast TV mother. West campaign during agreement camera rich force sort.	accepted	2025-08-30 20:22:52
9	1756359	He behind deep blood agreement change great.	accepted	2025-09-02 16:53:57
10	988681	Establish subject question interest treat or maybe. For wish drug sing improve group goal.	accepted	2025-09-05 14:59:46
11	133106	Appear strong into onto. Him fill economic interest among also dream rate.	accepted	2025-09-05 02:49:44
12	1738246	Option over maybe choose understand growth listen. Without cut just again message seek energy.	accepted	2025-08-22 06:29:25
13	809259	Though upon off green man. Country write authority training us allow involve.	accepted	2025-09-07 11:36:50
14	636259	Eight name look put take. Toward majority interest best.	accepted	2025-08-18 12:05:23
15	961815	Available various surface bank box full success. Style suggest couple claim.	accepted	2025-08-24 08:07:58
16	1516526	Half happen teacher hear. Role explain much wait scene sell.	rejected	2025-09-01 16:17:05
17	896742	Scientist structure show sign her ok drop. Mean maybe believe woman right shake.	accepted	2025-08-19 12:21:50
18	1146379	Until box miss walk prevent pick action. Institution few since learn four wish agency position.	accepted	2025-08-15 16:05:52
19	267478	Quickly type military here open. Pretty group rule to author least.	accepted	2025-09-01 00:24:06
20	950925	Politics letter big who assume. Environment expect size population yeah sell indeed.	accepted	2025-08-26 03:33:12
21	127451	Look meet relationship method her. Daughter PM health.	accepted	2025-09-06 01:50:59
22	573752	Real huge wonder laugh. Television computer citizen early back. Sense market central rise.	accepted	2025-09-06 18:03:29
23	571551	Music list party. Three herself institution walk. Whose read technology kitchen.	accepted	2025-09-09 06:16:21
24	568421	Positive agent impact indeed. Any them truth hot do thus former child.	accepted	2025-08-24 11:39:16
25	1805042	Professional population popular manager writer. Culture cost beat chance catch suddenly anything.	accepted	2025-08-28 11:44:12
26	1210728	Mission foreign bad page stage responsibility big. About work note certain stand upon her.	accepted	2025-09-08 22:54:39
27	467379	Animal political today letter case argue herself. Safe dinner way practice.	accepted	2025-08-19 21:48:28
28	1163583	Popular or expert store value. Weight produce method matter board some hand reality.	accepted	2025-08-17 16:18:09
29	1097346	Discover employee plan mention clear. Environment board keep fall eat reality although.	accepted	2025-08-24 12:04:33
30	1310989	White detail kind first name information. Seat prepare such police rock character.	rejected	2025-08-19 13:48:22
31	1101735	Role heavy dog skin that network. Necessary approach it.	rejected	2025-08-27 23:33:48
32	1173485	Trouble here cover behind prove yes.	accepted	2025-08-19 18:26:31
33	1105902	Soldier shoulder cell begin director. Old above government project.	rejected	2025-08-31 19:35:35
34	1144385	Beat whom on. South difficult former evidence. Later game staff pass.	accepted	2025-08-11 10:20:08
35	1976346	Shoulder house make than. Church again mind major him.	accepted	2025-08-28 00:29:42
36	1235088	Me their pressure. Next a really Republican get. Defense success maybe girl writer development.	accepted	2025-08-18 11:21:27
37	1696522	Minute play shoulder share middle office leg. Memory authority table buy send early.	accepted	2025-08-27 10:46:39
38	666468	\N	waiting	2025-08-19 04:20:12
39	1544736	Player set follow physical each yet thousand a. Space term into person require dark.	accepted	2025-08-28 06:19:59
40	1337204	Safe ok maintain better. Cut whether collection back four. Everybody I open leg reach through.	rejected	2025-08-24 04:01:52
41	1559616	Much much future the around.\nNeed stand team respond. Exist anyone yes less pay general.	accepted	2025-08-18 09:07:49
42	444400	Attack use become account. Visit quality southern maintain. Hard follow side.	accepted	2025-08-10 13:44:07
43	679796	Television customer tree occur. Next already development summer security respond under.	accepted	2025-09-04 09:05:11
44	724625	\N	waiting	2025-09-06 01:25:08
45	364943	It until stuff reveal start scene head really. Skin pick road apply wonder military together.	accepted	2025-08-30 18:59:56
46	1737916	Idea address final car again research half. Must resource rise will few. Develop top appear live.	accepted	2025-08-16 21:20:50
47	1800843	Executive state worker since picture reflect consider rock. Book space choice small.	accepted	2025-08-21 01:24:34
48	1778578	Remember space take throw admit cover. Likely strategy someone soldier white finish.	accepted	2025-08-24 01:20:30
49	1478243	\N	waiting	2025-08-22 06:56:35
50	569953	Debate attention worker one role wide east. Modern and woman study.	accepted	2025-08-20 17:28:46
\.


--
-- Data for Name: privatecourseorder; Type: TABLE DATA; Schema: public; Owner: postgres
--

COPY public.privatecourseorder (private_course_order_id, customer_id, payment_id) FROM stdin;
1	105	50
2	107	48
3	198	47
4	58	46
5	133	45
6	87	43
7	51	42
8	82	41
9	62	39
10	49	37
11	161	36
12	173	35
13	48	34
14	69	32
15	185	29
16	12	28
17	58	27
18	100	26
19	195	25
20	154	24
21	101	23
22	134	22
23	79	21
24	123	20
25	181	19
26	118	18
27	139	17
28	190	15
29	171	14
30	164	13
31	151	12
32	123	11
33	95	10
34	152	9
35	34	8
36	68	7
37	53	6
38	148	5
39	152	2
40	176	1
\.


--
-- Data for Name: privatecourseorderdetail; Type: TABLE DATA; Schema: public; Owner: postgres
--

COPY public.privatecourseorderdetail (private_course_order_detail_id, private_course_order_id, coach_availability_id) FROM stdin;
1	1	164
2	2	51
3	3	87
4	4	18
5	5	238
6	6	273
7	7	276
8	8	126
9	9	19
10	10	172
11	11	82
12	12	25
13	13	95
14	14	202
15	15	249
16	16	36
17	17	219
18	18	8
19	19	97
20	20	47
21	21	44
22	22	54
23	23	106
24	24	64
25	25	7
26	26	81
27	27	183
28	28	158
29	29	71
30	30	84
31	31	28
32	32	74
33	33	252
34	34	21
35	35	236
36	36	67
37	37	118
38	38	79
39	39	113
40	40	255
\.


--
-- Data for Name: users; Type: TABLE DATA; Schema: public; Owner: postgres
--

COPY public.users (user_id, full_name, password_hash, email, phone_number, type) FROM stdin;
1	Thomas Owens	240be518fabd2724ddb6f04eeb1da5967448d7e831c08c8fa822809f74c720a9	thomasowens589@email.com	+6280060448130	admin
2	Monica Owen	240be518fabd2724ddb6f04eeb1da5967448d7e831c08c8fa822809f74c720a9	monicaowen107@email.com	+6247051291374	admin
3	Arthur Banks	240be518fabd2724ddb6f04eeb1da5967448d7e831c08c8fa822809f74c720a9	arthurbanks681@email.com	+6214385305921	admin
4	Michael Hardy	240be518fabd2724ddb6f04eeb1da5967448d7e831c08c8fa822809f74c720a9	michaelhardy484@email.com	+6215785718382	admin
5	Jacqueline Oneal	240be518fabd2724ddb6f04eeb1da5967448d7e831c08c8fa822809f74c720a9	jacquelineoneal110@email.com	+6262972689182	admin
6	Barbara Munoz	b041c0aeb35bb0fa4aa668ca5a920b590196fdaf9a00eb852c9b7f4d123cc6d6	barbaramunoz831@email.com	+6286087580812	customer
7	Richard Foster	b041c0aeb35bb0fa4aa668ca5a920b590196fdaf9a00eb852c9b7f4d123cc6d6	richardfoster69@email.com	+6224776108734	customer
8	Lisa Scott	b041c0aeb35bb0fa4aa668ca5a920b590196fdaf9a00eb852c9b7f4d123cc6d6	lisascott764@email.com	+6277703746650	customer
9	Rebecca Banks	b041c0aeb35bb0fa4aa668ca5a920b590196fdaf9a00eb852c9b7f4d123cc6d6	rebeccabanks5@email.com	+6286237909845	customer
10	Christina Marshall	b041c0aeb35bb0fa4aa668ca5a920b590196fdaf9a00eb852c9b7f4d123cc6d6	christinamarshall40@email.com	+6260133609093	customer
11	Allison Roman	b041c0aeb35bb0fa4aa668ca5a920b590196fdaf9a00eb852c9b7f4d123cc6d6	allisonroman335@email.com	+6249790647641	customer
12	Amanda Rich DDS	b041c0aeb35bb0fa4aa668ca5a920b590196fdaf9a00eb852c9b7f4d123cc6d6	amandarichdds440@email.com	+6224768849045	customer
13	William Good	b041c0aeb35bb0fa4aa668ca5a920b590196fdaf9a00eb852c9b7f4d123cc6d6	williamgood225@email.com	+6260595816106	customer
14	Randy Olson	b041c0aeb35bb0fa4aa668ca5a920b590196fdaf9a00eb852c9b7f4d123cc6d6	randyolson609@email.com	+6207657387598	customer
15	Joseph Miller	b041c0aeb35bb0fa4aa668ca5a920b590196fdaf9a00eb852c9b7f4d123cc6d6	josephmiller507@email.com	+6220897282986	customer
16	Rebecca Young	b041c0aeb35bb0fa4aa668ca5a920b590196fdaf9a00eb852c9b7f4d123cc6d6	rebeccayoung833@email.com	+6282968947546	customer
17	Robert Glass	b041c0aeb35bb0fa4aa668ca5a920b590196fdaf9a00eb852c9b7f4d123cc6d6	robertglass857@email.com	+6269001790436	customer
18	Debra Vega	b041c0aeb35bb0fa4aa668ca5a920b590196fdaf9a00eb852c9b7f4d123cc6d6	debravega652@email.com	+6221031570596	customer
19	David Scott	b041c0aeb35bb0fa4aa668ca5a920b590196fdaf9a00eb852c9b7f4d123cc6d6	davidscott935@email.com	+6235650082936	customer
20	Aaron Diaz	b041c0aeb35bb0fa4aa668ca5a920b590196fdaf9a00eb852c9b7f4d123cc6d6	aarondiaz185@email.com	+6221714868521	customer
21	Russell Jensen	b041c0aeb35bb0fa4aa668ca5a920b590196fdaf9a00eb852c9b7f4d123cc6d6	russelljensen614@email.com	+6244117517484	customer
22	Randall Newman	b041c0aeb35bb0fa4aa668ca5a920b590196fdaf9a00eb852c9b7f4d123cc6d6	randallnewman582@email.com	+6222304379727	customer
23	Kimberly Wagner	b041c0aeb35bb0fa4aa668ca5a920b590196fdaf9a00eb852c9b7f4d123cc6d6	kimberlywagner471@email.com	+6247932651511	customer
24	Nicholas Wu	b041c0aeb35bb0fa4aa668ca5a920b590196fdaf9a00eb852c9b7f4d123cc6d6	nicholaswu995@email.com	+6205943288550	customer
25	Richard Williams	b041c0aeb35bb0fa4aa668ca5a920b590196fdaf9a00eb852c9b7f4d123cc6d6	richardwilliams162@email.com	+6278934919607	customer
26	Brad Williams	b041c0aeb35bb0fa4aa668ca5a920b590196fdaf9a00eb852c9b7f4d123cc6d6	bradwilliams497@email.com	+6293805719674	customer
27	Adam Robinson	b041c0aeb35bb0fa4aa668ca5a920b590196fdaf9a00eb852c9b7f4d123cc6d6	adamrobinson833@email.com	+6292811395536	customer
28	Natalie Miller	b041c0aeb35bb0fa4aa668ca5a920b590196fdaf9a00eb852c9b7f4d123cc6d6	nataliemiller457@email.com	+6295214008722	customer
29	Lindsay Taylor	b041c0aeb35bb0fa4aa668ca5a920b590196fdaf9a00eb852c9b7f4d123cc6d6	lindsaytaylor57@email.com	+6239371195074	customer
30	Cheryl Boyd	b041c0aeb35bb0fa4aa668ca5a920b590196fdaf9a00eb852c9b7f4d123cc6d6	cherylboyd480@email.com	+6231267281263	customer
31	Cheryl Ramirez	b041c0aeb35bb0fa4aa668ca5a920b590196fdaf9a00eb852c9b7f4d123cc6d6	cherylramirez422@email.com	+6277137166538	customer
32	Luis Porter	b041c0aeb35bb0fa4aa668ca5a920b590196fdaf9a00eb852c9b7f4d123cc6d6	luisporter448@email.com	+6222891214327	customer
33	Edwin Houston	b041c0aeb35bb0fa4aa668ca5a920b590196fdaf9a00eb852c9b7f4d123cc6d6	edwinhouston566@email.com	+6242393520596	customer
34	Jennifer Crosby	b041c0aeb35bb0fa4aa668ca5a920b590196fdaf9a00eb852c9b7f4d123cc6d6	jennifercrosby16@email.com	+6221368236718	customer
35	Mrs. Lisa Johnson DDS	b041c0aeb35bb0fa4aa668ca5a920b590196fdaf9a00eb852c9b7f4d123cc6d6	mrs.lisajohnsondds236@email.com	+6287594824659	customer
36	Travis Garcia	b041c0aeb35bb0fa4aa668ca5a920b590196fdaf9a00eb852c9b7f4d123cc6d6	travisgarcia210@email.com	+6258747936027	customer
37	Theresa Lawson	b041c0aeb35bb0fa4aa668ca5a920b590196fdaf9a00eb852c9b7f4d123cc6d6	theresalawson497@email.com	+6226457150549	customer
38	Brittney Perez	b041c0aeb35bb0fa4aa668ca5a920b590196fdaf9a00eb852c9b7f4d123cc6d6	brittneyperez149@email.com	+6233432289025	customer
39	Christopher Thompson	b041c0aeb35bb0fa4aa668ca5a920b590196fdaf9a00eb852c9b7f4d123cc6d6	christopherthompson558@email.com	+6265435904634	customer
40	Vanessa Taylor	b041c0aeb35bb0fa4aa668ca5a920b590196fdaf9a00eb852c9b7f4d123cc6d6	vanessataylor393@email.com	+6222154787899	customer
41	Brenda Boyd	b041c0aeb35bb0fa4aa668ca5a920b590196fdaf9a00eb852c9b7f4d123cc6d6	brendaboyd299@email.com	+6211825127450	customer
42	Brian Andrade	b041c0aeb35bb0fa4aa668ca5a920b590196fdaf9a00eb852c9b7f4d123cc6d6	brianandrade193@email.com	+6279602998206	customer
43	Monique Franco	b041c0aeb35bb0fa4aa668ca5a920b590196fdaf9a00eb852c9b7f4d123cc6d6	moniquefranco991@email.com	+6245384340756	customer
44	Scott Mitchell	b041c0aeb35bb0fa4aa668ca5a920b590196fdaf9a00eb852c9b7f4d123cc6d6	scottmitchell722@email.com	+6284070422093	customer
45	Sara Sherman	b041c0aeb35bb0fa4aa668ca5a920b590196fdaf9a00eb852c9b7f4d123cc6d6	sarasherman347@email.com	+6288000099911	customer
46	Brittany Austin	b041c0aeb35bb0fa4aa668ca5a920b590196fdaf9a00eb852c9b7f4d123cc6d6	brittanyaustin841@email.com	+6255865337676	customer
47	Brent Khan	b041c0aeb35bb0fa4aa668ca5a920b590196fdaf9a00eb852c9b7f4d123cc6d6	brentkhan760@email.com	+6280085596970	customer
48	Paul Roberts	b041c0aeb35bb0fa4aa668ca5a920b590196fdaf9a00eb852c9b7f4d123cc6d6	paulroberts526@email.com	+6203578558802	customer
49	David Turner	b041c0aeb35bb0fa4aa668ca5a920b590196fdaf9a00eb852c9b7f4d123cc6d6	davidturner849@email.com	+6242989113584	customer
50	John Jefferson	b041c0aeb35bb0fa4aa668ca5a920b590196fdaf9a00eb852c9b7f4d123cc6d6	johnjefferson66@email.com	+6222179831622	customer
51	James Parks	b041c0aeb35bb0fa4aa668ca5a920b590196fdaf9a00eb852c9b7f4d123cc6d6	jamesparks950@email.com	+6267191382644	customer
52	Cole Wood	b041c0aeb35bb0fa4aa668ca5a920b590196fdaf9a00eb852c9b7f4d123cc6d6	colewood430@email.com	+6230155177517	customer
53	Andrew Lynch	b041c0aeb35bb0fa4aa668ca5a920b590196fdaf9a00eb852c9b7f4d123cc6d6	andrewlynch71@email.com	+6285886412531	customer
54	Krystal Coleman	b041c0aeb35bb0fa4aa668ca5a920b590196fdaf9a00eb852c9b7f4d123cc6d6	krystalcoleman197@email.com	+6283366169914	customer
55	Margaret Sanchez	b041c0aeb35bb0fa4aa668ca5a920b590196fdaf9a00eb852c9b7f4d123cc6d6	margaretsanchez159@email.com	+6236986281924	customer
56	Russell Ortiz	b041c0aeb35bb0fa4aa668ca5a920b590196fdaf9a00eb852c9b7f4d123cc6d6	russellortiz192@email.com	+6298215561994	customer
57	Gregory Reed	b041c0aeb35bb0fa4aa668ca5a920b590196fdaf9a00eb852c9b7f4d123cc6d6	gregoryreed518@email.com	+6238074031373	customer
58	Patrick Humphrey	b041c0aeb35bb0fa4aa668ca5a920b590196fdaf9a00eb852c9b7f4d123cc6d6	patrickhumphrey714@email.com	+6288917247983	customer
59	Michael Williams	b041c0aeb35bb0fa4aa668ca5a920b590196fdaf9a00eb852c9b7f4d123cc6d6	michaelwilliams124@email.com	+6298494572775	customer
60	Alexa Russell	b041c0aeb35bb0fa4aa668ca5a920b590196fdaf9a00eb852c9b7f4d123cc6d6	alexarussell984@email.com	+6294084792338	customer
61	Michael Moore	b041c0aeb35bb0fa4aa668ca5a920b590196fdaf9a00eb852c9b7f4d123cc6d6	michaelmoore955@email.com	+6220451790812	customer
62	Ashley Barry	b041c0aeb35bb0fa4aa668ca5a920b590196fdaf9a00eb852c9b7f4d123cc6d6	ashleybarry711@email.com	+6225619062992	customer
63	Darryl Taylor	b041c0aeb35bb0fa4aa668ca5a920b590196fdaf9a00eb852c9b7f4d123cc6d6	darryltaylor809@email.com	+6248001714227	customer
64	Brian Brown	b041c0aeb35bb0fa4aa668ca5a920b590196fdaf9a00eb852c9b7f4d123cc6d6	brianbrown71@email.com	+6278508534869	customer
65	Lisa Becker	b041c0aeb35bb0fa4aa668ca5a920b590196fdaf9a00eb852c9b7f4d123cc6d6	lisabecker990@email.com	+6250119561133	customer
66	Bryan Edwards	b041c0aeb35bb0fa4aa668ca5a920b590196fdaf9a00eb852c9b7f4d123cc6d6	bryanedwards792@email.com	+6251477966019	customer
67	Antonio Harrison DVM	b041c0aeb35bb0fa4aa668ca5a920b590196fdaf9a00eb852c9b7f4d123cc6d6	antonioharrisondvm994@email.com	+6254458203240	customer
68	Jordan Roman	b041c0aeb35bb0fa4aa668ca5a920b590196fdaf9a00eb852c9b7f4d123cc6d6	jordanroman315@email.com	+6212049314288	customer
69	Michelle Perez	b041c0aeb35bb0fa4aa668ca5a920b590196fdaf9a00eb852c9b7f4d123cc6d6	michelleperez369@email.com	+6240220729563	customer
70	Deanna Mckee	b041c0aeb35bb0fa4aa668ca5a920b590196fdaf9a00eb852c9b7f4d123cc6d6	deannamckee628@email.com	+6228084455515	customer
71	Nancy Mosley	b041c0aeb35bb0fa4aa668ca5a920b590196fdaf9a00eb852c9b7f4d123cc6d6	nancymosley389@email.com	+6227573808519	customer
72	Tina Williams	b041c0aeb35bb0fa4aa668ca5a920b590196fdaf9a00eb852c9b7f4d123cc6d6	tinawilliams345@email.com	+6258415133868	customer
73	Susan Middleton	b041c0aeb35bb0fa4aa668ca5a920b590196fdaf9a00eb852c9b7f4d123cc6d6	susanmiddleton852@email.com	+6283464629554	customer
74	Ronnie Patton	b041c0aeb35bb0fa4aa668ca5a920b590196fdaf9a00eb852c9b7f4d123cc6d6	ronniepatton13@email.com	+6223887286339	customer
75	Dr. Dana Ramirez	b041c0aeb35bb0fa4aa668ca5a920b590196fdaf9a00eb852c9b7f4d123cc6d6	dr.danaramirez650@email.com	+6220358255298	customer
76	Katherine Morrison	b041c0aeb35bb0fa4aa668ca5a920b590196fdaf9a00eb852c9b7f4d123cc6d6	katherinemorrison402@email.com	+6220938153440	customer
77	Jason Alexander	b041c0aeb35bb0fa4aa668ca5a920b590196fdaf9a00eb852c9b7f4d123cc6d6	jasonalexander735@email.com	+6280560496923	customer
78	David Mcbride	b041c0aeb35bb0fa4aa668ca5a920b590196fdaf9a00eb852c9b7f4d123cc6d6	davidmcbride329@email.com	+6270271399542	customer
79	Sarah Byrd	b041c0aeb35bb0fa4aa668ca5a920b590196fdaf9a00eb852c9b7f4d123cc6d6	sarahbyrd470@email.com	+6232585164874	customer
80	Michael Carney	b041c0aeb35bb0fa4aa668ca5a920b590196fdaf9a00eb852c9b7f4d123cc6d6	michaelcarney58@email.com	+6271185473285	customer
81	Richard Gutierrez	b041c0aeb35bb0fa4aa668ca5a920b590196fdaf9a00eb852c9b7f4d123cc6d6	richardgutierrez928@email.com	+6205736874152	customer
82	David Price	b041c0aeb35bb0fa4aa668ca5a920b590196fdaf9a00eb852c9b7f4d123cc6d6	davidprice9@email.com	+6235190132060	customer
83	Austin Richards	b041c0aeb35bb0fa4aa668ca5a920b590196fdaf9a00eb852c9b7f4d123cc6d6	austinrichards425@email.com	+6241640596307	customer
84	Christopher Martinez	b041c0aeb35bb0fa4aa668ca5a920b590196fdaf9a00eb852c9b7f4d123cc6d6	christophermartinez546@email.com	+6264755336635	customer
85	Rachel Kirby	b041c0aeb35bb0fa4aa668ca5a920b590196fdaf9a00eb852c9b7f4d123cc6d6	rachelkirby74@email.com	+6263723947968	customer
86	Samantha Sparks	b041c0aeb35bb0fa4aa668ca5a920b590196fdaf9a00eb852c9b7f4d123cc6d6	samanthasparks781@email.com	+6222143903573	customer
87	Jonathan King	b041c0aeb35bb0fa4aa668ca5a920b590196fdaf9a00eb852c9b7f4d123cc6d6	jonathanking922@email.com	+6207840920284	customer
88	Laura Johnson	b041c0aeb35bb0fa4aa668ca5a920b590196fdaf9a00eb852c9b7f4d123cc6d6	laurajohnson595@email.com	+6245770062812	customer
89	Jason Bonilla	b041c0aeb35bb0fa4aa668ca5a920b590196fdaf9a00eb852c9b7f4d123cc6d6	jasonbonilla805@email.com	+6208850739018	customer
90	Glenn Jones	b041c0aeb35bb0fa4aa668ca5a920b590196fdaf9a00eb852c9b7f4d123cc6d6	glennjones776@email.com	+6279741390928	customer
91	Danny Johnson	b041c0aeb35bb0fa4aa668ca5a920b590196fdaf9a00eb852c9b7f4d123cc6d6	dannyjohnson13@email.com	+6289314657547	customer
92	Anita Li	b041c0aeb35bb0fa4aa668ca5a920b590196fdaf9a00eb852c9b7f4d123cc6d6	anitali571@email.com	+6261902875008	customer
93	Victor Lucas	b041c0aeb35bb0fa4aa668ca5a920b590196fdaf9a00eb852c9b7f4d123cc6d6	victorlucas72@email.com	+6246677409711	customer
94	Steven Sanchez	b041c0aeb35bb0fa4aa668ca5a920b590196fdaf9a00eb852c9b7f4d123cc6d6	stevensanchez784@email.com	+6281304519418	customer
95	Jennifer Smith	b041c0aeb35bb0fa4aa668ca5a920b590196fdaf9a00eb852c9b7f4d123cc6d6	jennifersmith817@email.com	+6261147446872	customer
96	Jacob Allen	b041c0aeb35bb0fa4aa668ca5a920b590196fdaf9a00eb852c9b7f4d123cc6d6	jacoballen541@email.com	+6280942512463	customer
97	Victoria Melton	b041c0aeb35bb0fa4aa668ca5a920b590196fdaf9a00eb852c9b7f4d123cc6d6	victoriamelton538@email.com	+6230938003343	customer
98	Benjamin Roberts	b041c0aeb35bb0fa4aa668ca5a920b590196fdaf9a00eb852c9b7f4d123cc6d6	benjaminroberts199@email.com	+6295568585430	customer
99	Raymond Dunlap	b041c0aeb35bb0fa4aa668ca5a920b590196fdaf9a00eb852c9b7f4d123cc6d6	raymonddunlap996@email.com	+6238892026017	customer
100	David Graves	b041c0aeb35bb0fa4aa668ca5a920b590196fdaf9a00eb852c9b7f4d123cc6d6	davidgraves918@email.com	+6246169047519	customer
101	Christopher Lambert	b041c0aeb35bb0fa4aa668ca5a920b590196fdaf9a00eb852c9b7f4d123cc6d6	christopherlambert292@email.com	+6245718495463	customer
102	Marilyn Smith	b041c0aeb35bb0fa4aa668ca5a920b590196fdaf9a00eb852c9b7f4d123cc6d6	marilynsmith403@email.com	+6228053420345	customer
103	Vicki Jenkins	b041c0aeb35bb0fa4aa668ca5a920b590196fdaf9a00eb852c9b7f4d123cc6d6	vickijenkins684@email.com	+6228087400020	customer
104	Crystal Miles	b041c0aeb35bb0fa4aa668ca5a920b590196fdaf9a00eb852c9b7f4d123cc6d6	crystalmiles346@email.com	+6259592952730	customer
105	Shane Johnson	b041c0aeb35bb0fa4aa668ca5a920b590196fdaf9a00eb852c9b7f4d123cc6d6	shanejohnson121@email.com	+6289717095597	customer
106	Johnny Brown	b041c0aeb35bb0fa4aa668ca5a920b590196fdaf9a00eb852c9b7f4d123cc6d6	johnnybrown158@email.com	+6226770225365	customer
107	Matthew Rodriguez	b041c0aeb35bb0fa4aa668ca5a920b590196fdaf9a00eb852c9b7f4d123cc6d6	matthewrodriguez992@email.com	+6252415267561	customer
108	Tracey Montgomery	b041c0aeb35bb0fa4aa668ca5a920b590196fdaf9a00eb852c9b7f4d123cc6d6	traceymontgomery949@email.com	+6230507408725	customer
109	Sonia Lee	b041c0aeb35bb0fa4aa668ca5a920b590196fdaf9a00eb852c9b7f4d123cc6d6	sonialee757@email.com	+6262465105498	customer
110	Derek Wiley	b041c0aeb35bb0fa4aa668ca5a920b590196fdaf9a00eb852c9b7f4d123cc6d6	derekwiley81@email.com	+6276501302471	customer
111	Nicholas Guerrero	b041c0aeb35bb0fa4aa668ca5a920b590196fdaf9a00eb852c9b7f4d123cc6d6	nicholasguerrero766@email.com	+6252817338909	customer
112	Lauren Johnson	b041c0aeb35bb0fa4aa668ca5a920b590196fdaf9a00eb852c9b7f4d123cc6d6	laurenjohnson740@email.com	+6257848623371	customer
113	Patricia Hall	b041c0aeb35bb0fa4aa668ca5a920b590196fdaf9a00eb852c9b7f4d123cc6d6	patriciahall806@email.com	+6260474994215	customer
114	Monica Freeman	b041c0aeb35bb0fa4aa668ca5a920b590196fdaf9a00eb852c9b7f4d123cc6d6	monicafreeman840@email.com	+6297450377351	customer
115	Brandon Scott	b041c0aeb35bb0fa4aa668ca5a920b590196fdaf9a00eb852c9b7f4d123cc6d6	brandonscott968@email.com	+6261265940033	customer
116	Anna Cobb	b041c0aeb35bb0fa4aa668ca5a920b590196fdaf9a00eb852c9b7f4d123cc6d6	annacobb477@email.com	+6270368026310	customer
117	Kevin Williams	b041c0aeb35bb0fa4aa668ca5a920b590196fdaf9a00eb852c9b7f4d123cc6d6	kevinwilliams583@email.com	+6245145594094	customer
118	Todd Phelps	b041c0aeb35bb0fa4aa668ca5a920b590196fdaf9a00eb852c9b7f4d123cc6d6	toddphelps427@email.com	+6260836291192	customer
119	Gregory Collins	b041c0aeb35bb0fa4aa668ca5a920b590196fdaf9a00eb852c9b7f4d123cc6d6	gregorycollins699@email.com	+6210720954501	customer
120	Amy Nash	b041c0aeb35bb0fa4aa668ca5a920b590196fdaf9a00eb852c9b7f4d123cc6d6	amynash698@email.com	+6205237535281	customer
121	Monica Henson	b041c0aeb35bb0fa4aa668ca5a920b590196fdaf9a00eb852c9b7f4d123cc6d6	monicahenson79@email.com	+6242027738954	customer
122	Samantha Benjamin	b041c0aeb35bb0fa4aa668ca5a920b590196fdaf9a00eb852c9b7f4d123cc6d6	samanthabenjamin833@email.com	+6257072684050	customer
123	Robert Robinson	b041c0aeb35bb0fa4aa668ca5a920b590196fdaf9a00eb852c9b7f4d123cc6d6	robertrobinson369@email.com	+6278890914126	customer
124	Jonathan Flores	b041c0aeb35bb0fa4aa668ca5a920b590196fdaf9a00eb852c9b7f4d123cc6d6	jonathanflores599@email.com	+6269202455557	customer
125	Tiffany Gamble	b041c0aeb35bb0fa4aa668ca5a920b590196fdaf9a00eb852c9b7f4d123cc6d6	tiffanygamble847@email.com	+6278232454511	customer
126	Alexander Dickerson	b041c0aeb35bb0fa4aa668ca5a920b590196fdaf9a00eb852c9b7f4d123cc6d6	alexanderdickerson699@email.com	+6246099549312	customer
127	Amy Krueger	b041c0aeb35bb0fa4aa668ca5a920b590196fdaf9a00eb852c9b7f4d123cc6d6	amykrueger661@email.com	+6251163310989	customer
128	James Benson	b041c0aeb35bb0fa4aa668ca5a920b590196fdaf9a00eb852c9b7f4d123cc6d6	jamesbenson278@email.com	+6269531155577	customer
129	Julie Henry	b041c0aeb35bb0fa4aa668ca5a920b590196fdaf9a00eb852c9b7f4d123cc6d6	juliehenry357@email.com	+6255407347225	customer
130	Lawrence Smith	b041c0aeb35bb0fa4aa668ca5a920b590196fdaf9a00eb852c9b7f4d123cc6d6	lawrencesmith936@email.com	+6276813424297	customer
131	Hector Oneill	b041c0aeb35bb0fa4aa668ca5a920b590196fdaf9a00eb852c9b7f4d123cc6d6	hectoroneill739@email.com	+6298240388262	customer
132	Nicholas Smith	b041c0aeb35bb0fa4aa668ca5a920b590196fdaf9a00eb852c9b7f4d123cc6d6	nicholassmith517@email.com	+6257871946006	customer
133	Samuel Daniel	b041c0aeb35bb0fa4aa668ca5a920b590196fdaf9a00eb852c9b7f4d123cc6d6	samueldaniel534@email.com	+6238322582289	customer
134	Andrew Williams	b041c0aeb35bb0fa4aa668ca5a920b590196fdaf9a00eb852c9b7f4d123cc6d6	andrewwilliams174@email.com	+6233701863072	customer
135	Victoria Williams	b041c0aeb35bb0fa4aa668ca5a920b590196fdaf9a00eb852c9b7f4d123cc6d6	victoriawilliams81@email.com	+6215748947460	customer
136	Mason White	b041c0aeb35bb0fa4aa668ca5a920b590196fdaf9a00eb852c9b7f4d123cc6d6	masonwhite280@email.com	+6262717701503	customer
137	Timothy Hernandez	b041c0aeb35bb0fa4aa668ca5a920b590196fdaf9a00eb852c9b7f4d123cc6d6	timothyhernandez925@email.com	+6273004205111	customer
138	Kevin Thomas	b041c0aeb35bb0fa4aa668ca5a920b590196fdaf9a00eb852c9b7f4d123cc6d6	kevinthomas498@email.com	+6260648955926	customer
139	Kimberly Spencer	b041c0aeb35bb0fa4aa668ca5a920b590196fdaf9a00eb852c9b7f4d123cc6d6	kimberlyspencer81@email.com	+6260790008548	customer
140	Shannon Sanchez	b041c0aeb35bb0fa4aa668ca5a920b590196fdaf9a00eb852c9b7f4d123cc6d6	shannonsanchez474@email.com	+6293169109300	customer
141	Collin Fletcher	b041c0aeb35bb0fa4aa668ca5a920b590196fdaf9a00eb852c9b7f4d123cc6d6	collinfletcher746@email.com	+6239844057897	customer
142	Joy Newman	b041c0aeb35bb0fa4aa668ca5a920b590196fdaf9a00eb852c9b7f4d123cc6d6	joynewman596@email.com	+6209668864678	customer
143	Daniel Casey	b041c0aeb35bb0fa4aa668ca5a920b590196fdaf9a00eb852c9b7f4d123cc6d6	danielcasey55@email.com	+6289227630526	customer
144	Danielle Craig	b041c0aeb35bb0fa4aa668ca5a920b590196fdaf9a00eb852c9b7f4d123cc6d6	daniellecraig152@email.com	+6297527819632	customer
145	Rachel Galvan	b041c0aeb35bb0fa4aa668ca5a920b590196fdaf9a00eb852c9b7f4d123cc6d6	rachelgalvan706@email.com	+6298838333915	customer
146	Tyrone Lewis DDS	b041c0aeb35bb0fa4aa668ca5a920b590196fdaf9a00eb852c9b7f4d123cc6d6	tyronelewisdds223@email.com	+6259417698151	customer
147	Ruth Brown	b041c0aeb35bb0fa4aa668ca5a920b590196fdaf9a00eb852c9b7f4d123cc6d6	ruthbrown955@email.com	+6272989551407	customer
148	James Chapman	b041c0aeb35bb0fa4aa668ca5a920b590196fdaf9a00eb852c9b7f4d123cc6d6	jameschapman372@email.com	+6268430985726	customer
149	Abigail York	b041c0aeb35bb0fa4aa668ca5a920b590196fdaf9a00eb852c9b7f4d123cc6d6	abigailyork191@email.com	+6204483603079	customer
150	Leonard Oliver	b041c0aeb35bb0fa4aa668ca5a920b590196fdaf9a00eb852c9b7f4d123cc6d6	leonardoliver108@email.com	+6215996338624	customer
151	Brian Pearson	b041c0aeb35bb0fa4aa668ca5a920b590196fdaf9a00eb852c9b7f4d123cc6d6	brianpearson957@email.com	+6263741260018	customer
152	Katherine Nguyen	b041c0aeb35bb0fa4aa668ca5a920b590196fdaf9a00eb852c9b7f4d123cc6d6	katherinenguyen949@email.com	+6268133549633	customer
153	Catherine Lewis	b041c0aeb35bb0fa4aa668ca5a920b590196fdaf9a00eb852c9b7f4d123cc6d6	catherinelewis684@email.com	+6204526967456	customer
154	Michael Wise	b041c0aeb35bb0fa4aa668ca5a920b590196fdaf9a00eb852c9b7f4d123cc6d6	michaelwise533@email.com	+6213128905101	customer
155	Thomas Bell	b041c0aeb35bb0fa4aa668ca5a920b590196fdaf9a00eb852c9b7f4d123cc6d6	thomasbell902@email.com	+6282756181864	customer
156	Nicholas Chavez	b041c0aeb35bb0fa4aa668ca5a920b590196fdaf9a00eb852c9b7f4d123cc6d6	nicholaschavez933@email.com	+6298850093299	customer
157	Larry Reyes	b041c0aeb35bb0fa4aa668ca5a920b590196fdaf9a00eb852c9b7f4d123cc6d6	larryreyes367@email.com	+6288142666876	customer
158	Casey Thompson	b041c0aeb35bb0fa4aa668ca5a920b590196fdaf9a00eb852c9b7f4d123cc6d6	caseythompson323@email.com	+6220341476213	customer
159	Billy Collins	b041c0aeb35bb0fa4aa668ca5a920b590196fdaf9a00eb852c9b7f4d123cc6d6	billycollins68@email.com	+6298000134704	customer
160	Christina Wolf	b041c0aeb35bb0fa4aa668ca5a920b590196fdaf9a00eb852c9b7f4d123cc6d6	christinawolf860@email.com	+6208927890389	customer
161	Nathan Roberts	b041c0aeb35bb0fa4aa668ca5a920b590196fdaf9a00eb852c9b7f4d123cc6d6	nathanroberts85@email.com	+6296626011609	customer
162	Henry Williams	b041c0aeb35bb0fa4aa668ca5a920b590196fdaf9a00eb852c9b7f4d123cc6d6	henrywilliams880@email.com	+6262540701884	customer
163	George Smith	b041c0aeb35bb0fa4aa668ca5a920b590196fdaf9a00eb852c9b7f4d123cc6d6	georgesmith421@email.com	+6297921473572	customer
164	Mr. Lucas Harper	b041c0aeb35bb0fa4aa668ca5a920b590196fdaf9a00eb852c9b7f4d123cc6d6	mr.lucasharper305@email.com	+6290240783518	customer
165	Tristan Morris	b041c0aeb35bb0fa4aa668ca5a920b590196fdaf9a00eb852c9b7f4d123cc6d6	tristanmorris16@email.com	+6238802203031	customer
166	Steven Johnson	b041c0aeb35bb0fa4aa668ca5a920b590196fdaf9a00eb852c9b7f4d123cc6d6	stevenjohnson59@email.com	+6226208214989	customer
167	Jeremy Evans	b041c0aeb35bb0fa4aa668ca5a920b590196fdaf9a00eb852c9b7f4d123cc6d6	jeremyevans699@email.com	+6296353726382	customer
168	Samuel Baker	b041c0aeb35bb0fa4aa668ca5a920b590196fdaf9a00eb852c9b7f4d123cc6d6	samuelbaker150@email.com	+6201365244570	customer
169	Marcus Ward	b041c0aeb35bb0fa4aa668ca5a920b590196fdaf9a00eb852c9b7f4d123cc6d6	marcusward992@email.com	+6298417432146	customer
170	Eugene Meyer	b041c0aeb35bb0fa4aa668ca5a920b590196fdaf9a00eb852c9b7f4d123cc6d6	eugenemeyer201@email.com	+6249991980116	customer
171	Mrs. Donna Johnson DDS	b041c0aeb35bb0fa4aa668ca5a920b590196fdaf9a00eb852c9b7f4d123cc6d6	mrs.donnajohnsondds421@email.com	+6205918315608	customer
172	Donald Rivera	b041c0aeb35bb0fa4aa668ca5a920b590196fdaf9a00eb852c9b7f4d123cc6d6	donaldrivera570@email.com	+6290029003985	customer
173	Jon Leonard	b041c0aeb35bb0fa4aa668ca5a920b590196fdaf9a00eb852c9b7f4d123cc6d6	jonleonard634@email.com	+6274517516306	customer
174	Aaron Jones	b041c0aeb35bb0fa4aa668ca5a920b590196fdaf9a00eb852c9b7f4d123cc6d6	aaronjones616@email.com	+6239179328961	customer
175	Deborah Henry	b041c0aeb35bb0fa4aa668ca5a920b590196fdaf9a00eb852c9b7f4d123cc6d6	deborahhenry80@email.com	+6254158028140	customer
176	Kenneth Black	b041c0aeb35bb0fa4aa668ca5a920b590196fdaf9a00eb852c9b7f4d123cc6d6	kennethblack19@email.com	+6218170130050	customer
177	Justin Moore	b041c0aeb35bb0fa4aa668ca5a920b590196fdaf9a00eb852c9b7f4d123cc6d6	justinmoore199@email.com	+6242483772475	customer
178	Justin Marks	b041c0aeb35bb0fa4aa668ca5a920b590196fdaf9a00eb852c9b7f4d123cc6d6	justinmarks177@email.com	+6200696108203	customer
179	Larry Gross	b041c0aeb35bb0fa4aa668ca5a920b590196fdaf9a00eb852c9b7f4d123cc6d6	larrygross213@email.com	+6222700044983	customer
180	Keith Weeks	b041c0aeb35bb0fa4aa668ca5a920b590196fdaf9a00eb852c9b7f4d123cc6d6	keithweeks513@email.com	+6230323301209	customer
181	Holly Serrano	b041c0aeb35bb0fa4aa668ca5a920b590196fdaf9a00eb852c9b7f4d123cc6d6	hollyserrano695@email.com	+6245935215800	customer
182	John Nguyen	b041c0aeb35bb0fa4aa668ca5a920b590196fdaf9a00eb852c9b7f4d123cc6d6	johnnguyen117@email.com	+6201309305083	customer
183	Eric Bentley	b041c0aeb35bb0fa4aa668ca5a920b590196fdaf9a00eb852c9b7f4d123cc6d6	ericbentley277@email.com	+6223111223428	customer
184	Andrew Williams	b041c0aeb35bb0fa4aa668ca5a920b590196fdaf9a00eb852c9b7f4d123cc6d6	andrewwilliams898@email.com	+6276356518176	customer
185	Anna Baker	b041c0aeb35bb0fa4aa668ca5a920b590196fdaf9a00eb852c9b7f4d123cc6d6	annabaker470@email.com	+6230787036289	customer
186	Nicolas Watkins	b041c0aeb35bb0fa4aa668ca5a920b590196fdaf9a00eb852c9b7f4d123cc6d6	nicolaswatkins295@email.com	+6215101403666	customer
187	Mathew Lopez PhD	b041c0aeb35bb0fa4aa668ca5a920b590196fdaf9a00eb852c9b7f4d123cc6d6	mathewlopezphd646@email.com	+6234075305826	customer
188	Mrs. Andrea Morrison	b041c0aeb35bb0fa4aa668ca5a920b590196fdaf9a00eb852c9b7f4d123cc6d6	mrs.andreamorrison275@email.com	+6208775595712	customer
189	Anthony Mclaughlin	b041c0aeb35bb0fa4aa668ca5a920b590196fdaf9a00eb852c9b7f4d123cc6d6	anthonymclaughlin336@email.com	+6210599102575	customer
190	Deborah Turner	b041c0aeb35bb0fa4aa668ca5a920b590196fdaf9a00eb852c9b7f4d123cc6d6	deborahturner427@email.com	+6222388974675	customer
191	Joseph Potter	b041c0aeb35bb0fa4aa668ca5a920b590196fdaf9a00eb852c9b7f4d123cc6d6	josephpotter604@email.com	+6279035825062	customer
192	Christopher Patterson	b041c0aeb35bb0fa4aa668ca5a920b590196fdaf9a00eb852c9b7f4d123cc6d6	christopherpatterson709@email.com	+6215770909465	customer
193	Joann Cross	b041c0aeb35bb0fa4aa668ca5a920b590196fdaf9a00eb852c9b7f4d123cc6d6	joanncross464@email.com	+6289707615709	customer
194	Ronald King	b041c0aeb35bb0fa4aa668ca5a920b590196fdaf9a00eb852c9b7f4d123cc6d6	ronaldking812@email.com	+6243036713704	customer
195	Justin Gentry	b041c0aeb35bb0fa4aa668ca5a920b590196fdaf9a00eb852c9b7f4d123cc6d6	justingentry320@email.com	+6284509635602	customer
196	Kenneth Kelly	b041c0aeb35bb0fa4aa668ca5a920b590196fdaf9a00eb852c9b7f4d123cc6d6	kennethkelly83@email.com	+6292141926534	customer
197	Dawn Martin	b041c0aeb35bb0fa4aa668ca5a920b590196fdaf9a00eb852c9b7f4d123cc6d6	dawnmartin812@email.com	+6215847243445	customer
198	Susan Jones	b041c0aeb35bb0fa4aa668ca5a920b590196fdaf9a00eb852c9b7f4d123cc6d6	susanjones836@email.com	+6263773922845	customer
199	Samuel Cherry	b041c0aeb35bb0fa4aa668ca5a920b590196fdaf9a00eb852c9b7f4d123cc6d6	samuelcherry734@email.com	+6221612095785	customer
200	Robert Floyd	b041c0aeb35bb0fa4aa668ca5a920b590196fdaf9a00eb852c9b7f4d123cc6d6	robertfloyd496@email.com	+6243568090024	customer
\.


--
-- Data for Name: vouchers; Type: TABLE DATA; Schema: public; Owner: postgres
--

COPY public.vouchers (voucher_id, payment_id, customer_id, discount, expired_at, used) FROM stdin;
1	30	6	15	2025-09-30 10:21:08.399599	f
2	12	7	15	2025-10-14 10:21:08.402405	f
3	25	8	35	2025-10-21 10:21:08.402919	f
4	16	8	20	2025-10-11 10:21:08.402919	f
5	45	9	30	2025-11-10 10:21:08.402919	t
6	3	10	35	2025-10-22 10:21:08.403443	t
7	34	10	35	2025-10-22 10:21:08.403443	t
8	43	11	10	2025-11-07 10:21:08.403965	t
9	22	11	30	2025-11-14 10:21:08.403965	f
10	42	12	10	2025-11-16 10:21:08.403965	f
11	19	12	35	2025-09-17 10:21:08.403965	f
12	23	13	50	2025-11-02 10:21:08.404483	f
13	21	14	40	2025-09-11 10:21:08.404483	f
14	17	15	35	2025-11-07 10:21:08.405	t
15	42	15	15	2025-11-28 10:21:08.405	f
16	28	16	10	2025-11-22 10:21:08.405	f
17	34	17	5	2025-10-12 10:21:08.405434	t
18	40	18	50	2025-11-07 10:21:08.405434	t
19	39	19	50	2025-12-02 10:21:08.405434	t
20	20	20	25	2025-11-18 10:21:08.405952	t
21	48	21	35	2025-11-18 10:21:08.405952	f
22	41	21	25	2025-11-15 10:21:08.405952	f
23	3	22	10	2025-09-17 10:21:08.40647	f
24	29	23	40	2025-11-07 10:21:08.40647	f
25	18	24	30	2025-10-09 10:21:08.40647	f
26	12	24	40	2025-11-18 10:21:08.407007	f
27	31	25	15	2025-10-17 10:21:08.407007	f
28	43	25	40	2025-11-02 10:21:08.40753	f
29	30	26	40	2025-10-24 10:21:08.40753	f
30	38	26	35	2025-10-28 10:21:08.40753	f
31	15	27	50	2025-10-23 10:21:08.40753	f
32	1	27	5	2025-10-17 10:21:08.408049	f
33	6	28	10	2025-10-31 10:21:08.408049	f
34	6	28	10	2025-11-17 10:21:08.408049	f
35	11	29	5	2025-09-24 10:21:08.408571	f
36	46	29	20	2025-10-18 10:21:08.408571	f
37	49	30	15	2025-09-15 10:21:08.409088	f
38	9	31	30	2025-10-04 10:21:08.409088	t
39	5	32	15	2025-11-05 10:21:08.409088	f
40	47	33	20	2025-09-30 10:21:08.409088	t
41	15	33	20	2025-11-26 10:21:08.409607	f
42	8	34	15	2025-10-16 10:21:08.410572	f
43	7	34	35	2025-10-27 10:21:08.410572	f
44	28	35	10	2025-11-19 10:21:08.411096	f
45	22	36	20	2025-11-20 10:21:08.411096	f
46	34	36	15	2025-09-29 10:21:08.411096	t
47	4	37	25	2025-10-03 10:21:08.411625	t
48	37	37	35	2025-10-17 10:21:08.411625	f
49	44	38	15	2025-11-30 10:21:08.411625	f
50	24	38	30	2025-11-25 10:21:08.411625	f
51	42	39	50	2025-11-02 10:21:08.411625	f
52	29	39	5	2025-11-11 10:21:08.41214	f
53	38	40	10	2025-11-27 10:21:08.41214	f
54	5	40	10	2025-10-08 10:21:08.41214	t
55	11	41	15	2025-11-04 10:21:08.41214	t
56	15	41	5	2025-09-22 10:21:08.41265	f
57	1	42	50	2025-11-09 10:21:08.41265	t
58	50	42	25	2025-11-07 10:21:08.41265	t
59	45	43	20	2025-12-05 10:21:08.413166	f
60	36	44	30	2025-11-18 10:21:08.413166	t
61	10	45	15	2025-10-24 10:21:08.413166	t
62	45	46	50	2025-10-04 10:21:08.413705	f
63	50	46	20	2025-09-15 10:21:08.413705	f
64	5	47	40	2025-11-30 10:21:08.413705	f
65	42	48	50	2025-12-04 10:21:08.413705	t
66	47	49	50	2025-09-23 10:21:08.414224	f
67	17	49	25	2025-10-31 10:21:08.414224	f
68	2	50	25	2025-10-30 10:21:08.414224	t
69	50	50	30	2025-11-07 10:21:08.414224	t
70	22	51	20	2025-10-23 10:21:08.414742	f
71	46	52	40	2025-10-05 10:21:08.414742	f
72	43	52	40	2025-11-30 10:21:08.414742	f
73	22	53	40	2025-11-17 10:21:08.414742	f
74	18	53	25	2025-11-30 10:21:08.415263	f
75	27	54	15	2025-11-04 10:21:08.415263	f
76	23	54	20	2025-11-14 10:21:08.415263	f
77	43	55	10	2025-11-30 10:21:08.415263	f
78	38	55	40	2025-09-28 10:21:08.415781	t
79	35	56	5	2025-09-15 10:21:08.415781	f
80	25	57	35	2025-09-16 10:21:08.415781	f
81	25	58	40	2025-09-20 10:21:08.416317	f
82	14	58	20	2025-09-22 10:21:08.416317	t
83	37	59	40	2025-11-25 10:21:08.416317	f
84	48	59	15	2025-11-20 10:21:08.416839	f
85	3	60	40	2025-11-21 10:21:08.416839	t
86	50	61	40	2025-10-13 10:21:08.416839	t
87	25	61	20	2025-09-13 10:21:08.416839	f
88	45	62	30	2025-11-10 10:21:08.416839	f
89	28	63	35	2025-10-12 10:21:08.417357	f
90	29	64	50	2025-12-04 10:21:08.418105	f
91	25	65	15	2025-10-16 10:21:08.418105	t
92	7	65	10	2025-10-04 10:21:08.418624	f
93	11	66	35	2025-12-07 10:21:08.418624	f
94	20	67	50	2025-09-20 10:21:08.418624	t
95	24	68	25	2025-09-12 10:21:08.418624	f
96	47	69	25	2025-09-18 10:21:08.419142	f
97	19	70	15	2025-10-09 10:21:08.419142	t
98	48	71	35	2025-10-02 10:21:08.419142	t
99	49	72	35	2025-09-29 10:21:08.419656	t
100	19	72	20	2025-11-20 10:21:08.419656	f
101	1	73	15	2025-11-24 10:21:08.419656	t
102	39	73	5	2025-11-09 10:21:08.419656	f
103	42	74	30	2025-10-14 10:21:08.420179	f
104	26	75	30	2025-09-30 10:21:08.420179	t
105	14	75	35	2025-11-04 10:21:08.420179	t
106	23	76	40	2025-11-23 10:21:08.420179	f
107	1	77	15	2025-10-13 10:21:08.420179	f
108	40	78	15	2025-11-15 10:21:08.420697	t
109	14	79	5	2025-12-02 10:21:08.420697	f
110	45	79	40	2025-11-13 10:21:08.420697	f
111	40	80	40	2025-10-16 10:21:08.420697	f
112	41	80	50	2025-10-07 10:21:08.420697	f
113	2	81	40	2025-10-26 10:21:08.420697	f
114	37	81	15	2025-11-22 10:21:08.421228	f
115	33	82	25	2025-10-20 10:21:08.421228	f
116	32	83	25	2025-09-18 10:21:08.421228	f
117	37	83	30	2025-11-22 10:21:08.421228	f
118	18	84	40	2025-09-28 10:21:08.421702	t
119	23	85	20	2025-11-02 10:21:08.422222	t
120	23	85	30	2025-10-28 10:21:08.422222	t
121	33	86	20	2025-11-18 10:21:08.422756	f
122	29	87	20	2025-12-04 10:21:08.422756	f
123	6	87	25	2025-10-16 10:21:08.422756	t
124	33	88	25	2025-11-06 10:21:08.422756	f
125	5	88	20	2025-11-22 10:21:08.423267	f
126	23	89	35	2025-10-28 10:21:08.423267	f
127	43	89	50	2025-11-19 10:21:08.423267	t
128	40	90	35	2025-10-06 10:21:08.423781	f
129	28	91	20	2025-10-16 10:21:08.423781	f
130	33	92	35	2025-11-18 10:21:08.423781	f
131	38	93	15	2025-11-17 10:21:08.423781	f
132	38	93	30	2025-12-03 10:21:08.424295	f
133	30	94	20	2025-11-01 10:21:08.424295	f
134	33	94	20	2025-09-21 10:21:08.424824	f
135	5	95	10	2025-10-19 10:21:08.424824	f
136	3	95	20	2025-11-03 10:21:08.424824	f
137	13	96	50	2025-10-09 10:21:08.42537	f
138	5	97	10	2025-10-20 10:21:08.426201	t
139	16	98	25	2025-10-28 10:21:08.426201	t
140	2	99	30	2025-10-16 10:21:08.426201	f
141	50	100	20	2025-12-08 10:21:08.426715	f
142	39	100	40	2025-11-11 10:21:08.426715	t
143	10	101	30	2025-12-03 10:21:08.426715	t
144	25	101	50	2025-10-16 10:21:08.426715	f
145	5	102	25	2025-11-27 10:21:08.427229	f
146	26	102	20	2025-09-30 10:21:08.427229	t
147	49	103	15	2025-09-17 10:21:08.427229	f
148	38	103	30	2025-11-05 10:21:08.427229	f
149	17	104	25	2025-10-04 10:21:08.427229	f
150	27	105	30	2025-09-20 10:21:08.427229	f
151	13	105	25	2025-09-29 10:21:08.427767	t
152	14	106	40	2025-11-14 10:21:08.427767	f
153	20	106	20	2025-10-28 10:21:08.427767	f
154	29	107	50	2025-11-02 10:21:08.427767	f
155	21	107	10	2025-10-16 10:21:08.427767	f
156	15	108	10	2025-11-06 10:21:08.42829	t
157	14	108	25	2025-11-16 10:21:08.42829	f
158	13	109	10	2025-11-26 10:21:08.42829	f
159	19	109	35	2025-10-01 10:21:08.42829	f
160	39	110	50	2025-10-14 10:21:08.42829	f
161	11	111	35	2025-10-21 10:21:08.428841	f
162	32	112	10	2025-10-31 10:21:08.428841	t
163	41	112	30	2025-11-07 10:21:08.429353	f
164	38	113	5	2025-11-16 10:21:08.429353	f
165	49	114	50	2025-10-01 10:21:08.42988	f
166	1	115	35	2025-11-11 10:21:08.42988	f
167	29	115	50	2025-10-13 10:21:08.42988	t
168	47	116	40	2025-12-04 10:21:08.42988	f
169	30	117	50	2025-10-28 10:21:08.42988	f
170	6	117	50	2025-12-03 10:21:08.42988	f
171	37	118	30	2025-11-29 10:21:08.430887	t
172	24	119	35	2025-09-25 10:21:08.430887	t
173	37	120	5	2025-11-19 10:21:08.430887	f
174	28	120	30	2025-09-18 10:21:08.430887	t
175	43	121	50	2025-11-20 10:21:08.430887	f
176	9	121	10	2025-11-04 10:21:08.430887	f
177	25	122	25	2025-10-06 10:21:08.430887	f
178	8	122	40	2025-09-30 10:21:08.430887	f
179	13	123	20	2025-11-15 10:21:08.430887	f
180	35	123	50	2025-12-05 10:21:08.430887	f
181	31	124	50	2025-11-18 10:21:08.430887	f
182	21	125	5	2025-11-28 10:21:08.430887	f
183	12	126	40	2025-10-03 10:21:08.430887	f
184	7	127	20	2025-09-29 10:21:08.432938	t
185	30	128	20	2025-10-31 10:21:08.432938	f
186	45	129	40	2025-12-02 10:21:08.432938	t
187	18	129	20	2025-09-24 10:21:08.432938	t
188	13	130	35	2025-10-05 10:21:08.432938	f
189	7	130	40	2025-10-14 10:21:08.432938	t
190	20	131	25	2025-09-26 10:21:08.432938	t
191	19	132	15	2025-10-23 10:21:08.432938	f
192	4	133	35	2025-11-06 10:21:08.432938	f
193	19	133	30	2025-10-17 10:21:08.432938	f
194	38	134	40	2025-11-09 10:21:08.434215	t
195	14	135	10	2025-09-16 10:21:08.434215	f
196	41	135	20	2025-09-24 10:21:08.434215	f
197	24	136	35	2025-09-17 10:21:08.434215	f
198	26	137	50	2025-10-14 10:21:08.434215	t
199	7	137	10	2025-11-23 10:21:08.434215	t
200	3	138	40	2025-11-15 10:21:08.434215	f
201	47	139	5	2025-10-05 10:21:08.435222	f
202	13	140	5	2025-09-23 10:21:08.435222	t
203	29	141	50	2025-09-21 10:21:08.435222	f
204	10	142	20	2025-11-25 10:21:08.435222	f
205	47	143	25	2025-10-15 10:21:08.435222	t
206	10	144	30	2025-11-20 10:21:08.435222	t
207	39	145	25	2025-10-11 10:21:08.435222	f
208	49	145	30	2025-10-02 10:21:08.436221	f
209	6	146	50	2025-11-22 10:21:08.436221	f
210	20	147	5	2025-11-29 10:21:08.436221	f
211	4	147	40	2025-10-11 10:21:08.436221	f
212	48	148	40	2025-11-03 10:21:08.436221	f
213	32	149	25	2025-09-30 10:21:08.436221	t
214	38	149	20	2025-10-25 10:21:08.436221	t
215	17	150	15	2025-12-03 10:21:08.436221	f
216	36	150	10	2025-10-15 10:21:08.436221	f
217	8	151	5	2025-10-06 10:21:08.437221	t
218	45	151	25	2025-09-20 10:21:08.437221	f
219	2	152	10	2025-12-03 10:21:08.437221	f
220	3	152	25	2025-09-29 10:21:08.437221	f
221	36	153	20	2025-11-01 10:21:08.437221	t
222	4	153	30	2025-11-24 10:21:08.437221	f
223	14	154	20	2025-10-08 10:21:08.437221	t
224	11	155	50	2025-10-24 10:21:08.438072	f
225	4	156	30	2025-09-27 10:21:08.438072	f
226	20	156	5	2025-10-31 10:21:08.438072	t
227	23	157	10	2025-10-07 10:21:08.438072	f
228	16	157	15	2025-11-11 10:21:08.438072	f
229	37	158	30	2025-10-08 10:21:08.438072	t
230	4	159	15	2025-09-19 10:21:08.438072	f
231	43	159	5	2025-09-29 10:21:08.438072	f
232	7	160	20	2025-10-10 10:21:08.438072	f
233	27	160	35	2025-09-10 10:21:08.438072	f
234	14	161	30	2025-09-30 10:21:08.438072	f
235	17	161	35	2025-11-21 10:21:08.438072	f
236	37	162	15	2025-11-30 10:21:08.438072	t
237	37	163	30	2025-11-08 10:21:08.438072	f
238	29	163	15	2025-10-09 10:21:08.438072	t
239	50	164	35	2025-09-26 10:21:08.438072	f
240	7	164	50	2025-10-04 10:21:08.438072	t
241	48	165	25	2025-10-10 10:21:08.438072	f
242	47	166	10	2025-09-26 10:21:08.438072	f
243	11	166	50	2025-11-10 10:21:08.438072	t
244	37	167	50	2025-11-30 10:21:08.438072	f
245	39	168	35	2025-10-19 10:21:08.438072	f
246	43	168	40	2025-10-26 10:21:08.438072	f
247	8	169	15	2025-10-22 10:21:08.438072	t
248	50	169	40	2025-11-08 10:21:08.438072	f
249	4	170	50	2025-11-13 10:21:08.438072	t
250	5	170	50	2025-11-20 10:21:08.438072	f
251	1	171	25	2025-10-03 10:21:08.438072	f
252	3	171	15	2025-11-02 10:21:08.438072	f
253	37	172	35	2025-10-02 10:21:08.438072	t
254	25	173	10	2025-09-18 10:21:08.438072	f
255	33	174	20	2025-09-15 10:21:08.438072	t
256	39	175	25	2025-09-19 10:21:08.438072	f
257	31	175	20	2025-09-13 10:21:08.438072	f
258	30	176	35	2025-11-17 10:21:08.438072	f
259	27	176	40	2025-10-01 10:21:08.438072	t
260	25	177	15	2025-09-12 10:21:08.438072	f
261	24	178	40	2025-10-03 10:21:08.438072	f
262	27	179	15	2025-11-29 10:21:08.438072	t
263	50	179	40	2025-11-03 10:21:08.443098	f
264	10	180	10	2025-10-24 10:21:08.443098	t
265	17	180	20	2025-12-06 10:21:08.443098	t
266	26	181	25	2025-11-17 10:21:08.443098	f
267	7	182	30	2025-11-27 10:21:08.443098	f
268	12	183	20	2025-09-28 10:21:08.443098	t
269	38	183	25	2025-12-02 10:21:08.443098	f
270	1	184	15	2025-11-23 10:21:08.443098	f
271	6	185	40	2025-11-03 10:21:08.443098	f
272	28	185	5	2025-11-06 10:21:08.443098	f
273	19	186	5	2025-11-28 10:21:08.443098	f
274	32	187	40	2025-11-15 10:21:08.443098	f
275	19	188	35	2025-09-21 10:21:08.443098	f
276	27	189	5	2025-12-03 10:21:08.443098	f
277	38	189	5	2025-10-10 10:21:08.443098	t
278	25	190	15	2025-11-13 10:21:08.443098	f
279	27	190	10	2025-11-30 10:21:08.443098	t
280	42	191	15	2025-10-09 10:21:08.443098	f
281	44	191	50	2025-11-05 10:21:08.443098	t
282	19	192	5	2025-11-07 10:21:08.443098	t
283	44	193	10	2025-10-09 10:21:08.443098	f
284	45	193	20	2025-10-30 10:21:08.445779	f
285	42	194	25	2025-11-09 10:21:08.445779	t
286	25	195	30	2025-10-03 10:21:08.445779	f
287	36	196	15	2025-10-01 10:21:08.445779	f
288	28	196	10	2025-11-23 10:21:08.445779	t
289	2	197	35	2025-10-20 10:21:08.445779	f
290	27	197	20	2025-09-11 10:21:08.445779	t
291	30	198	5	2025-11-11 10:21:08.445779	f
292	50	199	25	2025-11-10 10:21:08.445779	f
293	40	200	10	2025-09-25 10:21:08.445779	f
\.


--
-- Name: coachavailability_coach_availability_id_seq; Type: SEQUENCE SET; Schema: public; Owner: postgres
--

SELECT pg_catalog.setval('public.coachavailability_coach_availability_id_seq', 300, true);


--
-- Name: coaches_coach_id_seq; Type: SEQUENCE SET; Schema: public; Owner: postgres
--

SELECT pg_catalog.setval('public.coaches_coach_id_seq', 15, true);


--
-- Name: fieldbookingdetail_field_booking_detail_id_seq; Type: SEQUENCE SET; Schema: public; Owner: postgres
--

SELECT pg_catalog.setval('public.fieldbookingdetail_field_booking_detail_id_seq', 87, true);


--
-- Name: fields_field_id_seq; Type: SEQUENCE SET; Schema: public; Owner: postgres
--

SELECT pg_catalog.setval('public.fields_field_id_seq', 15, true);


--
-- Name: groupcourseorder_group_course_order_id_seq; Type: SEQUENCE SET; Schema: public; Owner: postgres
--

SELECT pg_catalog.setval('public.groupcourseorder_group_course_order_id_seq', 30, true);


--
-- Name: groupcourseorderdetail_group_course_order_detail_id_seq; Type: SEQUENCE SET; Schema: public; Owner: postgres
--

SELECT pg_catalog.setval('public.groupcourseorderdetail_group_course_order_detail_id_seq', 30, true);


--
-- Name: groupcourses_course_id_seq; Type: SEQUENCE SET; Schema: public; Owner: postgres
--

SELECT pg_catalog.setval('public.groupcourses_course_id_seq', 50, true);


--
-- Name: payments_payment_id_seq; Type: SEQUENCE SET; Schema: public; Owner: postgres
--

SELECT pg_catalog.setval('public.payments_payment_id_seq', 50, true);


--
-- Name: privatecourseorder_private_course_order_id_seq; Type: SEQUENCE SET; Schema: public; Owner: postgres
--

SELECT pg_catalog.setval('public.privatecourseorder_private_course_order_id_seq', 40, true);


--
-- Name: privatecourseorderdetail_private_course_order_detail_id_seq; Type: SEQUENCE SET; Schema: public; Owner: postgres
--

SELECT pg_catalog.setval('public.privatecourseorderdetail_private_course_order_detail_id_seq', 40, true);


--
-- Name: users_user_id_seq; Type: SEQUENCE SET; Schema: public; Owner: postgres
--

SELECT pg_catalog.setval('public.users_user_id_seq', 200, true);


--
-- Name: vouchers_voucher_id_seq; Type: SEQUENCE SET; Schema: public; Owner: postgres
--

SELECT pg_catalog.setval('public.vouchers_voucher_id_seq', 293, true);


--
-- Name: coachavailability coachavailability_pkey; Type: CONSTRAINT; Schema: public; Owner: postgres
--

ALTER TABLE ONLY public.coachavailability
    ADD CONSTRAINT coachavailability_pkey PRIMARY KEY (coach_availability_id);


--
-- Name: coaches coaches_pkey; Type: CONSTRAINT; Schema: public; Owner: postgres
--

ALTER TABLE ONLY public.coaches
    ADD CONSTRAINT coaches_pkey PRIMARY KEY (coach_id);


--
-- Name: fieldbookingdetail fieldbookingdetail_pkey; Type: CONSTRAINT; Schema: public; Owner: postgres
--

ALTER TABLE ONLY public.fieldbookingdetail
    ADD CONSTRAINT fieldbookingdetail_pkey PRIMARY KEY (field_booking_detail_id);


--
-- Name: fields fields_pkey; Type: CONSTRAINT; Schema: public; Owner: postgres
--

ALTER TABLE ONLY public.fields
    ADD CONSTRAINT fields_pkey PRIMARY KEY (field_id);


--
-- Name: groupcourseorder groupcourseorder_pkey; Type: CONSTRAINT; Schema: public; Owner: postgres
--

ALTER TABLE ONLY public.groupcourseorder
    ADD CONSTRAINT groupcourseorder_pkey PRIMARY KEY (group_course_order_id);


--
-- Name: groupcourseorderdetail groupcourseorderdetail_pkey; Type: CONSTRAINT; Schema: public; Owner: postgres
--

ALTER TABLE ONLY public.groupcourseorderdetail
    ADD CONSTRAINT groupcourseorderdetail_pkey PRIMARY KEY (group_course_order_detail_id);


--
-- Name: groupcourses groupcourses_pkey; Type: CONSTRAINT; Schema: public; Owner: postgres
--

ALTER TABLE ONLY public.groupcourses
    ADD CONSTRAINT groupcourses_pkey PRIMARY KEY (course_id);


--
-- Name: payments payments_pkey; Type: CONSTRAINT; Schema: public; Owner: postgres
--

ALTER TABLE ONLY public.payments
    ADD CONSTRAINT payments_pkey PRIMARY KEY (payment_id);


--
-- Name: privatecourseorder privatecourseorder_pkey; Type: CONSTRAINT; Schema: public; Owner: postgres
--

ALTER TABLE ONLY public.privatecourseorder
    ADD CONSTRAINT privatecourseorder_pkey PRIMARY KEY (private_course_order_id);


--
-- Name: privatecourseorderdetail privatecourseorderdetail_pkey; Type: CONSTRAINT; Schema: public; Owner: postgres
--

ALTER TABLE ONLY public.privatecourseorderdetail
    ADD CONSTRAINT privatecourseorderdetail_pkey PRIMARY KEY (private_course_order_detail_id);


--
-- Name: users users_email_key; Type: CONSTRAINT; Schema: public; Owner: postgres
--

ALTER TABLE ONLY public.users
    ADD CONSTRAINT users_email_key UNIQUE (email);


--
-- Name: users users_pkey; Type: CONSTRAINT; Schema: public; Owner: postgres
--

ALTER TABLE ONLY public.users
    ADD CONSTRAINT users_pkey PRIMARY KEY (user_id);


--
-- Name: vouchers vouchers_pkey; Type: CONSTRAINT; Schema: public; Owner: postgres
--

ALTER TABLE ONLY public.vouchers
    ADD CONSTRAINT vouchers_pkey PRIMARY KEY (voucher_id);


--
-- Name: groupcourseorderdetail check_course_quota_trigger; Type: TRIGGER; Schema: public; Owner: postgres
--

CREATE TRIGGER check_course_quota_trigger BEFORE INSERT OR UPDATE ON public.groupcourseorderdetail FOR EACH ROW EXECUTE FUNCTION public.check_course_quota();


--
-- Name: coachavailability prevent_coach_double_booking_trigger; Type: TRIGGER; Schema: public; Owner: postgres
--

CREATE TRIGGER prevent_coach_double_booking_trigger BEFORE INSERT OR UPDATE ON public.coachavailability FOR EACH ROW EXECUTE FUNCTION public.check_coach_double_booking();


--
-- Name: groupcourses prevent_double_booking; Type: TRIGGER; Schema: public; Owner: postgres
--

CREATE TRIGGER prevent_double_booking BEFORE INSERT OR UPDATE ON public.groupcourses FOR EACH ROW EXECUTE FUNCTION public.check_field_availability();


--
-- Name: coachavailability coachavailability_coach_id_fkey; Type: FK CONSTRAINT; Schema: public; Owner: postgres
--

ALTER TABLE ONLY public.coachavailability
    ADD CONSTRAINT coachavailability_coach_id_fkey FOREIGN KEY (coach_id) REFERENCES public.coaches(coach_id) ON DELETE CASCADE;


--
-- Name: fieldbookingdetail fieldbookingdetail_field_id_fkey; Type: FK CONSTRAINT; Schema: public; Owner: postgres
--

ALTER TABLE ONLY public.fieldbookingdetail
    ADD CONSTRAINT fieldbookingdetail_field_id_fkey FOREIGN KEY (field_id) REFERENCES public.fields(field_id) ON DELETE CASCADE;


--
-- Name: groupcourseorder groupcourseorder_customer_id_fkey; Type: FK CONSTRAINT; Schema: public; Owner: postgres
--

ALTER TABLE ONLY public.groupcourseorder
    ADD CONSTRAINT groupcourseorder_customer_id_fkey FOREIGN KEY (customer_id) REFERENCES public.users(user_id) ON DELETE CASCADE;


--
-- Name: groupcourseorder groupcourseorder_payment_id_fkey; Type: FK CONSTRAINT; Schema: public; Owner: postgres
--

ALTER TABLE ONLY public.groupcourseorder
    ADD CONSTRAINT groupcourseorder_payment_id_fkey FOREIGN KEY (payment_id) REFERENCES public.payments(payment_id) ON DELETE CASCADE;


--
-- Name: groupcourseorderdetail groupcourseorderdetail_course_id_fkey; Type: FK CONSTRAINT; Schema: public; Owner: postgres
--

ALTER TABLE ONLY public.groupcourseorderdetail
    ADD CONSTRAINT groupcourseorderdetail_course_id_fkey FOREIGN KEY (course_id) REFERENCES public.groupcourses(course_id) ON DELETE CASCADE;


--
-- Name: groupcourseorderdetail groupcourseorderdetail_group_course_order_id_fkey; Type: FK CONSTRAINT; Schema: public; Owner: postgres
--

ALTER TABLE ONLY public.groupcourseorderdetail
    ADD CONSTRAINT groupcourseorderdetail_group_course_order_id_fkey FOREIGN KEY (group_course_order_id) REFERENCES public.groupcourseorder(group_course_order_id) ON DELETE CASCADE;


--
-- Name: groupcourses groupcourses_coach_id_fkey; Type: FK CONSTRAINT; Schema: public; Owner: postgres
--

ALTER TABLE ONLY public.groupcourses
    ADD CONSTRAINT groupcourses_coach_id_fkey FOREIGN KEY (coach_id) REFERENCES public.coaches(coach_id) ON DELETE SET NULL;


--
-- Name: groupcourses groupcourses_field_id_fkey; Type: FK CONSTRAINT; Schema: public; Owner: postgres
--

ALTER TABLE ONLY public.groupcourses
    ADD CONSTRAINT groupcourses_field_id_fkey FOREIGN KEY (field_id) REFERENCES public.fields(field_id) ON DELETE SET NULL;


--
-- Name: privatecourseorder privatecourseorder_customer_id_fkey; Type: FK CONSTRAINT; Schema: public; Owner: postgres
--

ALTER TABLE ONLY public.privatecourseorder
    ADD CONSTRAINT privatecourseorder_customer_id_fkey FOREIGN KEY (customer_id) REFERENCES public.users(user_id) ON DELETE CASCADE;


--
-- Name: privatecourseorder privatecourseorder_payment_id_fkey; Type: FK CONSTRAINT; Schema: public; Owner: postgres
--

ALTER TABLE ONLY public.privatecourseorder
    ADD CONSTRAINT privatecourseorder_payment_id_fkey FOREIGN KEY (payment_id) REFERENCES public.payments(payment_id) ON DELETE CASCADE;


--
-- Name: privatecourseorderdetail privatecourseorderdetail_coach_availability_id_fkey; Type: FK CONSTRAINT; Schema: public; Owner: postgres
--

ALTER TABLE ONLY public.privatecourseorderdetail
    ADD CONSTRAINT privatecourseorderdetail_coach_availability_id_fkey FOREIGN KEY (coach_availability_id) REFERENCES public.coachavailability(coach_availability_id) ON DELETE CASCADE;


--
-- Name: privatecourseorderdetail privatecourseorderdetail_private_course_order_id_fkey; Type: FK CONSTRAINT; Schema: public; Owner: postgres
--

ALTER TABLE ONLY public.privatecourseorderdetail
    ADD CONSTRAINT privatecourseorderdetail_private_course_order_id_fkey FOREIGN KEY (private_course_order_id) REFERENCES public.privatecourseorder(private_course_order_id) ON DELETE CASCADE;


--
-- Name: vouchers vouchers_customer_id_fkey; Type: FK CONSTRAINT; Schema: public; Owner: postgres
--

ALTER TABLE ONLY public.vouchers
    ADD CONSTRAINT vouchers_customer_id_fkey FOREIGN KEY (customer_id) REFERENCES public.users(user_id) ON DELETE CASCADE;


--
-- Name: vouchers vouchers_payment_id_fkey; Type: FK CONSTRAINT; Schema: public; Owner: postgres
--

ALTER TABLE ONLY public.vouchers
    ADD CONSTRAINT vouchers_payment_id_fkey FOREIGN KEY (payment_id) REFERENCES public.payments(payment_id) ON DELETE CASCADE;


--
-- PostgreSQL database dump complete
--

