--
-- PostgreSQL database dump
--

-- Dumped from database version 16.3
-- Dumped by pg_dump version 16.3

SET statement_timeout = 0;
SET lock_timeout = 0;
SET idle_in_transaction_session_timeout = 0;
SET client_encoding = 'UTF8';
SET standard_conforming_strings = on;
SELECT pg_catalog.set_config('search_path', '', false);
SET check_function_bodies = false;
SET xmloption = content;
SET client_min_messages = warning;
SET row_security = off;

--
-- Name: payment_status_type; Type: TYPE; Schema: public; Owner: postgres
--

CREATE TYPE public.payment_status_type AS ENUM (
    'waiting',
    'accepted',
    'rejected'
);


ALTER TYPE public.payment_status_type OWNER TO postgres;

--
-- Name: sport_type; Type: TYPE; Schema: public; Owner: postgres
--

CREATE TYPE public.sport_type AS ENUM (
    'tennis',
    'pickleball',
    'padel'
);


ALTER TYPE public.sport_type OWNER TO postgres;

--
-- Name: user_type; Type: TYPE; Schema: public; Owner: postgres
--

CREATE TYPE public.user_type AS ENUM (
    'admin',
    'customer'
);


ALTER TYPE public.user_type OWNER TO postgres;

--
-- Name: check_coach_double_booking(); Type: FUNCTION; Schema: public; Owner: postgres
--

CREATE FUNCTION public.check_coach_double_booking() RETURNS trigger
    LANGUAGE plpgsql
    AS $$
BEGIN
    IF EXISTS (
        SELECT 1
        FROM coachavailability
        WHERE
            coach_id = NEW.coach_id AND
            date = NEW.date AND
            hour = NEW.hour AND
            coach_availability_id IS DISTINCT FROM NEW.coach_availability_id
    ) THEN
        RAISE EXCEPTION 'A coach can only have one availability entry per hour on a given date.';
    END IF;

    RETURN NEW;
END;
$$;


ALTER FUNCTION public.check_coach_double_booking() OWNER TO postgres;

--
-- Name: check_course_quota(); Type: FUNCTION; Schema: public; Owner: postgres
--

CREATE FUNCTION public.check_course_quota() RETURNS trigger
    LANGUAGE plpgsql
    AS $$
DECLARE
    current_pax_sum INT;
    course_quota INT;
BEGIN
    SELECT COALESCE(SUM(pax_count), 0) INTO current_pax_sum
    FROM groupcourseorderdetail
    WHERE course_id = NEW.course_id AND group_course_order_detail_id != NEW.group_course_order_detail_id;

    SELECT quota INTO course_quota
    FROM groupcourses
    WHERE course_id = NEW.course_id;

    IF (current_pax_sum + NEW.pax_count) > course_quota THEN
        RAISE EXCEPTION 'Booking exceeds the course quota. Remaining seats: %', (course_quota - current_pax_sum);
    END IF;

    RETURN NEW;
END;
$$;


ALTER FUNCTION public.check_course_quota() OWNER TO postgres;

--
-- Name: check_field_availability(); Type: FUNCTION; Schema: public; Owner: postgres
--

CREATE FUNCTION public.check_field_availability() RETURNS trigger
    LANGUAGE plpgsql
    AS $$
DECLARE
    existing_start_hour INT;
BEGIN
    SELECT hour INTO existing_start_hour
    FROM fieldbookingdetail
    WHERE
        field_id = NEW.field_id AND
        date = NEW.date AND
        (NEW.start_hour < hour + 2 AND NEW.start_hour + 2 > hour);

    IF FOUND THEN
        RAISE EXCEPTION 'Field is already booked from % to % on this date.', existing_start_hour, existing_start_hour + 2;
    END IF;

    RETURN NEW;
END;
$$;


ALTER FUNCTION public.check_field_availability() OWNER TO postgres;

SET default_tablespace = '';

SET default_table_access_method = heap;

--
-- Name: coachavailability; Type: TABLE; Schema: public; Owner: postgres
--

CREATE TABLE public.coachavailability (
    coach_availability_id integer NOT NULL,
    coach_id integer NOT NULL,
    date date NOT NULL,
    hour integer NOT NULL,
    CONSTRAINT coachavailability_hour_check CHECK (((hour >= 6) AND (hour <= 21)))
);


ALTER TABLE public.coachavailability OWNER TO postgres;

--
-- Name: coachavailability_coach_availability_id_seq; Type: SEQUENCE; Schema: public; Owner: postgres
--

CREATE SEQUENCE public.coachavailability_coach_availability_id_seq
    AS integer
    START WITH 1
    INCREMENT BY 1
    NO MINVALUE
    NO MAXVALUE
    CACHE 1;


ALTER SEQUENCE public.coachavailability_coach_availability_id_seq OWNER TO postgres;

--
-- Name: coachavailability_coach_availability_id_seq; Type: SEQUENCE OWNED BY; Schema: public; Owner: postgres
--

ALTER SEQUENCE public.coachavailability_coach_availability_id_seq OWNED BY public.coachavailability.coach_availability_id;


--
-- Name: coaches; Type: TABLE; Schema: public; Owner: postgres
--

CREATE TABLE public.coaches (
    coach_id integer NOT NULL,
    coach_name character varying(255) NOT NULL,
    sport public.sport_type NOT NULL,
    course_price integer NOT NULL
);


ALTER TABLE public.coaches OWNER TO postgres;

--
-- Name: coaches_coach_id_seq; Type: SEQUENCE; Schema: public; Owner: postgres
--

CREATE SEQUENCE public.coaches_coach_id_seq
    AS integer
    START WITH 1
    INCREMENT BY 1
    NO MINVALUE
    NO MAXVALUE
    CACHE 1;


ALTER SEQUENCE public.coaches_coach_id_seq OWNER TO postgres;

--
-- Name: coaches_coach_id_seq; Type: SEQUENCE OWNED BY; Schema: public; Owner: postgres
--

ALTER SEQUENCE public.coaches_coach_id_seq OWNED BY public.coaches.coach_id;


--
-- Name: fieldbookingdetail; Type: TABLE; Schema: public; Owner: postgres
--

CREATE TABLE public.fieldbookingdetail (
    field_booking_detail_id integer NOT NULL,
    field_id integer NOT NULL,
    date date NOT NULL,
    hour integer NOT NULL,
    CONSTRAINT fieldbookingdetail_hour_check CHECK (((hour >= 6) AND (hour <= 20)))
);


ALTER TABLE public.fieldbookingdetail OWNER TO postgres;

--
-- Name: fieldbookingdetail_field_booking_detail_id_seq; Type: SEQUENCE; Schema: public; Owner: postgres
--

CREATE SEQUENCE public.fieldbookingdetail_field_booking_detail_id_seq
    AS integer
    START WITH 1
    INCREMENT BY 1
    NO MINVALUE
    NO MAXVALUE
    CACHE 1;


ALTER SEQUENCE public.fieldbookingdetail_field_booking_detail_id_seq OWNER TO postgres;

--
-- Name: fieldbookingdetail_field_booking_detail_id_seq; Type: SEQUENCE OWNED BY; Schema: public; Owner: postgres
--

ALTER SEQUENCE public.fieldbookingdetail_field_booking_detail_id_seq OWNED BY public.fieldbookingdetail.field_booking_detail_id;


--
-- Name: fields; Type: TABLE; Schema: public; Owner: postgres
--

CREATE TABLE public.fields (
    field_id integer NOT NULL,
    field_name character varying(64) NOT NULL,
    sport public.sport_type NOT NULL,
    rental_price integer NOT NULL
);


ALTER TABLE public.fields OWNER TO postgres;

--
-- Name: fields_field_id_seq; Type: SEQUENCE; Schema: public; Owner: postgres
--

CREATE SEQUENCE public.fields_field_id_seq
    AS integer
    START WITH 1
    INCREMENT BY 1
    NO MINVALUE
    NO MAXVALUE
    CACHE 1;


ALTER SEQUENCE public.fields_field_id_seq OWNER TO postgres;

--
-- Name: fields_field_id_seq; Type: SEQUENCE OWNED BY; Schema: public; Owner: postgres
--

ALTER SEQUENCE public.fields_field_id_seq OWNED BY public.fields.field_id;


--
-- Name: groupcourseorder; Type: TABLE; Schema: public; Owner: postgres
--

CREATE TABLE public.groupcourseorder (
    group_course_order_id integer NOT NULL,
    customer_id integer,
    payment_id integer
);


ALTER TABLE public.groupcourseorder OWNER TO postgres;

--
-- Name: groupcourseorder_group_course_order_id_seq; Type: SEQUENCE; Schema: public; Owner: postgres
--

CREATE SEQUENCE public.groupcourseorder_group_course_order_id_seq
    AS integer
    START WITH 1
    INCREMENT BY 1
    NO MINVALUE
    NO MAXVALUE
    CACHE 1;


ALTER SEQUENCE public.groupcourseorder_group_course_order_id_seq OWNER TO postgres;

--
-- Name: groupcourseorder_group_course_order_id_seq; Type: SEQUENCE OWNED BY; Schema: public; Owner: postgres
--

ALTER SEQUENCE public.groupcourseorder_group_course_order_id_seq OWNED BY public.groupcourseorder.group_course_order_id;


--
-- Name: groupcourseorderdetail; Type: TABLE; Schema: public; Owner: postgres
--

CREATE TABLE public.groupcourseorderdetail (
    group_course_order_detail_id integer NOT NULL,
    group_course_order_id integer,
    course_id integer,
    pax_count integer NOT NULL
);


ALTER TABLE public.groupcourseorderdetail OWNER TO postgres;

--
-- Name: groupcourseorderdetail_group_course_order_detail_id_seq; Type: SEQUENCE; Schema: public; Owner: postgres
--

CREATE SEQUENCE public.groupcourseorderdetail_group_course_order_detail_id_seq
    AS integer
    START WITH 1
    INCREMENT BY 1
    NO MINVALUE
    NO MAXVALUE
    CACHE 1;


ALTER SEQUENCE public.groupcourseorderdetail_group_course_order_detail_id_seq OWNER TO postgres;

--
-- Name: groupcourseorderdetail_group_course_order_detail_id_seq; Type: SEQUENCE OWNED BY; Schema: public; Owner: postgres
--

ALTER SEQUENCE public.groupcourseorderdetail_group_course_order_detail_id_seq OWNED BY public.groupcourseorderdetail.group_course_order_detail_id;


--
-- Name: groupcourses; Type: TABLE; Schema: public; Owner: postgres
--

CREATE TABLE public.groupcourses (
    course_id integer NOT NULL,
    course_name character varying(255) NOT NULL,
    coach_id integer,
    sport public.sport_type NOT NULL,
    field_id integer,
    date date NOT NULL,
    start_hour integer NOT NULL,
    course_price integer NOT NULL,
    quota integer NOT NULL,
    CONSTRAINT groupcourses_start_hour_check CHECK (((start_hour >= 6) AND (start_hour <= 20)))
);


ALTER TABLE public.groupcourses OWNER TO postgres;

--
-- Name: groupcourses_course_id_seq; Type: SEQUENCE; Schema: public; Owner: postgres
--

CREATE SEQUENCE public.groupcourses_course_id_seq
    AS integer
    START WITH 1
    INCREMENT BY 1
    NO MINVALUE
    NO MAXVALUE
    CACHE 1;


ALTER SEQUENCE public.groupcourses_course_id_seq OWNER TO postgres;

--
-- Name: groupcourses_course_id_seq; Type: SEQUENCE OWNED BY; Schema: public; Owner: postgres
--

ALTER SEQUENCE public.groupcourses_course_id_seq OWNED BY public.groupcourses.course_id;


--
-- Name: payments; Type: TABLE; Schema: public; Owner: postgres
--

CREATE TABLE public.payments (
    payment_id integer NOT NULL,
    total_payment integer NOT NULL,
    payment_proof text,
    status public.payment_status_type DEFAULT 'waiting'::public.payment_status_type NOT NULL,
    payment_date timestamp without time zone
);


ALTER TABLE public.payments OWNER TO postgres;

--
-- Name: payments_payment_id_seq; Type: SEQUENCE; Schema: public; Owner: postgres
--

CREATE SEQUENCE public.payments_payment_id_seq
    AS integer
    START WITH 1
    INCREMENT BY 1
    NO MINVALUE
    NO MAXVALUE
    CACHE 1;


ALTER SEQUENCE public.payments_payment_id_seq OWNER TO postgres;

--
-- Name: payments_payment_id_seq; Type: SEQUENCE OWNED BY; Schema: public; Owner: postgres
--

ALTER SEQUENCE public.payments_payment_id_seq OWNED BY public.payments.payment_id;


--
-- Name: privatecourseorder; Type: TABLE; Schema: public; Owner: postgres
--

CREATE TABLE public.privatecourseorder (
    private_course_order_id integer NOT NULL,
    customer_id integer,
    payment_id integer
);


ALTER TABLE public.privatecourseorder OWNER TO postgres;

--
-- Name: privatecourseorder_private_course_order_id_seq; Type: SEQUENCE; Schema: public; Owner: postgres
--

CREATE SEQUENCE public.privatecourseorder_private_course_order_id_seq
    AS integer
    START WITH 1
    INCREMENT BY 1
    NO MINVALUE
    NO MAXVALUE
    CACHE 1;


ALTER SEQUENCE public.privatecourseorder_private_course_order_id_seq OWNER TO postgres;

--
-- Name: privatecourseorder_private_course_order_id_seq; Type: SEQUENCE OWNED BY; Schema: public; Owner: postgres
--

ALTER SEQUENCE public.privatecourseorder_private_course_order_id_seq OWNED BY public.privatecourseorder.private_course_order_id;


--
-- Name: privatecourseorderdetail; Type: TABLE; Schema: public; Owner: postgres
--

CREATE TABLE public.privatecourseorderdetail (
    private_course_order_detail_id integer NOT NULL,
    private_course_order_id integer,
    coach_availability_id integer
);


ALTER TABLE public.privatecourseorderdetail OWNER TO postgres;

--
-- Name: privatecourseorderdetail_private_course_order_detail_id_seq; Type: SEQUENCE; Schema: public; Owner: postgres
--

CREATE SEQUENCE public.privatecourseorderdetail_private_course_order_detail_id_seq
    AS integer
    START WITH 1
    INCREMENT BY 1
    NO MINVALUE
    NO MAXVALUE
    CACHE 1;


ALTER SEQUENCE public.privatecourseorderdetail_private_course_order_detail_id_seq OWNER TO postgres;

--
-- Name: privatecourseorderdetail_private_course_order_detail_id_seq; Type: SEQUENCE OWNED BY; Schema: public; Owner: postgres
--

ALTER SEQUENCE public.privatecourseorderdetail_private_course_order_detail_id_seq OWNED BY public.privatecourseorderdetail.private_course_order_detail_id;


--
-- Name: users; Type: TABLE; Schema: public; Owner: postgres
--

CREATE TABLE public.users (
    user_id integer NOT NULL,
    full_name character varying(255) NOT NULL,
    password_hash character varying(255) NOT NULL,
    email character varying(255) NOT NULL,
    phone_number character varying(20) NOT NULL,
    type public.user_type DEFAULT 'customer'::public.user_type NOT NULL
);


ALTER TABLE public.users OWNER TO postgres;

--
-- Name: users_user_id_seq; Type: SEQUENCE; Schema: public; Owner: postgres
--

CREATE SEQUENCE public.users_user_id_seq
    AS integer
    START WITH 1
    INCREMENT BY 1
    NO MINVALUE
    NO MAXVALUE
    CACHE 1;


ALTER SEQUENCE public.users_user_id_seq OWNER TO postgres;

--
-- Name: users_user_id_seq; Type: SEQUENCE OWNED BY; Schema: public; Owner: postgres
--

ALTER SEQUENCE public.users_user_id_seq OWNED BY public.users.user_id;


--
-- Name: vouchers; Type: TABLE; Schema: public; Owner: postgres
--

CREATE TABLE public.vouchers (
    voucher_id integer NOT NULL,
    payment_id integer,
    customer_id integer NOT NULL,
    discount integer NOT NULL,
    expired_at timestamp without time zone NOT NULL,
    used boolean DEFAULT false NOT NULL
);


ALTER TABLE public.vouchers OWNER TO postgres;

--
-- Name: vouchers_voucher_id_seq; Type: SEQUENCE; Schema: public; Owner: postgres
--

CREATE SEQUENCE public.vouchers_voucher_id_seq
    AS integer
    START WITH 1
    INCREMENT BY 1
    NO MINVALUE
    NO MAXVALUE
    CACHE 1;


ALTER SEQUENCE public.vouchers_voucher_id_seq OWNER TO postgres;

--
-- Name: vouchers_voucher_id_seq; Type: SEQUENCE OWNED BY; Schema: public; Owner: postgres
--

ALTER SEQUENCE public.vouchers_voucher_id_seq OWNED BY public.vouchers.voucher_id;


--
-- Name: coachavailability coach_availability_id; Type: DEFAULT; Schema: public; Owner: postgres
--

ALTER TABLE ONLY public.coachavailability ALTER COLUMN coach_availability_id SET DEFAULT nextval('public.coachavailability_coach_availability_id_seq'::regclass);


--
-- Name: coaches coach_id; Type: DEFAULT; Schema: public; Owner: postgres
--

ALTER TABLE ONLY public.coaches ALTER COLUMN coach_id SET DEFAULT nextval('public.coaches_coach_id_seq'::regclass);


--
-- Name: fieldbookingdetail field_booking_detail_id; Type: DEFAULT; Schema: public; Owner: postgres
--

ALTER TABLE ONLY public.fieldbookingdetail ALTER COLUMN field_booking_detail_id SET DEFAULT nextval('public.fieldbookingdetail_field_booking_detail_id_seq'::regclass);


--
-- Name: fields field_id; Type: DEFAULT; Schema: public; Owner: postgres
--

ALTER TABLE ONLY public.fields ALTER COLUMN field_id SET DEFAULT nextval('public.fields_field_id_seq'::regclass);


--
-- Name: groupcourseorder group_course_order_id; Type: DEFAULT; Schema: public; Owner: postgres
--

ALTER TABLE ONLY public.groupcourseorder ALTER COLUMN group_course_order_id SET DEFAULT nextval('public.groupcourseorder_group_course_order_id_seq'::regclass);


--
-- Name: groupcourseorderdetail group_course_order_detail_id; Type: DEFAULT; Schema: public; Owner: postgres
--

ALTER TABLE ONLY public.groupcourseorderdetail ALTER COLUMN group_course_order_detail_id SET DEFAULT nextval('public.groupcourseorderdetail_group_course_order_detail_id_seq'::regclass);


--
-- Name: groupcourses course_id; Type: DEFAULT; Schema: public; Owner: postgres
--

ALTER TABLE ONLY public.groupcourses ALTER COLUMN course_id SET DEFAULT nextval('public.groupcourses_course_id_seq'::regclass);


--
-- Name: payments payment_id; Type: DEFAULT; Schema: public; Owner: postgres
--

ALTER TABLE ONLY public.payments ALTER COLUMN payment_id SET DEFAULT nextval('public.payments_payment_id_seq'::regclass);


--
-- Name: privatecourseorder private_course_order_id; Type: DEFAULT; Schema: public; Owner: postgres
--

ALTER TABLE ONLY public.privatecourseorder ALTER COLUMN private_course_order_id SET DEFAULT nextval('public.privatecourseorder_private_course_order_id_seq'::regclass);


--
-- Name: privatecourseorderdetail private_course_order_detail_id; Type: DEFAULT; Schema: public; Owner: postgres
--

ALTER TABLE ONLY public.privatecourseorderdetail ALTER COLUMN private_course_order_detail_id SET DEFAULT nextval('public.privatecourseorderdetail_private_course_order_detail_id_seq'::regclass);


--
-- Name: users user_id; Type: DEFAULT; Schema: public; Owner: postgres
--

ALTER TABLE ONLY public.users ALTER COLUMN user_id SET DEFAULT nextval('public.users_user_id_seq'::regclass);


--
-- Name: vouchers voucher_id; Type: DEFAULT; Schema: public; Owner: postgres
--

ALTER TABLE ONLY public.vouchers ALTER COLUMN voucher_id SET DEFAULT nextval('public.vouchers_voucher_id_seq'::regclass);


--
-- Data for Name: coachavailability; Type: TABLE DATA; Schema: public; Owner: postgres
--

COPY public.coachavailability (coach_availability_id, coach_id, date, hour) FROM stdin;
1	1	2024-07-10	15
2	1	2025-03-13	11
3	1	2025-03-14	18
4	1	2025-01-04	17
5	1	2024-04-28	14
6	1	2025-04-28	18
7	1	2024-04-29	6
8	1	2024-05-09	9
9	1	2025-03-22	12
10	1	2025-03-25	14
11	1	2024-05-30	14
12	1	2025-01-23	17
13	1	2024-07-07	20
14	1	2025-04-29	10
15	1	2025-02-18	18
16	1	2025-08-16	13
17	1	2024-05-23	18
18	1	2025-02-24	8
19	1	2025-04-25	11
20	1	2025-01-26	15
21	1	2024-09-26	13
22	1	2025-06-01	16
23	1	2024-06-05	8
24	1	2025-01-11	12
25	1	2025-01-04	15
26	1	2024-07-03	21
27	1	2025-04-17	14
28	1	2025-10-01	13
29	1	2024-05-14	18
30	1	2025-06-29	14
31	1	2025-03-04	7
32	1	2025-04-14	10
33	1	2025-02-28	21
34	1	2024-11-08	7
35	1	2024-06-21	7
36	1	2025-06-12	14
37	1	2024-09-19	12
38	1	2025-07-18	12
39	1	2025-04-20	21
40	1	2025-08-09	15
41	1	2024-07-19	20
42	1	2025-08-24	10
43	1	2025-04-17	6
44	1	2025-09-02	11
45	1	2025-02-04	20
46	1	2024-07-28	18
47	1	2025-07-23	14
48	1	2024-07-07	21
49	1	2024-07-20	12
50	1	2024-08-27	17
51	1	2024-06-22	15
52	1	2025-07-20	13
53	1	2025-09-22	18
54	1	2024-10-08	11
55	1	2025-04-07	18
56	1	2024-07-12	20
57	1	2024-07-11	10
58	1	2025-04-15	12
59	1	2025-02-12	10
60	1	2024-10-06	18
61	1	2024-12-07	10
62	1	2024-06-16	16
63	1	2025-01-08	11
64	1	2025-07-22	18
65	1	2025-05-01	7
66	1	2024-08-30	19
67	1	2025-04-26	20
68	1	2024-06-21	8
69	1	2024-08-17	21
70	1	2025-02-17	7
71	1	2025-07-31	19
72	1	2025-06-21	11
73	1	2024-07-23	13
74	1	2024-10-27	6
75	1	2024-12-30	11
76	1	2024-09-09	14
77	1	2025-07-15	20
78	1	2025-08-21	9
79	1	2025-06-08	6
80	1	2025-06-04	13
81	1	2024-06-30	14
82	1	2025-02-05	12
83	1	2024-07-02	7
84	1	2024-05-14	9
85	1	2025-05-20	9
86	1	2025-02-05	9
87	1	2024-08-26	16
88	1	2025-02-18	6
89	1	2025-09-13	15
90	1	2025-08-16	12
91	1	2024-09-09	18
92	1	2024-10-08	9
93	1	2025-01-21	20
94	1	2024-08-22	12
95	1	2024-10-12	18
96	1	2025-04-15	13
97	1	2025-07-16	18
98	1	2024-06-07	6
99	1	2025-03-23	21
100	1	2025-01-20	6
101	2	2025-07-18	11
102	2	2025-02-06	7
103	2	2025-08-22	17
104	2	2024-12-15	13
105	2	2024-11-10	6
106	2	2024-08-08	10
107	2	2024-07-24	16
108	2	2025-02-23	21
109	2	2025-08-05	7
110	2	2024-06-26	6
111	2	2024-05-22	17
112	2	2024-08-07	10
113	2	2025-08-22	11
114	2	2024-07-23	17
115	2	2024-10-12	15
116	2	2025-04-27	12
117	2	2024-08-07	12
118	2	2024-12-05	11
119	2	2025-03-20	11
120	2	2024-10-31	16
121	2	2024-10-23	13
122	2	2024-12-08	15
123	2	2024-08-18	20
124	2	2025-04-11	13
125	2	2025-03-22	16
126	2	2025-05-26	14
127	2	2024-12-31	12
128	2	2025-02-22	15
129	2	2024-07-22	17
130	2	2025-04-05	20
131	2	2024-05-27	19
132	2	2025-02-17	15
133	2	2024-11-23	9
134	2	2025-04-03	13
135	2	2024-07-15	6
136	2	2025-10-05	18
137	2	2024-06-01	13
138	2	2024-08-14	18
139	2	2025-04-06	19
140	2	2024-07-02	7
141	2	2024-12-24	6
142	2	2024-05-11	8
143	2	2025-06-01	14
144	2	2024-10-13	10
145	2	2024-10-18	11
146	2	2025-05-21	21
147	2	2024-07-17	18
148	2	2025-03-20	19
149	2	2024-08-12	12
150	2	2024-11-01	16
151	2	2025-07-22	21
152	2	2025-03-10	14
153	2	2025-02-08	8
154	2	2025-06-28	19
155	2	2025-07-27	16
156	2	2024-10-08	17
157	2	2025-08-08	15
158	2	2025-01-20	8
159	2	2024-09-27	7
160	2	2025-03-06	20
161	2	2024-08-12	15
162	2	2025-07-12	8
163	2	2024-05-29	17
164	2	2025-06-09	15
165	2	2024-08-11	10
166	2	2024-09-23	18
167	2	2025-01-31	13
168	2	2025-08-21	21
169	2	2024-12-15	19
170	2	2025-06-24	7
171	2	2025-04-10	14
172	2	2025-07-20	13
173	2	2025-04-02	12
174	2	2024-07-29	21
175	2	2025-04-09	20
176	2	2024-09-29	17
177	2	2025-07-16	13
178	2	2025-01-18	16
179	2	2025-06-23	19
180	2	2024-07-20	9
181	2	2025-07-30	10
182	2	2025-01-19	7
183	2	2024-06-23	12
184	2	2025-07-31	13
185	2	2025-05-25	7
186	2	2024-11-11	13
187	2	2024-10-25	8
188	2	2024-05-16	20
189	2	2024-11-05	21
190	2	2024-11-26	6
191	2	2024-07-09	21
192	2	2024-08-24	15
193	2	2025-02-17	16
194	2	2025-07-03	19
195	2	2025-03-21	6
196	2	2025-06-28	11
197	2	2025-03-28	10
198	2	2024-10-10	13
199	2	2024-06-08	17
200	2	2025-08-05	17
201	3	2024-11-24	18
202	3	2024-08-30	6
203	3	2024-09-19	8
204	3	2025-03-24	20
205	3	2024-11-24	6
206	3	2024-06-09	17
207	3	2024-09-20	11
208	3	2024-10-25	11
209	3	2024-05-15	9
210	3	2025-05-11	10
211	3	2024-09-10	6
212	3	2024-05-26	20
213	3	2024-06-02	13
214	3	2025-04-19	6
215	3	2024-11-07	21
216	3	2025-08-25	14
217	3	2025-01-07	10
218	3	2024-05-15	12
219	3	2025-01-10	11
220	3	2025-03-11	10
221	3	2025-04-02	7
222	3	2025-08-25	8
223	3	2024-07-23	16
224	3	2025-04-26	17
225	3	2024-07-27	18
226	3	2025-06-09	19
227	3	2024-11-26	10
228	3	2024-06-18	16
229	3	2024-12-14	14
230	3	2025-02-06	6
231	3	2024-12-11	21
232	3	2025-07-19	10
233	3	2025-01-29	9
234	3	2025-08-13	21
235	3	2024-05-02	11
236	3	2025-06-24	14
237	3	2024-09-06	20
238	3	2024-06-24	16
239	3	2024-05-11	9
240	3	2024-05-12	11
241	3	2025-07-04	8
242	3	2025-03-02	8
243	3	2024-05-20	18
244	3	2025-04-21	15
245	3	2024-06-11	6
246	3	2025-04-25	21
247	3	2025-09-03	14
248	3	2024-07-25	6
249	3	2025-05-02	19
250	3	2024-12-28	17
251	3	2024-12-18	13
252	3	2025-08-11	15
253	3	2024-05-17	9
254	3	2025-08-03	8
255	3	2024-08-15	13
256	3	2024-12-27	7
257	3	2024-09-27	19
258	3	2025-02-08	17
259	3	2024-08-23	17
260	3	2024-08-25	12
261	3	2025-08-13	11
262	3	2025-01-05	17
263	3	2024-05-09	13
264	3	2025-03-24	8
265	3	2025-07-25	18
266	3	2025-05-28	10
267	3	2024-10-19	15
268	3	2024-10-29	7
269	3	2024-12-19	10
270	3	2025-01-06	12
271	3	2024-05-03	15
272	3	2025-03-05	17
273	3	2025-04-15	12
274	3	2025-06-15	8
275	3	2024-12-10	19
276	3	2024-07-01	14
277	3	2025-09-27	9
278	3	2024-07-18	12
279	3	2024-06-11	11
280	3	2024-07-17	16
281	3	2024-09-12	15
282	3	2025-06-27	16
283	3	2025-05-16	8
284	3	2024-08-07	13
285	3	2024-11-28	6
286	3	2024-06-15	11
287	3	2024-06-04	10
288	3	2024-10-24	13
289	3	2024-06-11	18
290	3	2024-08-06	6
291	3	2024-12-28	7
292	3	2025-02-20	8
293	3	2025-06-30	18
294	3	2024-06-15	13
295	3	2025-09-05	9
296	3	2024-06-13	20
297	3	2024-11-07	17
298	3	2025-04-25	17
299	3	2025-05-30	12
300	3	2025-09-01	8
301	4	2025-06-10	12
302	4	2025-03-19	18
303	4	2025-05-24	9
304	4	2025-08-08	6
305	4	2025-08-07	8
306	4	2025-06-17	15
307	4	2024-12-08	10
308	4	2024-10-24	11
309	4	2024-09-29	20
310	4	2025-02-14	16
311	4	2024-07-03	15
312	4	2024-08-07	17
313	4	2024-12-21	9
314	4	2025-04-07	19
315	4	2025-02-28	10
316	4	2024-09-24	21
317	4	2025-03-31	17
318	4	2025-09-11	10
319	4	2024-09-12	10
320	4	2025-02-11	14
321	4	2024-08-15	20
322	4	2025-07-16	6
323	4	2024-05-28	7
324	4	2024-10-14	18
325	4	2024-12-02	9
326	4	2024-11-13	7
327	4	2024-07-24	13
328	4	2024-12-13	7
329	4	2025-09-29	6
330	4	2025-03-19	14
331	4	2025-07-27	9
332	4	2025-04-17	11
333	4	2025-06-28	14
334	4	2025-05-10	21
335	4	2025-07-04	9
336	4	2024-11-01	21
337	4	2025-07-10	10
338	4	2024-12-27	17
339	4	2024-12-10	17
340	4	2025-01-12	6
341	4	2024-07-20	9
342	4	2024-09-02	6
343	4	2024-07-25	8
344	4	2025-03-23	8
345	4	2025-02-07	18
346	4	2025-05-04	11
347	4	2025-07-22	16
348	4	2024-05-01	14
349	4	2025-05-29	20
350	4	2025-02-10	15
351	4	2024-08-30	14
352	4	2025-02-10	11
353	4	2024-12-30	16
354	4	2025-07-31	14
355	4	2025-05-23	21
356	4	2024-09-27	13
357	4	2025-05-05	12
358	4	2025-03-23	9
359	4	2025-02-15	8
360	4	2024-12-13	21
361	4	2024-12-05	12
362	4	2025-06-06	17
363	4	2024-05-18	14
364	4	2025-09-15	20
365	4	2025-01-09	19
366	4	2025-06-10	15
367	4	2025-09-04	8
368	4	2024-11-05	17
369	4	2025-05-06	8
370	4	2025-08-09	7
371	4	2025-01-05	18
372	4	2025-01-31	13
373	4	2024-11-08	9
374	4	2024-07-26	17
375	4	2025-06-21	20
376	4	2025-07-12	12
377	4	2025-08-17	18
378	4	2025-02-08	13
379	4	2025-05-23	9
380	4	2024-08-19	18
381	4	2024-07-02	14
382	4	2025-05-28	21
383	4	2024-07-18	11
384	4	2025-07-29	9
385	4	2024-12-27	10
386	4	2024-12-17	10
387	4	2024-07-31	18
388	4	2025-10-06	12
389	4	2024-09-18	9
390	4	2025-09-05	6
391	4	2025-01-21	18
392	4	2025-09-12	10
393	4	2025-06-22	16
394	4	2025-04-18	12
395	4	2024-08-28	13
396	4	2025-04-09	21
397	4	2024-10-20	16
398	4	2024-05-12	8
399	4	2025-04-10	11
400	4	2024-11-20	10
401	5	2025-01-07	20
402	5	2025-09-17	20
403	5	2025-03-07	12
404	5	2024-07-09	20
405	5	2025-02-25	17
406	5	2025-09-07	11
407	5	2025-02-26	8
408	5	2024-09-08	10
409	5	2024-12-22	19
410	5	2025-02-06	21
411	5	2024-08-30	21
412	5	2024-12-07	9
413	5	2025-09-28	11
414	5	2024-08-13	16
415	5	2024-08-09	7
416	5	2025-08-09	6
417	5	2024-05-30	10
418	5	2025-04-08	14
419	5	2024-07-16	19
420	5	2024-09-23	17
421	5	2024-10-27	15
422	5	2024-11-20	17
423	5	2025-01-29	17
424	5	2024-10-03	7
425	5	2025-03-31	9
426	5	2024-12-13	15
427	5	2025-02-02	14
428	5	2024-05-11	17
429	5	2025-03-31	20
430	5	2025-06-22	16
431	5	2025-06-27	20
432	5	2025-06-23	21
433	5	2025-05-06	21
434	5	2024-12-17	19
435	5	2025-07-05	19
436	5	2025-01-14	19
437	5	2025-04-29	16
438	5	2025-05-03	17
439	5	2025-07-28	13
440	5	2025-06-24	20
441	5	2024-08-19	19
442	5	2024-11-12	8
443	5	2025-03-29	20
444	5	2024-05-22	18
445	5	2025-06-14	15
446	5	2024-10-10	14
447	5	2024-11-09	7
448	5	2024-12-29	8
449	5	2024-11-25	11
450	5	2025-04-10	12
451	5	2024-05-08	12
452	5	2025-05-21	9
453	5	2025-08-28	14
454	5	2025-02-14	14
455	5	2025-01-19	11
456	5	2024-11-18	9
457	5	2024-09-18	13
458	5	2024-06-07	20
459	5	2025-08-08	14
460	5	2024-06-08	21
461	5	2025-06-29	9
462	5	2024-05-23	14
463	5	2025-01-07	10
464	5	2024-05-08	19
465	5	2025-03-11	17
466	5	2024-07-17	18
467	5	2025-09-14	21
468	5	2025-03-21	6
469	5	2025-08-13	12
470	5	2024-06-04	14
471	5	2025-07-30	6
472	5	2024-11-22	14
473	5	2025-09-13	18
474	5	2025-05-12	13
475	5	2024-10-06	18
476	5	2025-05-14	14
477	5	2024-07-26	8
478	5	2025-09-20	16
479	5	2025-02-16	15
480	5	2025-07-26	7
481	5	2025-01-09	17
482	5	2025-05-18	20
483	5	2025-08-09	13
484	5	2024-06-20	20
485	5	2024-11-04	13
486	5	2024-10-08	18
487	5	2025-07-08	14
488	5	2025-09-22	13
489	5	2024-08-24	8
490	5	2024-06-06	10
491	5	2025-07-14	10
492	5	2024-05-20	11
493	5	2025-08-18	20
494	5	2025-01-13	12
495	5	2024-09-23	13
496	5	2024-09-17	21
497	5	2025-03-11	6
498	5	2025-06-25	13
499	5	2024-12-04	11
500	5	2024-05-02	6
501	6	2025-08-17	12
502	6	2025-08-08	16
503	6	2025-05-04	21
504	6	2024-11-19	9
505	6	2024-04-30	19
506	6	2025-09-13	10
507	6	2024-12-25	12
508	6	2025-06-17	11
509	6	2024-12-02	17
510	6	2024-08-27	21
511	6	2024-09-04	13
512	6	2024-09-16	20
513	6	2024-09-29	18
514	6	2024-06-13	6
515	6	2025-05-05	20
516	6	2024-07-18	15
517	6	2025-07-24	10
518	6	2025-09-17	11
519	6	2024-09-11	6
520	6	2025-10-06	11
521	6	2024-05-02	20
522	6	2024-11-13	18
523	6	2024-12-04	9
524	6	2025-08-25	10
525	6	2025-06-13	10
526	6	2025-03-10	10
527	6	2025-08-01	21
528	6	2024-11-13	12
529	6	2024-08-07	16
530	6	2025-03-28	11
531	6	2025-04-21	9
532	6	2025-05-01	19
533	6	2024-10-26	13
534	6	2025-09-17	8
535	6	2025-09-01	8
536	6	2024-07-28	9
537	6	2024-07-12	19
538	6	2024-06-07	9
539	6	2024-12-05	9
540	6	2025-07-24	18
541	6	2024-10-10	20
542	6	2025-09-08	21
543	6	2025-04-26	21
544	6	2024-12-19	9
545	6	2024-11-23	20
546	6	2024-06-05	13
547	6	2024-07-02	14
548	6	2024-12-11	11
549	6	2024-10-10	7
550	6	2024-07-28	13
551	6	2024-09-21	12
552	6	2025-04-30	6
553	6	2024-10-29	12
554	6	2025-08-16	12
555	6	2024-06-21	11
556	6	2025-06-28	21
557	6	2025-02-01	18
558	6	2024-05-28	21
559	6	2024-09-19	7
560	6	2024-10-07	10
561	6	2025-01-13	21
562	6	2025-06-14	20
563	6	2024-05-10	19
564	6	2025-09-24	9
565	6	2024-08-26	9
566	6	2025-02-12	17
567	6	2024-05-26	10
568	6	2024-08-04	12
569	6	2025-03-13	14
570	6	2024-07-11	18
571	6	2025-06-24	11
572	6	2024-08-31	21
573	6	2024-06-14	18
574	6	2025-02-28	13
575	6	2025-07-06	17
576	6	2025-05-15	12
577	6	2025-07-09	9
578	6	2024-12-11	12
579	6	2025-01-04	9
580	6	2025-05-23	12
581	6	2025-08-16	15
582	6	2025-05-23	16
583	6	2025-06-30	14
584	6	2024-09-22	18
585	6	2025-03-23	19
586	6	2025-01-26	19
587	6	2024-10-22	12
588	6	2024-11-14	8
589	6	2025-02-23	18
590	6	2025-08-03	14
591	6	2025-06-25	16
592	6	2024-09-24	20
593	6	2024-10-30	12
594	6	2024-11-03	7
595	6	2025-01-23	21
596	6	2025-03-20	11
597	6	2024-12-04	17
598	6	2024-10-11	6
599	6	2024-07-16	12
600	6	2025-09-15	7
601	7	2024-05-21	16
602	7	2025-10-04	21
603	7	2025-01-24	16
604	7	2025-02-18	12
605	7	2024-10-03	7
606	7	2025-06-12	17
607	7	2025-04-12	17
608	7	2025-09-11	15
609	7	2025-08-10	11
610	7	2024-10-16	8
611	7	2024-11-13	11
612	7	2024-09-01	19
613	7	2024-07-09	20
614	7	2025-07-16	8
615	7	2025-04-26	17
616	7	2025-01-30	9
617	7	2025-08-31	11
618	7	2025-02-11	20
619	7	2025-03-16	9
620	7	2025-06-10	7
621	7	2024-09-04	12
622	7	2024-06-12	21
623	7	2025-03-09	12
624	7	2024-08-20	14
625	7	2025-01-13	11
626	7	2024-08-09	13
627	7	2025-02-05	11
628	7	2024-11-19	12
629	7	2025-05-15	16
630	7	2024-05-02	20
631	7	2024-12-12	13
632	7	2024-11-29	13
633	7	2024-11-12	10
634	7	2024-09-06	20
635	7	2024-11-17	21
636	7	2024-05-14	21
637	7	2024-07-30	15
638	7	2024-06-28	8
639	7	2025-06-18	9
640	7	2024-12-10	17
641	7	2025-07-13	21
642	7	2024-12-09	16
643	7	2024-12-24	10
644	7	2025-06-09	18
645	7	2024-05-03	15
646	7	2024-09-22	21
647	7	2025-05-15	13
648	7	2024-10-16	12
649	7	2025-04-07	8
650	7	2024-05-12	18
651	7	2025-09-14	7
652	7	2024-09-04	15
653	7	2025-05-17	10
654	7	2024-06-21	13
655	7	2024-04-29	14
656	7	2025-04-20	16
657	7	2025-01-09	9
658	7	2024-05-07	20
659	7	2025-05-21	19
660	7	2025-01-05	20
661	7	2024-09-29	21
662	7	2025-02-27	16
663	7	2024-05-02	7
664	7	2025-03-01	12
665	7	2025-02-01	13
666	7	2025-06-12	21
667	7	2025-09-22	12
668	7	2025-04-07	16
669	7	2025-06-02	11
670	7	2025-05-30	15
671	7	2025-03-17	7
672	7	2025-05-13	18
673	7	2024-05-16	6
674	7	2025-09-24	20
675	7	2024-09-15	8
676	7	2025-07-31	12
677	7	2025-09-23	10
678	7	2025-01-27	10
679	7	2024-07-11	14
680	7	2025-04-03	16
681	7	2024-09-16	7
682	7	2025-09-01	17
683	7	2025-05-15	7
684	7	2024-05-19	20
685	7	2025-08-25	11
686	7	2025-07-14	10
687	7	2025-10-03	6
688	7	2025-01-14	9
689	7	2025-04-30	13
690	7	2024-07-19	13
691	7	2025-04-23	19
692	7	2024-06-26	19
693	7	2024-06-03	19
694	7	2025-04-02	17
695	7	2025-09-08	18
696	7	2024-10-03	19
697	7	2024-09-30	9
698	7	2024-06-14	11
699	7	2024-10-29	15
700	7	2024-09-24	19
701	8	2025-03-15	15
702	8	2025-07-30	10
703	8	2024-07-18	13
704	8	2025-06-25	16
705	8	2025-01-03	11
706	8	2024-04-29	13
707	8	2025-02-23	17
708	8	2025-03-22	18
709	8	2025-04-09	17
710	8	2025-05-20	18
711	8	2025-05-19	20
712	8	2024-10-19	10
713	8	2025-10-07	18
714	8	2024-08-11	12
715	8	2024-07-17	21
716	8	2025-03-30	14
717	8	2024-11-27	18
718	8	2025-02-07	14
719	8	2024-05-28	12
720	8	2025-01-27	10
721	8	2024-10-22	20
722	8	2025-05-22	15
723	8	2024-12-06	6
724	8	2025-08-28	13
725	8	2024-08-24	11
726	8	2024-10-13	7
727	8	2024-07-08	12
728	8	2025-01-29	15
729	8	2025-03-20	20
730	8	2024-07-14	18
731	8	2025-07-06	10
732	8	2025-06-30	21
733	8	2024-12-05	6
734	8	2025-04-17	13
735	8	2024-05-22	9
736	8	2025-05-16	21
737	8	2025-03-08	14
738	8	2024-11-14	21
739	8	2025-06-01	21
740	8	2025-03-04	8
741	8	2025-02-24	14
742	8	2024-10-21	13
743	8	2025-05-13	10
744	8	2024-10-23	19
745	8	2025-09-04	18
746	8	2024-09-04	15
747	8	2025-06-11	19
748	8	2025-08-21	20
749	8	2025-05-18	7
750	8	2024-10-29	6
751	8	2025-05-17	20
752	8	2024-08-29	10
753	8	2024-05-03	21
754	8	2025-01-26	21
755	8	2024-12-27	19
756	8	2025-07-28	7
757	8	2024-07-22	12
758	8	2025-04-18	13
759	8	2024-12-11	14
760	8	2024-05-19	8
761	8	2025-09-29	21
762	8	2025-07-16	21
763	8	2025-09-29	11
764	8	2024-07-21	17
765	8	2025-09-17	13
766	8	2025-10-09	12
767	8	2025-03-01	20
768	8	2024-06-14	13
769	8	2024-04-30	14
770	8	2025-07-12	14
771	8	2024-11-11	7
772	8	2025-02-09	15
773	8	2025-09-07	21
774	8	2024-12-03	20
775	8	2025-09-11	17
776	8	2025-07-18	6
777	8	2025-06-18	15
778	8	2025-09-18	17
779	8	2025-02-25	14
780	8	2024-07-22	11
781	8	2024-08-10	12
782	8	2025-01-03	12
783	8	2024-09-22	8
784	8	2025-09-21	15
785	8	2024-06-06	9
786	8	2025-01-22	20
787	8	2024-10-05	12
788	8	2024-06-25	9
789	8	2025-04-03	21
790	8	2024-09-05	19
791	8	2025-03-28	11
792	8	2024-12-28	18
793	8	2025-10-05	17
794	8	2025-07-10	18
795	8	2024-05-17	16
796	8	2024-12-08	21
797	8	2024-06-27	11
798	8	2025-02-20	8
799	8	2025-08-29	17
800	8	2024-06-29	21
801	9	2024-06-24	18
802	9	2024-05-07	19
803	9	2024-10-03	10
804	9	2024-11-23	12
805	9	2024-10-22	15
806	9	2024-09-16	15
807	9	2025-09-03	6
808	9	2025-06-22	19
809	9	2025-02-23	21
810	9	2024-10-01	13
811	9	2024-08-14	20
812	9	2025-07-29	15
813	9	2024-12-16	17
814	9	2024-07-27	14
815	9	2024-11-18	17
816	9	2025-05-03	18
817	9	2025-04-22	17
818	9	2024-11-23	20
819	9	2024-07-03	18
820	9	2024-11-30	15
821	9	2025-05-31	21
822	9	2024-05-08	13
823	9	2024-11-01	15
824	9	2025-08-27	18
825	9	2024-09-15	8
826	9	2025-09-23	14
827	9	2024-07-12	19
828	9	2024-07-17	16
829	9	2025-06-19	20
830	9	2024-11-26	20
831	9	2025-05-05	9
832	9	2025-01-12	8
833	9	2024-05-10	18
834	9	2025-02-19	18
835	9	2024-08-14	7
836	9	2024-10-28	18
837	9	2024-05-02	14
838	9	2024-05-29	17
839	9	2024-10-04	7
840	9	2025-09-18	19
841	9	2025-02-27	16
842	9	2025-02-06	17
843	9	2024-10-31	6
844	9	2024-11-16	18
845	9	2024-07-23	20
846	9	2025-01-12	7
847	9	2025-02-15	20
848	9	2025-03-02	12
849	9	2025-03-17	9
850	9	2025-08-11	15
851	9	2025-07-10	14
852	9	2024-05-20	16
853	9	2025-01-23	13
854	9	2025-09-16	6
855	9	2024-11-15	17
856	9	2025-02-14	6
857	9	2024-06-17	10
858	9	2024-06-18	9
859	9	2025-01-04	18
860	9	2025-04-05	19
861	9	2025-04-06	17
862	9	2025-06-08	21
863	9	2024-11-06	20
864	9	2025-08-22	16
865	9	2024-12-18	7
866	9	2024-08-15	19
867	9	2025-07-09	10
868	9	2025-08-07	18
869	9	2025-01-31	6
870	9	2025-06-17	14
871	9	2025-07-19	12
872	9	2025-04-19	9
873	9	2025-04-22	21
874	9	2024-08-16	7
875	9	2024-12-04	10
876	9	2025-01-30	21
877	9	2025-10-07	15
878	9	2025-07-13	6
879	9	2025-07-17	8
880	9	2025-05-24	18
881	9	2024-07-13	6
882	9	2025-04-02	9
883	9	2025-01-16	17
884	9	2025-03-15	17
885	9	2025-10-02	13
886	9	2024-07-07	14
887	9	2024-07-09	19
888	9	2024-07-13	7
889	9	2024-06-30	9
890	9	2024-12-26	16
891	9	2025-09-23	8
892	9	2024-06-26	11
893	9	2025-02-10	12
894	9	2024-08-22	11
895	9	2024-11-27	11
896	9	2025-06-11	14
897	9	2024-08-18	17
898	9	2024-08-06	13
899	9	2025-07-29	20
900	9	2025-10-04	7
901	10	2025-04-26	14
902	10	2025-02-17	13
903	10	2025-09-03	15
904	10	2025-09-03	6
905	10	2024-11-09	12
906	10	2025-05-08	15
907	10	2024-05-06	18
908	10	2025-03-25	16
909	10	2025-04-20	15
910	10	2024-07-07	11
911	10	2025-02-24	13
912	10	2025-01-11	20
913	10	2024-06-01	8
914	10	2025-04-12	13
915	10	2024-11-26	15
916	10	2024-09-01	14
917	10	2025-03-22	13
918	10	2025-09-29	6
919	10	2024-11-02	6
920	10	2025-03-16	15
921	10	2025-05-02	20
922	10	2024-08-29	7
923	10	2025-04-09	15
924	10	2024-11-10	21
925	10	2024-05-09	14
926	10	2025-01-08	15
927	10	2024-10-16	9
928	10	2025-05-17	20
929	10	2025-07-08	10
930	10	2025-06-05	11
931	10	2025-01-21	19
932	10	2025-09-19	14
933	10	2024-05-15	7
934	10	2024-04-27	7
935	10	2025-08-18	13
936	10	2024-10-31	15
937	10	2025-02-25	20
938	10	2024-05-24	7
939	10	2024-10-12	7
940	10	2025-02-07	8
941	10	2025-05-28	11
942	10	2025-03-15	16
943	10	2025-05-04	17
944	10	2025-04-05	19
945	10	2024-11-12	9
946	10	2025-06-05	16
947	10	2024-06-23	13
948	10	2025-04-20	14
949	10	2024-11-03	14
950	10	2024-06-05	8
951	10	2025-05-10	18
952	10	2025-09-23	9
953	10	2025-10-06	20
954	10	2024-05-01	14
955	10	2024-12-18	14
956	10	2025-07-10	17
957	10	2024-07-21	18
958	10	2025-09-09	20
959	10	2024-05-03	8
960	10	2024-07-05	7
961	10	2025-07-05	18
962	10	2025-04-30	10
963	10	2025-04-10	13
964	10	2025-07-10	9
965	10	2025-06-26	16
966	10	2025-02-28	16
967	10	2025-01-02	17
968	10	2024-12-14	17
969	10	2025-05-11	18
970	10	2025-06-21	12
971	10	2025-07-18	19
972	10	2024-05-16	19
973	10	2025-03-07	11
974	10	2024-06-23	14
975	10	2025-03-28	21
976	10	2025-03-31	11
977	10	2024-10-05	8
978	10	2024-07-24	18
979	10	2025-04-24	21
980	10	2025-08-23	21
981	10	2024-10-11	16
982	10	2024-07-04	20
983	10	2025-01-31	8
984	10	2025-03-07	14
985	10	2024-12-22	17
986	10	2025-08-19	9
987	10	2025-02-12	18
988	10	2025-08-18	11
989	10	2024-10-29	20
990	10	2025-02-08	7
991	10	2024-08-08	8
992	10	2025-08-08	6
993	10	2024-07-07	12
994	10	2024-07-23	14
995	10	2024-11-27	9
996	10	2025-09-23	12
997	10	2025-02-22	15
998	10	2025-08-24	7
999	10	2025-08-14	20
1000	10	2025-07-21	15
1001	11	2024-10-25	16
1002	11	2025-06-10	8
1003	11	2025-05-03	13
1004	11	2024-11-14	8
1005	11	2025-08-15	16
1006	11	2024-09-06	18
1007	11	2025-03-24	15
1008	11	2024-11-30	19
1009	11	2024-12-01	14
1010	11	2024-11-23	10
1011	11	2025-09-21	12
1012	11	2025-03-05	8
1013	11	2024-09-08	8
1014	11	2025-02-02	19
1015	11	2024-07-30	10
1016	11	2025-04-21	19
1017	11	2024-07-01	8
1018	11	2024-10-25	13
1019	11	2025-07-13	7
1020	11	2024-06-28	13
1021	11	2025-07-01	16
1022	11	2025-06-01	8
1023	11	2024-05-01	13
1024	11	2025-07-17	15
1025	11	2025-02-17	12
1026	11	2024-06-06	6
1027	11	2024-11-16	6
1028	11	2024-09-09	21
1029	11	2024-10-26	13
1030	11	2025-05-10	16
1031	11	2024-06-04	18
1032	11	2025-01-21	10
1033	11	2024-11-19	18
1034	11	2024-12-23	18
1035	11	2024-09-05	6
1036	11	2024-08-24	17
1037	11	2025-05-28	8
1038	11	2024-11-06	7
1039	11	2025-08-19	13
1040	11	2025-09-24	21
1041	11	2025-05-12	19
1042	11	2025-01-23	19
1043	11	2025-08-29	12
1044	11	2024-09-02	20
1045	11	2025-04-25	16
1046	11	2024-10-08	13
1047	11	2024-05-30	10
1048	11	2025-02-01	8
1049	11	2024-10-07	7
1050	11	2025-07-23	11
1051	11	2024-09-02	10
1052	11	2025-09-19	6
1053	11	2024-12-28	19
1054	11	2025-02-16	7
1055	11	2025-01-12	11
1056	11	2024-06-12	14
1057	11	2024-05-28	8
1058	11	2024-07-04	19
1059	11	2024-12-06	13
1060	11	2025-02-17	21
1061	11	2024-08-22	11
1062	11	2025-03-27	18
1063	11	2024-11-10	6
1064	11	2024-10-23	15
1065	11	2025-03-19	11
1066	11	2024-07-19	15
1067	11	2025-08-27	13
1068	11	2025-06-04	13
1069	11	2025-03-08	19
1070	11	2025-09-19	14
1071	11	2024-09-23	18
1072	11	2024-11-13	16
1073	11	2024-09-11	16
1074	11	2025-06-26	6
1075	11	2024-11-15	13
1076	11	2024-09-16	12
1077	11	2024-06-25	10
1078	11	2025-09-09	15
1079	11	2024-04-28	15
1080	11	2024-10-19	11
1081	11	2025-02-15	14
1082	11	2024-05-06	11
1083	11	2025-09-08	7
1084	11	2024-05-10	13
1085	11	2024-06-09	14
1086	11	2025-05-11	10
1087	11	2025-08-07	7
1088	11	2024-09-10	20
1089	11	2024-07-12	16
1090	11	2024-08-14	20
1091	11	2025-07-08	14
1092	11	2025-01-28	7
1093	11	2024-11-03	20
1094	11	2025-04-07	7
1095	11	2025-03-04	21
1096	11	2025-08-03	6
1097	11	2025-01-09	13
1098	11	2024-07-09	13
1099	11	2025-07-29	11
1100	11	2025-04-30	9
1101	12	2025-01-12	15
1102	12	2025-05-06	14
1103	12	2025-05-23	13
1104	12	2024-07-23	13
1105	12	2025-09-01	12
1106	12	2025-01-14	6
1107	12	2025-07-27	13
1108	12	2025-04-20	18
1109	12	2024-09-14	13
1110	12	2025-04-23	13
1111	12	2024-06-11	20
1112	12	2025-04-18	6
1113	12	2025-07-20	12
1114	12	2024-09-17	17
1115	12	2025-05-21	7
1116	12	2025-02-21	13
1117	12	2025-04-28	18
1118	12	2024-06-26	11
1119	12	2024-12-14	20
1120	12	2025-08-13	18
1121	12	2025-09-15	6
1122	12	2025-03-13	18
1123	12	2025-03-26	12
1124	12	2025-04-20	13
1125	12	2025-03-08	21
1126	12	2024-08-30	15
1127	12	2025-04-26	16
1128	12	2025-01-13	8
1129	12	2024-09-24	12
1130	12	2025-07-04	7
1131	12	2025-03-02	20
1132	12	2025-02-13	7
1133	12	2025-07-23	9
1134	12	2025-10-03	15
1135	12	2024-08-01	20
1136	12	2024-09-12	17
1137	12	2024-09-30	6
1138	12	2025-05-04	17
1139	12	2025-07-27	10
1140	12	2025-05-11	18
1141	12	2024-10-19	21
1142	12	2024-09-17	13
1143	12	2024-07-10	10
1144	12	2025-02-14	6
1145	12	2024-08-12	6
1146	12	2025-08-31	17
1147	12	2024-05-15	15
1148	12	2024-10-30	8
1149	12	2025-06-22	20
1150	12	2024-05-23	12
1151	12	2024-08-01	12
1152	12	2024-05-12	6
1153	12	2025-08-31	21
1154	12	2024-12-06	19
1155	12	2025-02-25	17
1156	12	2025-03-30	12
1157	12	2024-07-27	20
1158	12	2024-08-04	8
1159	12	2024-12-13	6
1160	12	2024-10-17	16
1161	12	2024-04-28	11
1162	12	2025-08-22	9
1163	12	2024-08-30	21
1164	12	2024-05-10	11
1165	12	2024-05-23	11
1166	12	2024-09-20	9
1167	12	2025-10-04	6
1168	12	2025-04-18	17
1169	12	2025-08-27	19
1170	12	2025-02-05	14
1171	12	2024-05-11	14
1172	12	2024-12-24	14
1173	12	2025-09-08	20
1174	12	2025-09-12	20
1175	12	2025-02-14	15
1176	12	2024-08-04	10
1177	12	2025-01-21	10
1178	12	2025-01-14	13
1179	12	2024-12-06	21
1180	12	2025-10-07	20
1181	12	2025-07-03	20
1182	12	2025-01-02	18
1183	12	2025-03-18	15
1184	12	2025-02-22	9
1185	12	2025-06-14	10
1186	12	2025-02-11	8
1187	12	2025-02-11	7
1188	12	2024-12-06	9
1189	12	2025-01-15	11
1190	12	2025-01-08	15
1191	12	2025-05-23	16
1192	12	2024-12-31	21
1193	12	2025-07-30	18
1194	12	2025-01-13	17
1195	12	2025-08-07	12
1196	12	2025-10-08	7
1197	12	2024-10-30	21
1198	12	2025-08-02	19
1199	12	2025-09-16	16
1200	12	2024-10-08	12
1201	13	2025-03-04	16
1202	13	2024-05-24	11
1203	13	2024-05-28	21
1204	13	2025-08-29	20
1205	13	2025-01-23	6
1206	13	2024-06-25	21
1207	13	2025-03-29	11
1208	13	2024-06-20	9
1209	13	2024-07-01	21
1210	13	2025-05-10	6
1211	13	2025-04-11	11
1212	13	2025-08-30	7
1213	13	2024-12-03	16
1214	13	2024-05-12	6
1215	13	2024-12-09	17
1216	13	2024-08-30	18
1217	13	2024-08-17	13
1218	13	2025-10-02	10
1219	13	2024-09-09	19
1220	13	2024-06-25	20
1221	13	2025-01-02	8
1222	13	2024-08-09	10
1223	13	2025-04-29	11
1224	13	2025-05-27	17
1225	13	2025-06-12	11
1226	13	2025-06-19	19
1227	13	2024-11-06	14
1228	13	2025-09-11	18
1229	13	2024-05-09	19
1230	13	2024-06-13	9
1231	13	2025-06-05	10
1232	13	2024-12-11	18
1233	13	2025-09-24	14
1234	13	2024-08-22	6
1235	13	2024-08-25	10
1236	13	2025-09-19	13
1237	13	2024-11-30	11
1238	13	2024-08-13	11
1239	13	2025-07-31	17
1240	13	2025-05-12	17
1241	13	2025-03-08	17
1242	13	2024-09-16	11
1243	13	2024-11-18	9
1244	13	2024-09-21	21
1245	13	2025-02-26	19
1246	13	2025-07-05	16
1247	13	2024-10-02	9
1248	13	2024-10-31	13
1249	13	2024-12-24	16
1250	13	2024-10-18	17
1251	13	2025-01-13	13
1252	13	2024-08-11	16
1253	13	2025-05-20	15
1254	13	2024-05-20	20
1255	13	2024-12-06	10
1256	13	2025-02-06	8
1257	13	2025-03-27	17
1258	13	2025-01-07	15
1259	13	2025-07-01	21
1260	13	2025-09-09	11
1261	13	2025-03-06	6
1262	13	2025-06-05	11
1263	13	2024-12-08	7
1264	13	2025-07-15	6
1265	13	2025-07-02	9
1266	13	2024-06-29	11
1267	13	2024-07-20	17
1268	13	2025-06-04	7
1269	13	2024-06-28	18
1270	13	2024-08-08	8
1271	13	2024-07-26	21
1272	13	2024-10-23	14
1273	13	2025-06-02	12
1274	13	2024-04-30	6
1275	13	2025-04-08	10
1276	13	2024-11-19	9
1277	13	2025-07-18	12
1278	13	2025-03-21	20
1279	13	2024-07-27	14
1280	13	2024-06-15	12
1281	13	2024-06-01	9
1282	13	2025-04-20	16
1283	13	2025-03-24	21
1284	13	2025-02-25	14
1285	13	2024-06-12	7
1286	13	2024-06-08	11
1287	13	2024-08-01	14
1288	13	2024-05-26	9
1289	13	2024-06-12	16
1290	13	2025-09-13	20
1291	13	2025-01-02	14
1292	13	2024-11-29	21
1293	13	2024-07-15	20
1294	13	2025-03-23	21
1295	13	2024-04-29	9
1296	13	2025-07-10	12
1297	13	2024-07-28	12
1298	13	2025-08-07	13
1299	13	2025-02-06	19
1300	13	2025-09-13	14
1301	14	2025-07-10	18
1302	14	2025-06-19	9
1303	14	2024-11-29	7
1304	14	2025-05-01	20
1305	14	2024-05-17	12
1306	14	2024-10-28	11
1307	14	2024-07-16	9
1308	14	2024-10-02	15
1309	14	2024-06-26	19
1310	14	2024-12-06	15
1311	14	2024-11-21	20
1312	14	2025-08-22	7
1313	14	2024-08-27	15
1314	14	2025-07-04	8
1315	14	2024-09-23	9
1316	14	2025-05-02	8
1317	14	2024-12-30	8
1318	14	2025-08-20	14
1319	14	2025-01-24	20
1320	14	2025-04-09	16
1321	14	2024-10-19	6
1322	14	2025-01-08	11
1323	14	2024-08-22	18
1324	14	2025-03-28	7
1325	14	2024-06-14	17
1326	14	2025-07-12	8
1327	14	2024-12-25	16
1328	14	2025-06-25	8
1329	14	2024-10-17	8
1330	14	2024-07-15	18
1331	14	2025-10-08	8
1332	14	2025-07-19	18
1333	14	2025-07-13	11
1334	14	2025-01-14	6
1335	14	2025-08-06	15
1336	14	2024-08-27	6
1337	14	2025-02-04	8
1338	14	2024-07-02	16
1339	14	2025-04-03	14
1340	14	2024-09-19	15
1341	14	2024-06-08	18
1342	14	2024-09-02	8
1343	14	2025-06-30	18
1344	14	2024-08-05	16
1345	14	2025-09-27	18
1346	14	2024-12-11	15
1347	14	2024-06-05	8
1348	14	2024-12-01	13
1349	14	2024-12-16	13
1350	14	2024-11-05	9
1351	14	2025-07-08	7
1352	14	2025-03-15	10
1353	14	2024-10-16	17
1354	14	2025-10-04	18
1355	14	2025-03-18	12
1356	14	2025-10-09	6
1357	14	2024-06-20	8
1358	14	2024-12-10	20
1359	14	2025-09-23	10
1360	14	2024-09-12	9
1361	14	2025-07-08	14
1362	14	2024-09-13	14
1363	14	2024-08-20	9
1364	14	2024-10-14	19
1365	14	2025-01-14	13
1366	14	2025-03-12	21
1367	14	2025-08-15	18
1368	14	2024-06-13	17
1369	14	2025-05-30	8
1370	14	2024-10-22	15
1371	14	2024-10-27	13
1372	14	2025-07-20	8
1373	14	2024-06-22	9
1374	14	2025-04-11	7
1375	14	2024-08-30	13
1376	14	2025-04-09	7
1377	14	2025-04-12	16
1378	14	2024-06-25	9
1379	14	2024-06-13	10
1380	14	2024-12-26	16
1381	14	2024-09-26	17
1382	14	2024-12-23	19
1383	14	2024-10-05	6
1384	14	2024-10-13	11
1385	14	2025-09-25	21
1386	14	2024-10-17	9
1387	14	2025-04-11	13
1388	14	2024-07-18	14
1389	14	2024-12-14	13
1390	14	2024-06-30	7
1391	14	2024-10-13	15
1392	14	2025-09-18	12
1393	14	2025-05-03	15
1394	14	2025-08-30	20
1395	14	2025-03-01	7
1396	14	2024-11-30	20
1397	14	2024-11-05	19
1398	14	2024-12-17	15
1399	14	2024-12-09	19
1400	14	2024-07-03	16
1401	15	2025-04-07	8
1402	15	2024-07-10	15
1403	15	2025-05-08	19
1404	15	2024-09-08	20
1405	15	2025-01-29	6
1406	15	2024-12-01	8
1407	15	2025-07-04	15
1408	15	2025-08-30	14
1409	15	2025-03-06	18
1410	15	2024-05-17	8
1411	15	2025-02-21	9
1412	15	2024-07-25	16
1413	15	2024-12-22	11
1414	15	2024-09-16	17
1415	15	2024-11-03	10
1416	15	2025-08-06	16
1417	15	2024-10-26	11
1418	15	2025-05-28	14
1419	15	2025-03-17	12
1420	15	2025-03-05	19
1421	15	2024-07-21	12
1422	15	2025-09-02	20
1423	15	2025-03-23	17
1424	15	2024-08-30	17
1425	15	2024-11-27	19
1426	15	2024-04-29	13
1427	15	2024-09-29	11
1428	15	2025-01-21	6
1429	15	2025-01-12	6
1430	15	2025-07-29	16
1431	15	2024-08-06	15
1432	15	2024-10-03	13
1433	15	2025-09-12	19
1434	15	2024-06-20	8
1435	15	2025-10-05	19
1436	15	2025-05-31	10
1437	15	2025-09-15	10
1438	15	2024-06-27	15
1439	15	2025-08-23	15
1440	15	2025-06-26	6
1441	15	2025-05-12	13
1442	15	2024-12-18	14
1443	15	2024-05-18	9
1444	15	2025-05-27	6
1445	15	2024-06-08	18
1446	15	2024-06-26	21
1447	15	2025-07-10	15
1448	15	2025-03-13	19
1449	15	2025-10-02	20
1450	15	2025-04-30	21
1451	15	2025-08-08	14
1452	15	2025-04-08	17
1453	15	2025-07-03	15
1454	15	2025-08-20	15
1455	15	2025-06-13	6
1456	15	2024-09-14	8
1457	15	2025-09-21	20
1458	15	2025-08-09	8
1459	15	2025-02-25	21
1460	15	2025-04-19	21
1461	15	2025-01-10	6
1462	15	2025-06-04	11
1463	15	2024-09-19	18
1464	15	2025-05-08	18
1465	15	2024-07-18	18
1466	15	2024-12-26	16
1467	15	2024-09-14	13
1468	15	2024-09-20	9
1469	15	2025-09-20	10
1470	15	2025-07-03	8
1471	15	2025-09-16	14
1472	15	2024-12-06	17
1473	15	2025-03-29	15
1474	15	2025-10-01	11
1475	15	2024-05-01	11
1476	15	2024-09-02	12
1477	15	2025-09-28	14
1478	15	2024-12-27	17
1479	15	2025-01-17	7
1480	15	2025-07-06	7
1481	15	2025-01-08	7
1482	15	2024-12-22	19
1483	15	2025-05-15	21
1484	15	2025-06-11	11
1485	15	2024-06-01	21
1486	15	2025-07-19	21
1487	15	2025-09-28	18
1488	15	2024-11-08	16
1489	15	2025-08-04	21
1490	15	2024-08-31	10
1491	15	2024-08-01	14
1492	15	2025-02-09	16
1493	15	2025-04-23	7
1494	15	2024-09-18	17
1495	15	2025-04-27	15
1496	15	2025-02-19	13
1497	15	2024-08-21	6
1498	15	2025-05-31	12
1499	15	2025-08-31	9
1500	15	2025-05-10	17
\.


--
-- Data for Name: coaches; Type: TABLE DATA; Schema: public; Owner: postgres
--

COPY public.coaches (coach_id, coach_name, sport, course_price) FROM stdin;
1	Coach Christian Johnson	tennis	100000
2	Coach Rodney Moore	tennis	75000
3	Coach Dr. Adam Taylor	tennis	100000
4	Coach Brittany Vasquez	tennis	125000
5	Coach Sandra Cline	tennis	125000
6	Coach Melissa Mccall	pickleball	50000
7	Coach David White	pickleball	125000
8	Coach James Schmidt	pickleball	150000
9	Coach Martin Ramirez	pickleball	65000
10	Coach John Luna	pickleball	150000
11	Coach Jose Gray	padel	80000
12	Coach Jessica Chandler	padel	180000
13	Coach Joseph Martinez	padel	100000
14	Coach Sara Weaver	padel	100000
15	Coach Craig Lucero	padel	120000
\.


--
-- Data for Name: fieldbookingdetail; Type: TABLE DATA; Schema: public; Owner: postgres
--

COPY public.fieldbookingdetail (field_booking_detail_id, field_id, date, hour) FROM stdin;
1	1	2025-06-22	17
2	1	2025-06-07	10
3	1	2025-05-29	18
4	1	2025-02-27	8
5	1	2024-10-22	6
6	1	2025-10-04	14
7	1	2024-06-27	6
8	1	2025-10-01	6
9	1	2025-02-07	12
10	1	2025-05-03	13
11	1	2025-04-09	12
12	1	2024-08-07	20
13	1	2024-08-26	10
14	1	2024-06-28	10
15	1	2024-12-26	16
16	1	2025-05-02	20
17	1	2025-01-25	9
18	1	2025-05-27	20
19	1	2024-11-14	12
20	1	2025-03-05	11
21	1	2025-04-30	11
22	2	2024-07-18	6
23	2	2024-11-17	17
24	2	2024-12-16	14
25	2	2025-02-08	10
26	2	2025-06-16	7
27	2	2024-10-31	19
28	2	2024-12-06	12
29	2	2025-09-04	18
30	2	2025-01-10	17
31	2	2024-07-27	18
32	2	2024-10-16	18
33	2	2024-10-31	12
34	2	2025-01-09	6
35	2	2024-06-12	14
36	2	2025-09-23	9
37	2	2024-07-15	16
38	2	2024-12-07	16
39	2	2025-03-15	12
40	2	2024-09-30	6
41	2	2024-08-22	18
42	2	2025-02-09	17
43	3	2025-04-17	8
44	3	2025-04-05	6
45	3	2024-08-15	8
46	3	2025-02-25	6
47	3	2024-09-30	14
48	3	2025-02-27	12
49	3	2025-09-10	12
50	3	2024-10-30	6
51	3	2025-03-06	13
52	3	2025-01-17	19
53	3	2024-12-13	17
54	3	2025-06-16	7
55	3	2025-01-03	11
56	3	2025-02-18	7
57	3	2025-01-16	10
58	3	2024-07-06	12
59	3	2025-09-08	13
60	3	2025-06-07	18
61	3	2025-01-24	10
62	3	2025-02-03	8
63	3	2025-09-21	16
64	4	2024-06-24	14
65	4	2025-09-23	13
66	4	2024-07-18	12
67	4	2025-06-05	16
68	4	2024-08-08	9
69	4	2024-05-27	19
70	4	2024-05-16	9
71	4	2025-05-14	18
72	4	2024-07-01	10
73	4	2024-07-29	6
74	4	2025-05-31	12
75	4	2025-04-25	16
76	4	2025-06-01	9
77	4	2025-08-19	18
78	4	2025-06-08	19
79	4	2024-08-28	12
80	4	2024-07-29	9
81	4	2025-04-22	18
82	4	2025-03-14	16
83	4	2025-10-05	14
84	4	2025-09-23	18
85	5	2024-07-07	15
86	5	2024-08-06	7
87	5	2025-01-30	7
88	5	2024-11-24	8
89	5	2025-01-06	10
90	5	2025-02-06	12
91	5	2025-04-08	19
92	5	2024-09-13	19
93	5	2025-01-15	7
94	5	2025-05-21	20
95	5	2024-12-27	18
96	5	2025-03-02	16
97	5	2025-08-12	20
98	5	2025-05-17	6
99	5	2025-03-14	16
100	5	2025-09-10	7
101	5	2025-02-08	19
102	5	2025-01-16	6
103	5	2025-08-24	9
104	5	2025-03-13	16
105	5	2025-08-30	9
106	6	2024-05-30	11
107	6	2024-11-08	13
108	6	2025-04-16	12
109	6	2024-12-25	7
110	6	2024-12-13	19
111	6	2025-07-09	17
112	6	2025-05-28	17
113	6	2025-02-07	20
114	6	2025-04-03	20
115	6	2025-08-08	19
116	6	2024-06-15	8
117	6	2025-03-23	14
118	6	2025-03-23	9
119	6	2024-08-29	13
120	6	2024-07-25	16
121	6	2024-08-04	16
122	6	2024-10-11	19
123	6	2025-02-16	8
124	6	2024-08-20	18
125	6	2024-07-11	16
126	6	2024-10-12	17
127	7	2024-06-17	8
128	7	2025-09-06	10
129	7	2024-12-10	14
130	7	2024-04-27	13
131	7	2024-12-09	11
132	7	2024-11-14	18
133	7	2024-11-23	20
134	7	2024-12-09	14
135	7	2024-12-01	9
136	7	2025-02-08	9
137	7	2025-04-12	10
138	7	2025-07-23	15
139	7	2025-09-18	12
140	7	2025-06-07	20
141	7	2025-07-24	16
142	7	2025-04-01	19
143	7	2024-10-03	17
144	7	2025-08-13	18
145	7	2024-11-17	10
146	7	2025-04-03	10
147	7	2024-08-24	20
148	8	2025-05-18	8
149	8	2025-06-14	11
150	8	2025-04-26	20
151	8	2024-10-05	20
152	8	2025-06-14	13
153	8	2025-07-11	20
154	8	2024-05-10	12
155	8	2024-06-02	10
156	8	2024-05-16	17
157	8	2025-09-06	16
158	8	2025-05-04	6
159	8	2024-05-18	11
160	8	2025-06-14	18
161	8	2024-07-14	17
162	8	2024-11-27	9
163	8	2024-06-29	13
164	8	2024-05-20	8
165	8	2024-08-18	11
166	8	2025-02-15	18
167	8	2024-08-10	17
168	8	2025-04-29	11
169	9	2025-08-29	13
170	9	2025-02-01	6
171	9	2025-01-07	15
172	9	2024-06-19	19
173	9	2024-12-30	15
174	9	2025-05-08	11
175	9	2025-07-03	11
176	9	2025-02-27	13
177	9	2024-07-08	13
178	9	2025-03-26	15
179	9	2025-09-18	9
180	9	2024-08-23	8
181	9	2025-08-08	6
182	9	2024-10-02	19
183	9	2024-05-31	18
184	9	2025-01-27	16
185	9	2025-04-06	16
186	9	2024-05-26	19
187	9	2024-11-10	18
188	9	2025-04-14	9
189	9	2024-09-06	10
190	10	2024-08-22	9
191	10	2024-05-24	17
192	10	2024-09-07	19
193	10	2025-03-14	9
194	10	2025-06-13	13
195	10	2025-07-20	12
196	10	2025-07-28	6
197	10	2025-03-20	14
198	10	2025-08-29	14
199	10	2024-10-27	9
200	10	2024-11-17	9
201	10	2025-01-19	7
202	10	2025-02-24	10
203	10	2025-05-18	15
204	10	2025-02-27	10
205	10	2025-05-02	9
206	10	2024-08-15	20
207	10	2025-02-27	14
208	10	2024-08-17	18
209	10	2024-11-14	19
210	10	2025-08-11	13
211	11	2025-06-23	7
212	11	2024-05-16	6
213	11	2024-07-08	17
214	11	2024-06-25	17
215	11	2025-05-14	14
216	11	2024-09-28	8
217	11	2025-04-11	18
218	11	2024-10-08	9
219	11	2025-02-04	13
220	11	2024-12-16	15
221	11	2025-01-05	8
222	11	2025-10-02	10
223	11	2024-05-24	7
224	11	2024-11-22	13
225	11	2025-02-06	18
226	11	2024-11-09	16
227	11	2024-06-26	18
228	11	2024-10-31	11
229	11	2024-07-01	11
230	11	2025-04-29	13
231	11	2025-07-23	14
232	12	2025-02-05	16
233	12	2025-08-15	7
234	12	2024-05-28	17
235	12	2024-08-03	15
236	12	2025-08-08	18
237	12	2024-10-16	19
238	12	2024-09-03	11
239	12	2025-07-22	15
240	12	2024-09-11	15
241	12	2024-10-14	20
242	12	2024-05-06	12
243	12	2024-10-27	18
244	12	2025-05-18	16
245	12	2024-11-27	7
246	12	2025-09-15	12
247	12	2024-07-20	11
248	12	2024-12-22	11
249	12	2024-12-06	9
250	12	2025-05-14	13
251	12	2025-05-05	7
252	12	2025-07-15	6
253	13	2024-10-22	17
254	13	2025-08-03	15
255	13	2025-07-05	20
256	13	2025-03-07	20
257	13	2024-08-24	15
258	13	2024-09-28	16
259	13	2025-02-24	11
260	13	2025-02-16	13
261	13	2025-06-17	8
262	13	2025-04-25	7
263	13	2024-06-18	17
264	13	2024-07-18	19
265	13	2024-06-11	13
266	13	2025-04-13	6
267	13	2025-06-16	14
268	13	2024-06-03	10
269	13	2025-04-17	15
270	13	2025-01-18	11
271	13	2024-12-31	15
272	13	2024-08-09	7
273	13	2024-07-14	6
274	14	2024-08-04	16
275	14	2024-08-09	8
276	14	2024-06-16	18
277	14	2025-01-23	13
278	14	2025-10-07	17
279	14	2025-08-02	6
280	14	2025-10-08	18
281	14	2024-08-19	15
282	14	2024-08-03	19
283	14	2024-09-14	8
284	14	2025-07-28	13
285	14	2024-11-25	11
286	14	2024-10-19	20
287	14	2025-01-01	12
288	14	2025-05-19	12
289	14	2025-05-31	6
290	14	2024-11-08	18
291	14	2025-06-16	10
292	14	2024-07-21	9
293	14	2024-12-20	8
294	14	2025-01-07	10
295	15	2024-07-04	11
296	15	2025-06-07	12
297	15	2024-08-25	14
298	15	2024-07-04	7
299	15	2024-09-20	10
300	15	2024-04-27	15
301	15	2024-05-08	20
302	15	2024-09-05	7
303	15	2025-01-08	20
304	15	2025-08-16	7
305	15	2024-05-19	19
306	15	2025-05-15	13
307	15	2024-11-30	15
308	15	2025-07-16	20
309	15	2024-10-08	13
310	15	2025-03-15	7
311	15	2024-05-26	10
312	15	2025-04-05	6
313	15	2025-06-15	18
314	15	2024-09-16	7
315	15	2025-09-02	14
\.


--
-- Data for Name: fields; Type: TABLE DATA; Schema: public; Owner: postgres
--

COPY public.fields (field_id, field_name, sport, rental_price) FROM stdin;
1	Lapangan Tennis 1	tennis	350000
2	Lapangan Tennis 2	tennis	150000
3	Lapangan Tennis 3	tennis	550000
4	Lapangan Tennis 4	tennis	150000
5	Lapangan Tennis 5	tennis	550000
6	Lapangan Pickleball 6	pickleball	250000
7	Lapangan Pickleball 7	pickleball	280000
8	Lapangan Pickleball 8	pickleball	160000
9	Lapangan Pickleball 9	pickleball	360000
10	Lapangan Pickleball 10	pickleball	400000
11	Lapangan Padel 11	padel	500000
12	Lapangan Padel 12	padel	320000
13	Lapangan Padel 13	padel	500000
14	Lapangan Padel 14	padel	320000
15	Lapangan Padel 15	padel	320000
\.


--
-- Data for Name: groupcourseorder; Type: TABLE DATA; Schema: public; Owner: postgres
--

COPY public.groupcourseorder (group_course_order_id, customer_id, payment_id) FROM stdin;
1	392	800
2	270	799
3	221	797
4	334	795
5	319	794
6	192	793
7	74	792
8	142	791
9	10	788
10	365	787
11	130	786
12	199	785
13	116	783
14	319	782
15	153	781
16	210	780
17	70	776
18	297	775
19	245	772
20	380	771
21	255	770
22	8	769
23	141	768
24	198	767
25	392	766
26	18	765
27	214	764
28	333	762
29	213	761
30	115	760
31	158	759
32	210	758
33	299	756
34	322	754
35	322	753
36	84	752
37	329	750
38	153	749
39	222	748
40	305	747
41	159	746
42	325	744
43	268	743
44	241	742
45	7	741
46	340	740
47	360	739
48	36	738
49	213	737
50	191	734
51	247	733
52	386	732
53	307	730
54	249	728
55	243	727
56	168	726
57	60	725
58	351	724
59	131	721
60	22	719
61	213	718
62	229	717
63	283	716
64	110	715
65	27	712
66	384	710
67	345	707
68	103	706
69	178	705
70	263	703
71	264	698
72	74	697
73	306	695
74	309	694
75	141	693
76	392	691
77	251	690
78	284	689
79	257	688
80	158	687
81	308	686
82	206	685
83	236	683
84	38	681
85	43	680
86	159	679
87	69	678
88	47	677
89	388	676
90	123	675
91	223	674
92	152	673
93	79	671
94	331	670
95	184	669
96	143	668
97	277	666
98	47	664
99	330	663
100	60	661
101	50	660
102	222	659
103	212	658
104	364	657
105	161	656
106	259	653
107	282	652
108	49	651
109	233	650
110	61	649
111	282	647
112	80	646
113	132	644
114	291	643
115	292	642
116	365	641
117	233	640
118	180	638
119	172	637
120	391	636
121	69	635
122	66	634
123	185	633
124	79	632
125	252	631
126	138	630
127	241	629
128	352	628
129	242	624
130	181	622
131	253	618
132	304	617
133	229	616
134	172	615
135	254	614
136	263	613
137	277	611
138	171	608
139	54	607
140	310	606
141	382	605
142	87	604
143	138	603
144	389	602
145	327	601
146	68	599
147	317	598
148	79	597
149	135	596
150	150	595
151	61	594
152	288	593
153	254	592
154	218	591
155	331	589
156	56	588
157	202	587
158	131	586
159	225	584
160	245	583
161	309	582
162	360	580
163	312	579
164	260	578
165	18	577
166	116	576
167	70	575
168	220	574
169	138	573
170	120	572
171	383	571
172	324	570
173	291	569
174	361	568
175	324	567
176	139	566
177	383	565
178	16	564
179	281	563
180	188	561
181	218	560
182	14	559
183	191	558
184	356	557
185	122	555
186	267	554
187	319	552
188	358	551
189	111	550
190	69	549
191	325	548
192	247	546
193	214	545
194	72	544
195	173	543
196	32	541
197	378	540
198	258	539
199	22	538
200	211	537
201	139	535
202	352	533
203	365	532
204	253	531
205	21	530
206	79	529
207	139	528
208	215	526
209	138	525
210	225	524
211	107	523
212	325	522
213	345	521
214	25	520
215	113	519
216	106	518
217	355	516
218	216	515
219	40	514
220	350	513
221	344	512
222	255	511
223	25	510
224	181	509
225	298	506
226	349	505
227	382	504
228	261	503
229	107	502
230	303	501
231	176	499
232	65	497
233	248	496
234	309	495
235	181	492
236	190	489
237	318	488
238	237	487
239	373	486
240	327	485
241	17	484
242	119	483
243	189	482
244	14	481
245	376	479
246	395	478
247	293	476
248	396	473
249	374	472
250	82	469
251	35	468
252	115	467
253	134	466
254	135	465
255	281	464
256	162	463
257	282	462
258	273	461
259	30	459
260	397	458
261	95	457
262	161	455
263	144	454
264	126	453
265	106	452
266	296	451
267	287	449
268	69	448
269	312	447
270	209	446
271	363	444
272	32	443
273	360	442
274	228	440
275	122	439
276	260	438
277	314	437
278	80	436
279	91	435
280	34	434
281	27	433
282	259	432
283	389	431
284	15	430
285	143	428
286	290	427
287	30	426
288	84	425
289	182	422
290	331	421
291	324	420
292	46	417
293	63	416
294	288	414
295	207	411
296	227	410
297	342	409
298	62	407
299	213	406
300	22	401
301	310	400
302	63	399
303	187	398
304	45	396
305	159	395
306	398	393
307	18	392
308	172	391
309	148	390
310	102	389
311	363	388
312	301	387
313	69	386
314	303	385
315	269	384
316	297	383
317	104	382
318	72	381
319	109	380
320	110	379
321	68	378
322	355	376
323	301	375
324	324	374
325	47	373
326	129	372
327	267	370
328	355	369
329	326	368
330	147	366
331	288	365
332	307	364
333	316	363
334	255	360
335	392	359
336	220	358
337	261	353
338	82	352
339	254	351
340	355	350
341	246	347
342	214	346
343	93	345
344	217	344
345	286	343
346	62	341
347	296	339
348	243	338
349	314	337
350	197	336
351	384	335
352	119	333
353	91	332
354	276	331
355	155	329
356	258	328
357	276	327
358	64	323
359	262	321
360	252	320
361	330	317
362	394	315
363	358	314
364	259	313
365	103	312
366	304	311
367	39	310
368	78	309
369	302	307
370	94	306
371	169	305
372	108	304
373	353	303
374	126	301
375	147	300
376	317	299
377	47	296
378	149	294
379	56	292
380	358	291
381	176	290
382	326	287
383	139	286
384	89	284
385	286	283
386	239	282
387	359	280
388	123	279
389	283	278
390	173	277
391	192	276
392	303	273
393	348	272
394	358	270
395	201	269
396	195	268
397	221	267
398	188	265
399	6	262
400	156	260
401	395	259
402	249	258
403	77	256
404	276	255
405	12	254
406	56	252
407	273	251
408	124	249
409	52	248
410	278	246
411	41	244
412	370	243
413	22	242
414	186	240
415	332	239
416	341	238
417	230	237
418	384	236
419	33	235
420	342	234
421	275	233
422	187	232
423	363	231
424	268	229
425	334	228
426	26	227
427	276	226
428	129	225
429	17	224
430	343	222
431	49	220
432	72	219
433	328	216
434	367	215
435	230	214
436	63	213
437	233	212
438	55	210
439	282	209
440	93	208
441	68	207
442	99	202
443	109	200
444	318	199
445	157	198
446	154	197
447	10	196
448	313	195
449	225	194
450	243	193
451	306	192
452	226	191
453	87	189
454	309	188
455	206	187
456	113	186
457	352	185
458	178	184
459	74	183
460	169	181
461	184	180
462	129	179
463	321	176
464	135	175
465	320	170
466	132	169
467	24	168
468	219	167
469	83	166
470	90	165
471	116	164
472	282	163
473	305	162
474	391	159
475	372	158
476	59	155
477	10	154
478	250	152
479	331	150
480	171	149
481	387	146
482	66	145
483	84	141
484	259	140
485	387	139
486	89	138
487	38	137
488	321	136
489	255	135
490	251	133
491	266	132
492	383	129
493	374	128
494	147	127
495	347	124
496	161	123
497	331	122
498	327	121
499	65	120
500	195	116
501	191	115
502	172	114
503	120	113
504	288	112
505	150	110
506	55	109
507	107	108
508	113	107
509	343	106
510	400	105
511	38	104
512	230	103
513	336	102
514	174	101
515	123	100
516	89	99
517	49	98
518	174	96
519	176	95
520	249	94
521	348	93
522	385	92
523	171	91
524	28	90
525	212	89
526	223	88
527	188	86
528	35	85
529	243	83
530	177	81
531	203	80
532	114	79
533	354	77
534	116	76
535	16	75
536	202	73
537	344	71
538	364	70
539	91	69
540	303	68
541	378	67
542	237	66
543	320	64
544	358	63
545	84	62
546	17	60
547	334	56
548	95	55
549	173	54
550	80	51
551	318	50
552	98	49
553	376	46
554	205	45
555	101	44
556	386	43
557	70	42
558	89	41
559	214	39
560	61	38
561	373	37
562	292	35
563	146	34
564	319	33
565	165	32
566	321	31
567	55	30
568	99	26
569	234	24
570	257	23
571	227	21
572	389	19
573	146	17
574	334	16
575	198	15
576	194	14
577	20	10
578	89	9
579	365	7
580	275	6
581	305	5
582	298	3
583	398	2
\.


--
-- Data for Name: groupcourseorderdetail; Type: TABLE DATA; Schema: public; Owner: postgres
--

COPY public.groupcourseorderdetail (group_course_order_detail_id, group_course_order_id, course_id, pax_count) FROM stdin;
1	1	167	3
2	2	1117	2
3	3	1254	7
4	4	1398	1
5	5	18	1
6	6	767	2
7	7	743	8
8	8	797	8
9	9	1179	4
10	10	757	4
11	11	981	10
12	12	868	7
13	13	1096	8
14	14	1495	4
15	15	709	5
16	16	897	2
17	17	811	1
18	18	827	8
19	19	639	9
20	20	710	2
21	21	949	9
22	22	1323	5
23	23	1333	8
24	24	204	3
25	25	1068	2
26	26	739	6
27	27	278	3
28	28	215	3
29	29	155	8
30	30	581	5
31	31	435	2
32	32	1002	10
33	33	452	5
34	34	785	5
35	35	192	2
36	36	720	2
37	37	423	2
38	38	816	2
39	39	1220	6
40	40	1176	6
41	41	58	4
42	42	323	1
43	43	654	1
44	44	380	5
45	45	583	9
46	46	525	1
47	47	1170	6
48	48	1205	8
49	49	355	2
50	50	484	6
51	51	1291	2
52	52	66	1
53	53	169	9
54	54	459	8
55	55	357	1
56	56	991	6
57	57	1490	2
58	58	874	6
59	59	1314	4
60	60	136	3
61	61	228	6
62	62	336	1
63	63	686	1
64	64	291	5
65	65	178	7
66	66	1235	4
67	67	750	8
68	68	319	8
69	69	1003	3
70	70	683	4
71	71	546	9
72	72	975	7
73	73	755	3
74	74	1380	1
75	75	618	2
76	76	356	6
77	77	438	4
78	78	1045	5
79	79	258	8
80	80	95	4
81	81	1364	6
82	82	524	3
83	83	130	2
84	84	1411	5
85	85	314	4
86	86	1201	10
87	87	527	9
88	88	1285	4
89	89	1146	5
90	90	384	7
91	91	1255	3
92	92	1097	10
93	93	475	9
94	94	650	5
95	95	1442	5
96	96	1019	8
97	97	1266	10
98	98	280	4
99	99	338	2
100	100	325	9
101	101	244	3
102	102	1159	10
103	103	1455	9
104	104	174	5
105	105	266	9
106	106	1136	8
107	107	698	5
108	108	1129	3
109	109	406	3
110	110	279	1
111	111	159	5
112	112	1329	2
113	113	1193	9
114	114	643	4
115	115	528	8
116	116	1427	7
117	117	183	2
118	118	571	7
119	119	515	8
120	120	100	2
121	121	216	2
122	122	1040	2
123	123	364	7
124	124	931	4
125	125	871	9
126	126	548	4
127	127	327	8
128	128	568	1
129	129	956	1
130	130	2	1
131	131	106	6
132	132	407	10
133	133	914	2
134	134	1196	8
135	135	445	6
136	136	341	1
137	137	45	7
138	138	1406	1
139	139	1275	4
140	140	1120	3
141	141	946	4
142	142	1311	6
143	143	1448	3
144	144	179	4
145	145	162	3
146	146	1169	5
147	147	270	1
148	148	212	4
149	149	487	10
150	150	1212	6
151	151	1392	2
152	152	1124	4
153	153	144	5
154	154	382	3
155	155	724	5
156	156	157	2
157	157	1476	9
158	158	717	9
159	159	879	2
160	160	1298	8
161	161	1376	4
162	162	1166	7
163	163	1208	10
164	164	481	9
165	165	471	1
166	166	275	4
167	167	715	3
168	168	863	3
169	169	983	1
170	170	335	3
171	171	770	8
172	172	1084	9
173	173	1154	2
174	174	329	5
175	175	578	10
176	176	428	5
177	177	1206	1
178	178	193	4
179	179	1000	1
180	180	1387	5
181	181	1332	5
182	182	1305	3
183	183	884	6
184	184	1365	5
185	185	441	2
186	186	663	2
187	187	1334	6
188	188	786	8
189	189	87	7
190	190	1069	3
191	191	1082	1
192	192	534	5
193	193	621	7
194	194	1034	6
195	195	1116	5
196	196	779	9
197	197	392	6
198	198	1162	7
199	199	107	2
200	200	191	8
201	201	1273	2
202	202	1374	5
203	203	908	4
204	204	1408	5
205	205	242	2
206	206	942	4
207	207	1101	6
208	208	839	2
209	209	31	1
210	210	625	4
211	211	374	6
212	212	523	5
213	213	756	6
214	214	945	9
215	215	142	4
216	216	199	8
217	217	513	2
218	218	791	10
219	219	997	1
220	220	1077	4
221	221	396	4
222	222	665	3
223	223	289	2
224	224	99	8
225	225	1104	6
226	226	1346	10
227	227	758	4
228	228	784	2
229	229	567	3
230	230	960	5
231	231	1022	7
232	232	221	1
233	233	495	6
234	234	505	1
235	235	597	6
236	236	810	8
237	237	217	5
238	238	876	6
239	239	1011	8
240	240	604	7
241	241	607	3
242	242	499	2
243	243	1485	5
244	244	32	1
245	245	331	7
246	246	161	6
247	247	740	6
248	248	21	8
249	249	666	1
250	250	734	10
251	251	479	2
252	252	447	1
253	253	70	6
254	254	376	4
255	255	152	8
256	256	208	4
257	257	543	4
258	258	615	6
259	259	350	3
260	260	57	10
261	261	582	6
262	262	137	3
263	263	305	7
264	264	664	10
265	265	348	2
266	266	354	10
267	267	1378	6
268	268	948	7
269	269	365	8
270	270	861	1
271	271	1416	4
272	272	399	10
273	273	294	9
274	274	1359	3
275	275	1245	2
276	276	773	4
277	277	656	6
278	278	540	4
279	279	557	2
280	280	974	6
281	281	536	8
282	282	474	7
283	283	347	10
284	284	138	6
285	285	1403	8
286	286	1001	5
287	287	1210	1
288	288	1453	6
289	289	39	10
290	290	404	6
291	291	774	5
292	292	1377	5
293	293	261	5
294	294	71	7
295	295	725	3
296	296	197	4
297	297	1420	1
298	298	411	7
299	299	935	4
300	300	1308	1
301	301	742	7
302	302	517	8
303	303	772	3
304	304	361	7
305	305	1123	2
306	306	194	5
307	307	851	1
308	308	26	5
309	309	1216	5
310	310	1168	1
311	311	51	7
312	312	383	5
313	313	934	5
314	314	634	6
315	315	754	7
316	316	1417	2
317	317	104	5
318	318	48	6
319	319	924	3
320	320	923	10
321	321	859	2
322	322	1240	5
323	323	1372	3
324	324	1004	3
325	325	603	10
326	326	1231	4
327	327	520	3
328	328	660	8
329	329	1421	2
330	330	283	3
331	331	657	9
332	332	920	3
333	333	549	10
334	334	1274	4
335	335	596	2
336	336	728	4
337	337	1151	4
338	338	572	1
339	339	1184	2
340	340	1246	1
341	341	463	4
342	342	674	7
343	343	1363	5
344	344	416	5
345	345	122	8
346	346	1145	5
347	347	532	4
348	348	262	1
349	349	878	8
350	350	185	5
351	351	301	3
352	352	1115	3
353	353	1484	10
354	354	1053	7
355	355	248	4
356	356	850	10
357	357	1009	6
358	358	799	6
359	359	226	6
360	360	198	3
361	361	823	4
362	362	1479	10
363	363	464	3
364	364	589	5
365	365	16	6
366	366	1277	1
367	367	812	6
368	368	566	3
369	369	1074	6
370	370	164	1
371	371	886	2
372	372	642	8
373	373	1219	4
374	374	518	6
375	375	1012	5
376	376	1428	7
377	377	1368	10
378	378	807	7
379	379	1181	1
380	380	687	3
381	381	1018	10
382	382	895	3
383	383	1460	8
384	384	902	7
385	385	1054	3
386	386	1290	4
387	387	1361	7
388	388	177	8
389	389	112	5
390	390	342	2
391	391	925	8
392	392	318	2
393	393	250	4
394	394	1383	1
395	395	893	5
396	396	147	4
397	397	1309	7
398	398	59	3
399	399	50	1
400	400	298	9
401	401	24	5
402	402	255	6
403	403	511	6
404	404	1430	4
405	405	389	5
406	406	1264	5
407	407	1190	8
408	408	1312	2
409	409	932	3
410	410	398	10
411	411	1060	3
412	412	1330	10
413	413	1133	4
414	414	53	1
415	415	1008	5
416	416	943	7
417	417	1014	7
418	418	675	1
419	419	1349	10
420	420	930	6
421	421	391	1
422	422	440	2
423	423	181	5
424	424	789	8
425	425	1450	3
426	426	236	7
427	427	662	2
428	428	1	7
429	429	1310	6
430	430	1108	2
431	431	1339	7
432	432	716	10
433	433	1483	3
434	434	78	5
435	435	470	9
436	436	140	2
437	437	1134	7
438	438	834	7
439	439	1331	8
440	440	277	3
441	441	346	5
442	442	466	4
443	443	1394	6
444	444	476	3
445	445	1233	9
446	446	8	4
447	447	891	2
448	448	1182	8
449	449	538	5
450	450	1128	3
451	451	218	6
452	452	149	2
453	453	962	3
454	454	1258	6
455	455	585	9
456	456	151	6
457	457	1095	5
458	458	1265	4
459	459	1396	2
460	460	175	6
461	461	651	10
462	462	1282	5
463	463	1303	7
464	464	1140	1
465	465	1468	3
466	466	1391	5
467	467	999	10
468	468	703	2
469	469	1038	8
470	470	722	8
471	471	235	7
472	472	966	5
473	473	110	1
474	474	3	2
475	475	545	2
476	476	873	7
477	477	267	7
478	478	697	5
479	479	92	3
480	480	1106	10
481	481	1080	3
482	482	1243	2
483	483	1177	2
484	484	1137	9
485	485	539	9
486	486	577	10
487	487	1042	3
488	488	1085	1
489	489	1209	8
490	490	1171	7
491	491	288	6
492	492	550	5
493	493	1488	6
494	494	94	1
495	495	1356	1
496	496	769	5
497	497	1058	2
498	498	856	7
499	499	1492	10
500	500	937	5
501	501	1434	4
502	502	1253	10
503	503	771	2
504	504	1458	7
505	505	970	6
506	506	408	2
507	507	1121	7
508	508	1491	1
509	509	77	7
510	510	1111	3
511	511	65	5
512	512	377	2
513	513	1192	3
514	514	819	8
515	515	1379	5
516	516	109	1
517	517	42	7
518	518	708	10
519	519	1405	6
520	520	372	4
521	521	195	1
522	522	980	5
523	523	1093	1
524	524	213	2
525	525	1424	1
526	526	987	4
527	527	172	2
528	528	547	3
529	529	343	4
530	530	1091	8
531	531	324	10
532	532	841	2
533	533	373	6
534	534	916	10
535	535	1056	1
536	536	119	2
537	537	269	5
538	538	196	7
539	539	690	2
540	540	56	6
541	541	795	3
542	542	451	4
543	543	38	10
544	544	896	2
545	545	1065	2
546	546	1381	10
547	547	472	1
548	548	860	7
549	549	1198	1
550	550	91	5
551	551	609	9
552	552	587	7
553	553	766	6
554	554	80	5
555	555	556	1
556	556	1263	6
557	557	34	10
558	558	638	9
559	559	7	2
560	560	393	6
561	561	1088	5
562	562	453	4
563	563	882	6
564	564	965	1
565	565	1289	2
566	566	733	5
567	567	477	2
568	568	19	4
569	569	955	1
570	570	403	3
571	571	368	3
572	572	918	7
573	573	62	8
574	574	977	6
575	575	964	3
576	576	260	6
577	577	580	3
578	578	584	3
579	579	81	9
580	580	713	3
581	581	658	7
582	582	1389	1
583	583	139	9
\.


--
-- Data for Name: groupcourses; Type: TABLE DATA; Schema: public; Owner: postgres
--

COPY public.groupcourses (course_id, course_name, coach_id, sport, field_id, date, start_hour, course_price, quota) FROM stdin;
1	Kursus Grup Tennis 1	1	tennis	1	2025-01-22	8	250000	16
2	Kursus Grup Tennis 2	1	tennis	5	2024-04-29	6	250000	13
3	Kursus Grup Tennis 3	1	tennis	2	2025-02-16	15	450000	14
4	Kursus Grup Tennis 4	1	tennis	3	2024-12-18	10	400000	19
5	Kursus Grup Tennis 5	1	tennis	5	2024-11-12	17	250000	20
6	Kursus Grup Tennis 6	1	tennis	2	2024-08-27	11	350000	15
7	Kursus Grup Tennis 7	1	tennis	3	2025-01-20	7	400000	9
8	Kursus Grup Tennis 8	1	tennis	5	2025-09-06	12	350000	11
9	Kursus Grup Tennis 9	1	tennis	1	2024-09-07	13	250000	19
10	Kursus Grup Tennis 10	1	tennis	2	2024-08-26	7	250000	15
11	Kursus Grup Tennis 11	1	tennis	5	2024-12-11	16	200000	17
12	Kursus Grup Tennis 12	1	tennis	1	2024-06-27	10	200000	19
13	Kursus Grup Tennis 13	1	tennis	4	2025-03-15	11	400000	7
14	Kursus Grup Tennis 14	1	tennis	4	2025-01-12	19	250000	8
15	Kursus Grup Tennis 15	1	tennis	5	2024-08-24	14	300000	6
16	Kursus Grup Tennis 16	1	tennis	5	2025-07-22	8	350000	9
17	Kursus Grup Tennis 17	1	tennis	4	2024-07-20	14	300000	9
18	Kursus Grup Tennis 18	1	tennis	2	2025-06-23	15	300000	5
19	Kursus Grup Tennis 19	1	tennis	5	2024-10-17	6	250000	12
20	Kursus Grup Tennis 20	1	tennis	4	2025-10-03	19	300000	16
21	Kursus Grup Tennis 21	1	tennis	4	2024-11-28	6	200000	15
22	Kursus Grup Tennis 22	1	tennis	2	2025-02-07	7	500000	16
23	Kursus Grup Tennis 23	1	tennis	4	2024-10-07	12	300000	8
24	Kursus Grup Tennis 24	1	tennis	2	2025-07-02	13	350000	6
25	Kursus Grup Tennis 25	1	tennis	3	2024-12-27	8	450000	11
26	Kursus Grup Tennis 26	1	tennis	2	2025-06-29	9	350000	5
27	Kursus Grup Tennis 27	1	tennis	4	2025-06-22	19	450000	8
28	Kursus Grup Tennis 28	1	tennis	1	2025-04-19	16	500000	5
29	Kursus Grup Tennis 29	1	tennis	3	2024-09-18	17	500000	10
30	Kursus Grup Tennis 30	1	tennis	5	2025-08-17	6	500000	17
31	Kursus Grup Tennis 31	1	tennis	2	2025-08-01	14	200000	7
32	Kursus Grup Tennis 32	1	tennis	5	2025-03-03	15	250000	8
33	Kursus Grup Tennis 33	1	tennis	3	2024-10-09	6	250000	18
34	Kursus Grup Tennis 34	1	tennis	1	2024-11-25	15	500000	12
35	Kursus Grup Tennis 35	1	tennis	1	2024-10-07	17	400000	14
36	Kursus Grup Tennis 36	1	tennis	5	2024-05-13	16	400000	7
37	Kursus Grup Tennis 37	1	tennis	5	2025-06-29	6	300000	5
38	Kursus Grup Tennis 38	1	tennis	4	2025-05-22	7	250000	15
39	Kursus Grup Tennis 39	1	tennis	5	2025-05-02	7	500000	13
40	Kursus Grup Tennis 40	1	tennis	1	2024-09-27	12	400000	8
41	Kursus Grup Tennis 41	1	tennis	2	2025-09-26	7	200000	10
42	Kursus Grup Tennis 42	1	tennis	1	2024-09-01	10	450000	7
43	Kursus Grup Tennis 43	1	tennis	3	2024-11-15	19	200000	16
44	Kursus Grup Tennis 44	1	tennis	5	2025-06-21	10	250000	9
45	Kursus Grup Tennis 45	1	tennis	5	2024-07-14	14	250000	14
46	Kursus Grup Tennis 46	1	tennis	2	2025-07-28	18	500000	20
47	Kursus Grup Tennis 47	1	tennis	2	2024-08-09	17	500000	12
48	Kursus Grup Tennis 48	1	tennis	3	2024-08-16	8	250000	12
49	Kursus Grup Tennis 49	1	tennis	5	2024-06-22	10	300000	7
50	Kursus Grup Tennis 50	1	tennis	4	2025-09-20	12	250000	15
51	Kursus Grup Tennis 51	1	tennis	2	2024-06-17	13	450000	20
52	Kursus Grup Tennis 52	1	tennis	1	2025-01-27	16	250000	9
53	Kursus Grup Tennis 53	1	tennis	5	2024-11-30	11	450000	15
54	Kursus Grup Tennis 54	1	tennis	4	2024-05-07	12	300000	10
55	Kursus Grup Tennis 55	1	tennis	1	2024-11-21	19	300000	16
56	Kursus Grup Tennis 56	1	tennis	3	2025-08-06	14	500000	18
57	Kursus Grup Tennis 57	1	tennis	5	2025-07-27	15	500000	19
58	Kursus Grup Tennis 58	1	tennis	3	2024-09-14	17	300000	15
59	Kursus Grup Tennis 59	1	tennis	1	2025-07-20	13	500000	17
60	Kursus Grup Tennis 60	1	tennis	1	2025-09-01	11	400000	13
61	Kursus Grup Tennis 61	1	tennis	5	2024-12-30	7	300000	18
62	Kursus Grup Tennis 62	1	tennis	5	2025-01-08	14	250000	19
63	Kursus Grup Tennis 63	1	tennis	2	2024-12-09	20	200000	8
64	Kursus Grup Tennis 64	1	tennis	3	2024-06-01	15	350000	17
65	Kursus Grup Tennis 65	1	tennis	5	2024-06-20	9	300000	6
66	Kursus Grup Tennis 66	1	tennis	1	2025-04-07	7	350000	9
67	Kursus Grup Tennis 67	1	tennis	2	2025-02-27	20	350000	6
68	Kursus Grup Tennis 68	1	tennis	2	2025-01-03	18	400000	11
69	Kursus Grup Tennis 69	1	tennis	5	2024-12-06	10	450000	18
70	Kursus Grup Tennis 70	1	tennis	2	2025-06-06	9	400000	10
71	Kursus Grup Tennis 71	1	tennis	3	2024-11-20	11	350000	8
72	Kursus Grup Tennis 72	1	tennis	2	2025-03-26	17	500000	5
73	Kursus Grup Tennis 73	1	tennis	1	2025-01-15	17	350000	14
74	Kursus Grup Tennis 74	1	tennis	2	2025-05-17	14	350000	13
75	Kursus Grup Tennis 75	1	tennis	3	2024-08-30	13	200000	11
76	Kursus Grup Tennis 76	1	tennis	2	2025-09-21	8	450000	7
77	Kursus Grup Tennis 77	1	tennis	3	2024-08-09	6	350000	20
78	Kursus Grup Tennis 78	1	tennis	5	2024-05-20	9	200000	15
79	Kursus Grup Tennis 79	1	tennis	2	2025-01-16	15	200000	15
80	Kursus Grup Tennis 80	1	tennis	5	2025-03-27	11	300000	18
81	Kursus Grup Tennis 81	1	tennis	5	2024-10-15	14	500000	17
82	Kursus Grup Tennis 82	1	tennis	4	2024-07-19	7	350000	16
83	Kursus Grup Tennis 83	1	tennis	1	2024-05-24	20	250000	19
84	Kursus Grup Tennis 84	1	tennis	1	2025-01-29	18	200000	20
85	Kursus Grup Tennis 85	1	tennis	1	2025-04-10	20	450000	13
86	Kursus Grup Tennis 86	1	tennis	2	2025-02-02	16	450000	20
87	Kursus Grup Tennis 87	1	tennis	1	2024-12-28	20	400000	7
88	Kursus Grup Tennis 88	1	tennis	4	2025-08-03	13	400000	7
89	Kursus Grup Tennis 89	1	tennis	5	2024-08-23	20	400000	20
90	Kursus Grup Tennis 90	1	tennis	5	2024-12-18	6	250000	20
91	Kursus Grup Tennis 91	1	tennis	2	2025-04-10	7	400000	6
92	Kursus Grup Tennis 92	1	tennis	1	2025-09-30	6	500000	5
93	Kursus Grup Tennis 93	1	tennis	4	2024-12-27	8	200000	20
94	Kursus Grup Tennis 94	1	tennis	1	2024-11-29	8	200000	5
95	Kursus Grup Tennis 95	1	tennis	2	2025-10-09	15	500000	9
96	Kursus Grup Tennis 96	1	tennis	5	2024-09-24	9	300000	8
97	Kursus Grup Tennis 97	1	tennis	1	2025-09-19	19	350000	5
98	Kursus Grup Tennis 98	1	tennis	1	2025-01-15	8	300000	20
99	Kursus Grup Tennis 99	1	tennis	4	2024-06-10	19	450000	19
100	Kursus Grup Tennis 100	1	tennis	5	2025-09-28	20	200000	12
101	Kursus Grup Tennis 101	2	tennis	3	2025-01-02	15	400000	6
102	Kursus Grup Tennis 102	2	tennis	4	2024-08-27	11	250000	12
103	Kursus Grup Tennis 103	2	tennis	5	2024-08-03	15	450000	14
104	Kursus Grup Tennis 104	2	tennis	3	2025-09-18	8	250000	19
105	Kursus Grup Tennis 105	2	tennis	5	2024-07-23	11	200000	15
106	Kursus Grup Tennis 106	2	tennis	4	2025-02-05	14	300000	15
107	Kursus Grup Tennis 107	2	tennis	3	2024-10-03	9	300000	13
108	Kursus Grup Tennis 108	2	tennis	4	2025-09-16	16	450000	16
109	Kursus Grup Tennis 109	2	tennis	2	2025-05-02	13	350000	16
110	Kursus Grup Tennis 110	2	tennis	4	2025-09-08	15	500000	9
111	Kursus Grup Tennis 111	2	tennis	3	2025-07-21	16	250000	20
112	Kursus Grup Tennis 112	2	tennis	2	2025-09-25	6	200000	19
113	Kursus Grup Tennis 113	2	tennis	3	2025-06-26	18	300000	17
114	Kursus Grup Tennis 114	2	tennis	1	2024-08-02	6	350000	19
115	Kursus Grup Tennis 115	2	tennis	1	2025-05-31	20	200000	16
116	Kursus Grup Tennis 116	2	tennis	3	2024-07-20	18	350000	16
117	Kursus Grup Tennis 117	2	tennis	4	2024-10-25	17	250000	18
118	Kursus Grup Tennis 118	2	tennis	5	2024-10-17	13	400000	6
119	Kursus Grup Tennis 119	2	tennis	4	2024-08-07	17	400000	5
120	Kursus Grup Tennis 120	2	tennis	1	2024-06-23	20	250000	19
121	Kursus Grup Tennis 121	2	tennis	2	2025-06-28	9	450000	13
122	Kursus Grup Tennis 122	2	tennis	3	2025-05-28	9	400000	20
123	Kursus Grup Tennis 123	2	tennis	3	2025-09-26	6	400000	6
124	Kursus Grup Tennis 124	2	tennis	5	2025-06-03	7	250000	16
125	Kursus Grup Tennis 125	2	tennis	5	2025-05-29	8	400000	13
126	Kursus Grup Tennis 126	2	tennis	3	2024-09-22	8	350000	9
127	Kursus Grup Tennis 127	2	tennis	3	2025-08-07	7	400000	7
128	Kursus Grup Tennis 128	2	tennis	5	2024-08-23	8	250000	9
129	Kursus Grup Tennis 129	2	tennis	3	2025-09-23	17	300000	12
130	Kursus Grup Tennis 130	2	tennis	1	2025-01-20	20	400000	6
131	Kursus Grup Tennis 131	2	tennis	1	2025-01-14	10	450000	14
132	Kursus Grup Tennis 132	2	tennis	5	2025-04-05	8	450000	7
133	Kursus Grup Tennis 133	2	tennis	1	2024-10-02	19	300000	8
134	Kursus Grup Tennis 134	2	tennis	5	2024-11-17	20	500000	6
135	Kursus Grup Tennis 135	2	tennis	4	2024-05-08	18	500000	19
136	Kursus Grup Tennis 136	2	tennis	2	2024-10-11	18	350000	5
137	Kursus Grup Tennis 137	2	tennis	4	2024-09-15	20	250000	14
138	Kursus Grup Tennis 138	2	tennis	4	2025-03-11	13	500000	10
139	Kursus Grup Tennis 139	2	tennis	2	2024-11-10	10	300000	9
140	Kursus Grup Tennis 140	2	tennis	2	2024-11-01	6	450000	9
141	Kursus Grup Tennis 141	2	tennis	3	2025-05-25	16	250000	10
142	Kursus Grup Tennis 142	2	tennis	1	2025-03-18	19	300000	8
143	Kursus Grup Tennis 143	2	tennis	2	2025-02-27	6	300000	6
144	Kursus Grup Tennis 144	2	tennis	5	2024-12-23	11	350000	6
145	Kursus Grup Tennis 145	2	tennis	4	2024-11-29	12	300000	12
146	Kursus Grup Tennis 146	2	tennis	4	2025-03-27	20	450000	17
147	Kursus Grup Tennis 147	2	tennis	3	2024-05-02	10	500000	10
148	Kursus Grup Tennis 148	2	tennis	5	2024-09-04	11	450000	14
149	Kursus Grup Tennis 149	2	tennis	3	2025-04-20	10	350000	7
150	Kursus Grup Tennis 150	2	tennis	4	2024-09-20	7	400000	16
151	Kursus Grup Tennis 151	2	tennis	2	2025-08-29	6	450000	17
152	Kursus Grup Tennis 152	2	tennis	2	2024-07-03	11	200000	15
153	Kursus Grup Tennis 153	2	tennis	2	2024-07-19	8	350000	13
154	Kursus Grup Tennis 154	2	tennis	2	2024-07-13	13	450000	18
155	Kursus Grup Tennis 155	2	tennis	4	2024-05-06	6	350000	13
156	Kursus Grup Tennis 156	2	tennis	1	2025-09-02	14	500000	17
157	Kursus Grup Tennis 157	2	tennis	4	2024-11-27	8	200000	7
158	Kursus Grup Tennis 158	2	tennis	3	2024-09-06	11	450000	6
159	Kursus Grup Tennis 159	2	tennis	2	2025-10-06	17	250000	15
160	Kursus Grup Tennis 160	2	tennis	4	2025-04-27	12	500000	18
161	Kursus Grup Tennis 161	2	tennis	5	2025-01-10	12	300000	20
162	Kursus Grup Tennis 162	2	tennis	3	2024-09-23	9	350000	7
163	Kursus Grup Tennis 163	2	tennis	5	2025-03-23	14	450000	20
164	Kursus Grup Tennis 164	2	tennis	4	2024-09-26	8	300000	10
165	Kursus Grup Tennis 165	2	tennis	5	2024-08-30	20	400000	10
166	Kursus Grup Tennis 166	2	tennis	5	2024-06-12	12	450000	20
167	Kursus Grup Tennis 167	2	tennis	3	2025-08-03	14	300000	15
168	Kursus Grup Tennis 168	2	tennis	4	2025-07-07	8	200000	13
169	Kursus Grup Tennis 169	2	tennis	5	2024-10-02	15	250000	9
170	Kursus Grup Tennis 170	2	tennis	5	2025-04-02	19	300000	14
171	Kursus Grup Tennis 171	2	tennis	2	2024-05-11	6	500000	7
172	Kursus Grup Tennis 172	2	tennis	5	2024-07-05	16	400000	17
173	Kursus Grup Tennis 173	2	tennis	4	2025-08-11	6	250000	20
174	Kursus Grup Tennis 174	2	tennis	2	2025-09-04	20	350000	10
175	Kursus Grup Tennis 175	2	tennis	4	2025-06-25	10	250000	6
176	Kursus Grup Tennis 176	2	tennis	4	2024-08-18	16	250000	9
177	Kursus Grup Tennis 177	2	tennis	4	2025-01-10	20	200000	16
178	Kursus Grup Tennis 178	2	tennis	2	2025-10-07	17	400000	10
179	Kursus Grup Tennis 179	2	tennis	4	2025-07-22	12	250000	17
180	Kursus Grup Tennis 180	2	tennis	4	2025-09-27	14	300000	15
181	Kursus Grup Tennis 181	2	tennis	1	2024-05-29	14	400000	15
182	Kursus Grup Tennis 182	2	tennis	3	2024-12-28	6	250000	14
183	Kursus Grup Tennis 183	2	tennis	1	2024-07-18	14	200000	9
184	Kursus Grup Tennis 184	2	tennis	1	2024-11-05	10	250000	11
185	Kursus Grup Tennis 185	2	tennis	2	2024-10-27	8	450000	9
186	Kursus Grup Tennis 186	2	tennis	2	2025-07-25	17	350000	11
187	Kursus Grup Tennis 187	2	tennis	2	2024-11-14	19	450000	10
188	Kursus Grup Tennis 188	2	tennis	2	2025-01-21	6	500000	15
189	Kursus Grup Tennis 189	2	tennis	4	2024-11-18	15	350000	15
190	Kursus Grup Tennis 190	2	tennis	4	2025-02-06	14	250000	12
191	Kursus Grup Tennis 191	2	tennis	4	2025-06-15	6	500000	11
192	Kursus Grup Tennis 192	2	tennis	1	2025-04-22	15	450000	10
193	Kursus Grup Tennis 193	2	tennis	1	2025-05-12	12	350000	12
194	Kursus Grup Tennis 194	2	tennis	5	2025-05-22	13	450000	5
195	Kursus Grup Tennis 195	2	tennis	3	2025-04-11	7	350000	14
196	Kursus Grup Tennis 196	2	tennis	2	2025-04-17	14	200000	18
197	Kursus Grup Tennis 197	2	tennis	3	2024-08-19	8	200000	10
198	Kursus Grup Tennis 198	2	tennis	2	2024-06-03	13	200000	20
199	Kursus Grup Tennis 199	2	tennis	2	2025-07-04	11	500000	8
200	Kursus Grup Tennis 200	2	tennis	2	2025-09-06	20	250000	20
201	Kursus Grup Tennis 201	3	tennis	5	2024-07-18	7	350000	14
202	Kursus Grup Tennis 202	3	tennis	1	2024-07-05	6	300000	14
203	Kursus Grup Tennis 203	3	tennis	3	2024-09-27	11	200000	6
204	Kursus Grup Tennis 204	3	tennis	4	2024-10-09	20	500000	11
205	Kursus Grup Tennis 205	3	tennis	3	2024-05-07	18	350000	12
206	Kursus Grup Tennis 206	3	tennis	5	2025-10-09	10	250000	13
207	Kursus Grup Tennis 207	3	tennis	2	2024-07-06	15	250000	15
208	Kursus Grup Tennis 208	3	tennis	3	2024-11-10	18	250000	5
209	Kursus Grup Tennis 209	3	tennis	4	2025-03-23	8	500000	8
210	Kursus Grup Tennis 210	3	tennis	4	2025-01-21	18	350000	15
211	Kursus Grup Tennis 211	3	tennis	5	2024-09-20	19	300000	9
212	Kursus Grup Tennis 212	3	tennis	4	2025-05-16	11	500000	9
213	Kursus Grup Tennis 213	3	tennis	2	2024-10-01	12	400000	7
214	Kursus Grup Tennis 214	3	tennis	4	2025-08-16	11	500000	19
215	Kursus Grup Tennis 215	3	tennis	1	2025-06-08	15	400000	8
216	Kursus Grup Tennis 216	3	tennis	4	2025-05-03	7	450000	8
217	Kursus Grup Tennis 217	3	tennis	2	2024-12-23	9	350000	13
218	Kursus Grup Tennis 218	3	tennis	3	2025-05-21	8	450000	10
219	Kursus Grup Tennis 219	3	tennis	3	2024-05-14	11	300000	19
220	Kursus Grup Tennis 220	3	tennis	2	2025-02-22	16	500000	18
221	Kursus Grup Tennis 221	3	tennis	1	2024-07-14	6	300000	6
222	Kursus Grup Tennis 222	3	tennis	4	2025-06-15	20	200000	5
223	Kursus Grup Tennis 223	3	tennis	4	2025-09-10	7	250000	15
224	Kursus Grup Tennis 224	3	tennis	3	2025-08-21	6	400000	13
225	Kursus Grup Tennis 225	3	tennis	3	2025-08-16	17	350000	18
226	Kursus Grup Tennis 226	3	tennis	4	2025-05-08	8	450000	10
227	Kursus Grup Tennis 227	3	tennis	3	2024-10-12	14	400000	13
228	Kursus Grup Tennis 228	3	tennis	4	2024-06-29	12	300000	16
229	Kursus Grup Tennis 229	3	tennis	5	2024-08-21	14	450000	17
230	Kursus Grup Tennis 230	3	tennis	2	2024-05-10	18	300000	12
231	Kursus Grup Tennis 231	3	tennis	3	2024-08-22	6	250000	14
232	Kursus Grup Tennis 232	3	tennis	1	2025-06-08	20	200000	20
233	Kursus Grup Tennis 233	3	tennis	3	2025-07-18	15	500000	16
234	Kursus Grup Tennis 234	3	tennis	4	2025-05-21	14	450000	12
235	Kursus Grup Tennis 235	3	tennis	5	2025-07-25	20	300000	11
236	Kursus Grup Tennis 236	3	tennis	4	2024-11-22	12	450000	20
237	Kursus Grup Tennis 237	3	tennis	3	2025-02-06	14	400000	19
238	Kursus Grup Tennis 238	3	tennis	2	2024-11-15	13	350000	11
239	Kursus Grup Tennis 239	3	tennis	5	2025-02-22	15	450000	18
240	Kursus Grup Tennis 240	3	tennis	1	2024-11-27	9	300000	16
241	Kursus Grup Tennis 241	3	tennis	1	2024-12-02	6	450000	11
242	Kursus Grup Tennis 242	3	tennis	1	2025-06-07	15	450000	19
243	Kursus Grup Tennis 243	3	tennis	3	2024-09-15	11	450000	16
244	Kursus Grup Tennis 244	3	tennis	3	2024-09-30	17	350000	9
245	Kursus Grup Tennis 245	3	tennis	5	2025-02-04	12	200000	12
246	Kursus Grup Tennis 246	3	tennis	1	2024-09-13	12	300000	17
247	Kursus Grup Tennis 247	3	tennis	5	2025-05-15	12	350000	12
248	Kursus Grup Tennis 248	3	tennis	5	2025-09-14	10	350000	13
249	Kursus Grup Tennis 249	3	tennis	5	2025-07-23	14	400000	6
250	Kursus Grup Tennis 250	3	tennis	1	2025-03-22	14	400000	18
251	Kursus Grup Tennis 251	3	tennis	1	2025-03-12	7	350000	12
252	Kursus Grup Tennis 252	3	tennis	1	2025-09-18	10	450000	19
253	Kursus Grup Tennis 253	3	tennis	2	2025-05-13	8	450000	15
254	Kursus Grup Tennis 254	3	tennis	4	2025-08-04	9	450000	17
255	Kursus Grup Tennis 255	3	tennis	4	2025-04-08	10	400000	17
256	Kursus Grup Tennis 256	3	tennis	5	2024-10-04	13	500000	15
257	Kursus Grup Tennis 257	3	tennis	5	2025-04-01	20	300000	17
258	Kursus Grup Tennis 258	3	tennis	4	2024-07-14	13	300000	11
259	Kursus Grup Tennis 259	3	tennis	2	2025-09-14	9	450000	5
260	Kursus Grup Tennis 260	3	tennis	1	2024-12-30	16	450000	8
261	Kursus Grup Tennis 261	3	tennis	5	2024-08-15	13	300000	16
262	Kursus Grup Tennis 262	3	tennis	2	2024-08-04	8	400000	13
263	Kursus Grup Tennis 263	3	tennis	5	2025-08-05	8	450000	11
264	Kursus Grup Tennis 264	3	tennis	1	2024-09-28	14	200000	19
265	Kursus Grup Tennis 265	3	tennis	4	2025-06-09	9	350000	11
266	Kursus Grup Tennis 266	3	tennis	5	2024-11-28	20	400000	17
267	Kursus Grup Tennis 267	3	tennis	3	2024-08-31	7	400000	7
268	Kursus Grup Tennis 268	3	tennis	4	2024-12-12	16	450000	19
269	Kursus Grup Tennis 269	3	tennis	5	2024-06-15	17	300000	6
270	Kursus Grup Tennis 270	3	tennis	5	2024-10-09	18	300000	7
271	Kursus Grup Tennis 271	3	tennis	3	2024-08-01	17	300000	8
272	Kursus Grup Tennis 272	3	tennis	2	2024-11-01	9	350000	9
273	Kursus Grup Tennis 273	3	tennis	5	2024-07-28	6	450000	13
274	Kursus Grup Tennis 274	3	tennis	1	2025-04-30	6	300000	12
275	Kursus Grup Tennis 275	3	tennis	4	2024-08-22	8	300000	13
276	Kursus Grup Tennis 276	3	tennis	3	2025-09-25	13	250000	14
277	Kursus Grup Tennis 277	3	tennis	3	2025-01-25	12	350000	12
278	Kursus Grup Tennis 278	3	tennis	5	2024-06-16	12	250000	5
279	Kursus Grup Tennis 279	3	tennis	4	2025-10-01	8	400000	19
280	Kursus Grup Tennis 280	3	tennis	5	2024-07-25	17	500000	10
281	Kursus Grup Tennis 281	3	tennis	5	2025-03-31	17	300000	12
282	Kursus Grup Tennis 282	3	tennis	3	2024-08-02	6	500000	11
283	Kursus Grup Tennis 283	3	tennis	4	2025-09-25	20	300000	9
284	Kursus Grup Tennis 284	3	tennis	4	2025-01-14	9	250000	14
285	Kursus Grup Tennis 285	3	tennis	2	2024-11-20	6	250000	9
286	Kursus Grup Tennis 286	3	tennis	3	2024-06-17	6	300000	20
287	Kursus Grup Tennis 287	3	tennis	3	2025-09-29	18	300000	11
288	Kursus Grup Tennis 288	3	tennis	4	2025-02-19	16	450000	6
289	Kursus Grup Tennis 289	3	tennis	2	2024-07-10	12	350000	9
290	Kursus Grup Tennis 290	3	tennis	1	2025-06-16	8	250000	14
291	Kursus Grup Tennis 291	3	tennis	3	2024-08-05	7	450000	13
292	Kursus Grup Tennis 292	3	tennis	2	2024-04-29	9	400000	20
293	Kursus Grup Tennis 293	3	tennis	5	2024-07-17	11	400000	13
294	Kursus Grup Tennis 294	3	tennis	1	2025-06-04	16	500000	15
295	Kursus Grup Tennis 295	3	tennis	3	2024-12-26	15	500000	19
296	Kursus Grup Tennis 296	3	tennis	1	2024-10-21	9	250000	5
297	Kursus Grup Tennis 297	3	tennis	2	2025-07-04	9	250000	10
298	Kursus Grup Tennis 298	3	tennis	1	2025-08-13	19	250000	15
299	Kursus Grup Tennis 299	3	tennis	1	2025-03-21	18	250000	18
300	Kursus Grup Tennis 300	3	tennis	1	2024-12-12	14	400000	13
301	Kursus Grup Tennis 301	4	tennis	4	2024-09-22	19	500000	5
302	Kursus Grup Tennis 302	4	tennis	1	2024-12-18	14	350000	17
303	Kursus Grup Tennis 303	4	tennis	2	2025-06-18	9	350000	15
304	Kursus Grup Tennis 304	4	tennis	1	2025-07-25	8	250000	10
305	Kursus Grup Tennis 305	4	tennis	5	2025-01-14	15	250000	8
306	Kursus Grup Tennis 306	4	tennis	2	2025-02-13	17	450000	10
307	Kursus Grup Tennis 307	4	tennis	4	2025-03-10	13	300000	15
308	Kursus Grup Tennis 308	4	tennis	5	2024-10-06	19	350000	19
309	Kursus Grup Tennis 309	4	tennis	4	2025-09-04	16	400000	20
310	Kursus Grup Tennis 310	4	tennis	1	2024-07-26	7	400000	11
311	Kursus Grup Tennis 311	4	tennis	3	2024-07-03	8	300000	9
312	Kursus Grup Tennis 312	4	tennis	2	2024-10-03	14	400000	10
313	Kursus Grup Tennis 313	4	tennis	1	2024-05-13	8	450000	14
314	Kursus Grup Tennis 314	4	tennis	1	2025-08-21	17	450000	7
315	Kursus Grup Tennis 315	4	tennis	3	2025-02-19	13	450000	18
316	Kursus Grup Tennis 316	4	tennis	1	2025-08-25	7	500000	11
317	Kursus Grup Tennis 317	4	tennis	3	2025-06-15	12	200000	10
318	Kursus Grup Tennis 318	4	tennis	2	2024-05-03	15	350000	11
319	Kursus Grup Tennis 319	4	tennis	5	2024-08-22	19	350000	10
320	Kursus Grup Tennis 320	4	tennis	1	2024-11-14	15	350000	8
321	Kursus Grup Tennis 321	4	tennis	4	2025-02-27	10	450000	11
322	Kursus Grup Tennis 322	4	tennis	3	2025-07-07	6	400000	8
323	Kursus Grup Tennis 323	4	tennis	2	2025-08-09	15	200000	14
324	Kursus Grup Tennis 324	4	tennis	1	2025-01-09	8	300000	13
325	Kursus Grup Tennis 325	4	tennis	5	2024-07-20	18	250000	17
326	Kursus Grup Tennis 326	4	tennis	3	2024-10-12	11	400000	5
327	Kursus Grup Tennis 327	4	tennis	3	2024-06-02	7	450000	16
328	Kursus Grup Tennis 328	4	tennis	4	2024-10-11	6	250000	16
329	Kursus Grup Tennis 329	4	tennis	1	2024-06-08	16	250000	19
330	Kursus Grup Tennis 330	4	tennis	2	2025-02-27	8	450000	10
331	Kursus Grup Tennis 331	4	tennis	2	2024-10-17	15	400000	16
332	Kursus Grup Tennis 332	4	tennis	3	2024-11-27	19	250000	19
333	Kursus Grup Tennis 333	4	tennis	1	2025-01-03	19	350000	14
334	Kursus Grup Tennis 334	4	tennis	3	2024-09-20	19	350000	6
335	Kursus Grup Tennis 335	4	tennis	5	2025-06-12	18	350000	5
336	Kursus Grup Tennis 336	4	tennis	1	2024-12-17	19	350000	18
337	Kursus Grup Tennis 337	4	tennis	2	2025-01-31	12	250000	13
338	Kursus Grup Tennis 338	4	tennis	1	2024-11-21	9	400000	7
339	Kursus Grup Tennis 339	4	tennis	3	2024-11-03	11	450000	18
340	Kursus Grup Tennis 340	4	tennis	3	2025-10-06	20	500000	12
341	Kursus Grup Tennis 341	4	tennis	4	2025-10-03	13	400000	13
342	Kursus Grup Tennis 342	4	tennis	5	2025-02-08	6	200000	11
343	Kursus Grup Tennis 343	4	tennis	1	2025-06-09	18	250000	9
344	Kursus Grup Tennis 344	4	tennis	3	2024-11-28	10	400000	5
345	Kursus Grup Tennis 345	4	tennis	2	2024-11-16	11	200000	6
346	Kursus Grup Tennis 346	4	tennis	5	2025-07-05	14	200000	8
347	Kursus Grup Tennis 347	4	tennis	5	2025-06-19	11	400000	20
348	Kursus Grup Tennis 348	4	tennis	1	2024-09-15	15	350000	15
349	Kursus Grup Tennis 349	4	tennis	3	2025-06-18	20	200000	19
350	Kursus Grup Tennis 350	4	tennis	5	2024-10-01	20	500000	11
351	Kursus Grup Tennis 351	4	tennis	2	2024-10-13	9	400000	17
352	Kursus Grup Tennis 352	4	tennis	1	2025-08-14	18	250000	9
353	Kursus Grup Tennis 353	4	tennis	3	2024-11-04	7	400000	10
354	Kursus Grup Tennis 354	4	tennis	4	2024-12-20	16	350000	15
355	Kursus Grup Tennis 355	4	tennis	4	2024-12-11	10	250000	18
356	Kursus Grup Tennis 356	4	tennis	3	2024-10-07	6	500000	16
357	Kursus Grup Tennis 357	4	tennis	1	2024-05-24	10	300000	8
358	Kursus Grup Tennis 358	4	tennis	5	2024-10-01	15	350000	17
359	Kursus Grup Tennis 359	4	tennis	3	2024-10-08	11	450000	10
360	Kursus Grup Tennis 360	4	tennis	3	2025-07-13	14	350000	10
361	Kursus Grup Tennis 361	4	tennis	4	2025-08-20	13	450000	16
362	Kursus Grup Tennis 362	4	tennis	2	2025-07-13	17	450000	15
363	Kursus Grup Tennis 363	4	tennis	4	2025-09-14	19	250000	16
364	Kursus Grup Tennis 364	4	tennis	5	2025-07-12	13	400000	14
365	Kursus Grup Tennis 365	4	tennis	4	2025-01-01	6	500000	12
366	Kursus Grup Tennis 366	4	tennis	2	2025-01-18	9	400000	9
367	Kursus Grup Tennis 367	4	tennis	4	2024-07-20	8	300000	15
368	Kursus Grup Tennis 368	4	tennis	4	2024-11-17	17	300000	9
369	Kursus Grup Tennis 369	4	tennis	3	2024-08-16	11	500000	14
370	Kursus Grup Tennis 370	4	tennis	1	2025-01-06	18	400000	8
371	Kursus Grup Tennis 371	4	tennis	4	2024-09-04	6	350000	16
372	Kursus Grup Tennis 372	4	tennis	2	2024-06-04	8	300000	7
373	Kursus Grup Tennis 373	4	tennis	3	2025-07-05	6	300000	9
374	Kursus Grup Tennis 374	4	tennis	1	2024-06-02	11	300000	7
375	Kursus Grup Tennis 375	4	tennis	4	2024-09-08	19	400000	17
376	Kursus Grup Tennis 376	4	tennis	3	2024-06-14	16	350000	7
377	Kursus Grup Tennis 377	4	tennis	1	2025-04-22	20	350000	20
378	Kursus Grup Tennis 378	4	tennis	1	2025-02-10	12	200000	7
379	Kursus Grup Tennis 379	4	tennis	4	2025-09-29	20	300000	18
380	Kursus Grup Tennis 380	4	tennis	5	2025-04-04	10	350000	6
381	Kursus Grup Tennis 381	4	tennis	5	2024-05-07	19	250000	12
382	Kursus Grup Tennis 382	4	tennis	5	2024-09-27	11	300000	6
383	Kursus Grup Tennis 383	4	tennis	3	2025-05-06	19	500000	8
384	Kursus Grup Tennis 384	4	tennis	4	2024-06-12	18	250000	15
385	Kursus Grup Tennis 385	4	tennis	4	2024-09-13	17	250000	11
386	Kursus Grup Tennis 386	4	tennis	5	2025-05-22	19	450000	5
387	Kursus Grup Tennis 387	4	tennis	4	2024-05-18	14	400000	19
388	Kursus Grup Tennis 388	4	tennis	3	2025-07-17	16	400000	19
389	Kursus Grup Tennis 389	4	tennis	2	2025-05-09	11	200000	9
390	Kursus Grup Tennis 390	4	tennis	3	2024-05-13	15	350000	20
391	Kursus Grup Tennis 391	4	tennis	3	2024-12-23	16	500000	10
392	Kursus Grup Tennis 392	4	tennis	1	2025-10-09	18	200000	7
393	Kursus Grup Tennis 393	4	tennis	3	2025-07-18	8	200000	10
394	Kursus Grup Tennis 394	4	tennis	5	2025-08-04	17	300000	16
395	Kursus Grup Tennis 395	4	tennis	1	2024-09-03	20	500000	8
396	Kursus Grup Tennis 396	4	tennis	3	2025-01-21	19	450000	8
397	Kursus Grup Tennis 397	4	tennis	4	2024-09-24	9	350000	6
398	Kursus Grup Tennis 398	4	tennis	4	2025-07-22	7	300000	10
399	Kursus Grup Tennis 399	4	tennis	4	2025-08-14	10	350000	14
400	Kursus Grup Tennis 400	4	tennis	1	2025-09-17	6	250000	11
401	Kursus Grup Tennis 401	5	tennis	3	2024-09-16	14	200000	9
402	Kursus Grup Tennis 402	5	tennis	4	2025-09-13	17	450000	10
403	Kursus Grup Tennis 403	5	tennis	3	2024-08-16	6	400000	11
404	Kursus Grup Tennis 404	5	tennis	5	2025-08-02	11	200000	9
405	Kursus Grup Tennis 405	5	tennis	5	2024-08-03	18	250000	9
406	Kursus Grup Tennis 406	5	tennis	2	2025-04-05	20	200000	20
407	Kursus Grup Tennis 407	5	tennis	2	2025-07-16	13	400000	15
408	Kursus Grup Tennis 408	5	tennis	4	2024-10-03	7	450000	12
409	Kursus Grup Tennis 409	5	tennis	1	2024-08-09	10	350000	16
410	Kursus Grup Tennis 410	5	tennis	1	2025-02-06	9	350000	7
411	Kursus Grup Tennis 411	5	tennis	2	2025-01-24	6	450000	14
412	Kursus Grup Tennis 412	5	tennis	1	2025-06-11	18	300000	18
413	Kursus Grup Tennis 413	5	tennis	4	2024-08-08	12	500000	17
414	Kursus Grup Tennis 414	5	tennis	2	2025-07-05	17	300000	20
415	Kursus Grup Tennis 415	5	tennis	3	2025-06-05	7	200000	11
416	Kursus Grup Tennis 416	5	tennis	2	2025-03-05	8	500000	20
417	Kursus Grup Tennis 417	5	tennis	2	2025-09-25	13	400000	11
418	Kursus Grup Tennis 418	5	tennis	4	2025-06-11	11	450000	7
419	Kursus Grup Tennis 419	5	tennis	5	2025-01-04	6	400000	14
420	Kursus Grup Tennis 420	5	tennis	4	2024-10-27	11	500000	17
421	Kursus Grup Tennis 421	5	tennis	4	2025-03-04	8	300000	5
422	Kursus Grup Tennis 422	5	tennis	2	2025-09-12	8	300000	17
423	Kursus Grup Tennis 423	5	tennis	5	2024-06-20	15	500000	13
424	Kursus Grup Tennis 424	5	tennis	2	2024-08-21	16	500000	18
425	Kursus Grup Tennis 425	5	tennis	3	2024-12-30	19	200000	17
426	Kursus Grup Tennis 426	5	tennis	1	2024-05-25	12	450000	15
427	Kursus Grup Tennis 427	5	tennis	5	2025-09-20	20	450000	7
428	Kursus Grup Tennis 428	5	tennis	2	2025-04-15	20	350000	9
429	Kursus Grup Tennis 429	5	tennis	5	2025-06-29	18	450000	16
430	Kursus Grup Tennis 430	5	tennis	4	2025-08-16	18	350000	20
431	Kursus Grup Tennis 431	5	tennis	4	2024-07-09	13	200000	10
432	Kursus Grup Tennis 432	5	tennis	3	2024-10-11	6	300000	16
433	Kursus Grup Tennis 433	5	tennis	5	2025-03-19	20	350000	8
434	Kursus Grup Tennis 434	5	tennis	4	2024-05-13	7	400000	10
435	Kursus Grup Tennis 435	5	tennis	4	2024-07-24	16	500000	8
436	Kursus Grup Tennis 436	5	tennis	3	2024-11-12	6	250000	14
437	Kursus Grup Tennis 437	5	tennis	2	2024-07-28	8	500000	19
438	Kursus Grup Tennis 438	5	tennis	5	2025-07-28	17	300000	5
439	Kursus Grup Tennis 439	5	tennis	3	2025-07-11	15	250000	17
440	Kursus Grup Tennis 440	5	tennis	4	2025-07-02	14	500000	14
441	Kursus Grup Tennis 441	5	tennis	5	2025-09-24	12	400000	13
442	Kursus Grup Tennis 442	5	tennis	3	2024-07-16	12	300000	16
443	Kursus Grup Tennis 443	5	tennis	2	2025-06-13	7	400000	8
444	Kursus Grup Tennis 444	5	tennis	5	2025-09-11	10	300000	14
445	Kursus Grup Tennis 445	5	tennis	5	2025-09-22	18	450000	9
446	Kursus Grup Tennis 446	5	tennis	2	2024-08-24	8	500000	15
447	Kursus Grup Tennis 447	5	tennis	5	2025-02-23	10	200000	20
448	Kursus Grup Tennis 448	5	tennis	1	2025-01-01	6	250000	8
449	Kursus Grup Tennis 449	5	tennis	1	2025-07-10	8	500000	8
450	Kursus Grup Tennis 450	5	tennis	5	2025-01-04	9	300000	11
451	Kursus Grup Tennis 451	5	tennis	4	2024-11-19	19	200000	6
452	Kursus Grup Tennis 452	5	tennis	2	2024-09-17	13	250000	9
453	Kursus Grup Tennis 453	5	tennis	4	2024-09-16	18	450000	10
454	Kursus Grup Tennis 454	5	tennis	2	2024-06-22	6	400000	15
455	Kursus Grup Tennis 455	5	tennis	3	2024-07-23	17	200000	10
456	Kursus Grup Tennis 456	5	tennis	4	2024-05-04	17	500000	16
457	Kursus Grup Tennis 457	5	tennis	4	2024-12-30	6	400000	15
458	Kursus Grup Tennis 458	5	tennis	5	2025-03-04	7	450000	12
459	Kursus Grup Tennis 459	5	tennis	3	2024-04-30	6	250000	16
460	Kursus Grup Tennis 460	5	tennis	2	2024-09-04	18	400000	6
461	Kursus Grup Tennis 461	5	tennis	4	2024-11-07	12	200000	12
462	Kursus Grup Tennis 462	5	tennis	3	2025-09-24	9	350000	17
463	Kursus Grup Tennis 463	5	tennis	5	2025-01-16	14	450000	13
464	Kursus Grup Tennis 464	5	tennis	2	2024-08-23	14	250000	20
465	Kursus Grup Tennis 465	5	tennis	5	2024-06-11	15	450000	17
466	Kursus Grup Tennis 466	5	tennis	2	2025-09-15	19	350000	14
467	Kursus Grup Tennis 467	5	tennis	2	2024-05-14	7	250000	16
468	Kursus Grup Tennis 468	5	tennis	3	2024-11-04	9	500000	16
469	Kursus Grup Tennis 469	5	tennis	4	2024-12-16	12	300000	13
470	Kursus Grup Tennis 470	5	tennis	3	2024-08-31	15	250000	11
471	Kursus Grup Tennis 471	5	tennis	3	2025-04-30	11	300000	18
472	Kursus Grup Tennis 472	5	tennis	2	2024-12-04	15	250000	20
473	Kursus Grup Tennis 473	5	tennis	5	2025-10-03	9	350000	17
474	Kursus Grup Tennis 474	5	tennis	5	2025-02-05	8	250000	10
475	Kursus Grup Tennis 475	5	tennis	4	2025-05-28	18	200000	12
476	Kursus Grup Tennis 476	5	tennis	3	2024-07-21	10	450000	6
477	Kursus Grup Tennis 477	5	tennis	4	2025-01-09	16	350000	12
478	Kursus Grup Tennis 478	5	tennis	2	2024-05-27	15	500000	18
479	Kursus Grup Tennis 479	5	tennis	2	2025-06-27	10	250000	12
480	Kursus Grup Tennis 480	5	tennis	5	2025-08-11	14	450000	6
481	Kursus Grup Tennis 481	5	tennis	3	2025-09-17	7	200000	12
482	Kursus Grup Tennis 482	5	tennis	3	2025-04-27	13	400000	13
483	Kursus Grup Tennis 483	5	tennis	3	2025-05-22	10	350000	17
484	Kursus Grup Tennis 484	5	tennis	2	2025-04-06	12	500000	8
485	Kursus Grup Tennis 485	5	tennis	2	2024-08-14	16	250000	14
486	Kursus Grup Tennis 486	5	tennis	1	2024-05-16	10	500000	20
487	Kursus Grup Tennis 487	5	tennis	5	2024-07-04	19	450000	10
488	Kursus Grup Tennis 488	5	tennis	3	2025-06-07	10	350000	6
489	Kursus Grup Tennis 489	5	tennis	1	2024-12-16	6	300000	19
490	Kursus Grup Tennis 490	5	tennis	4	2025-06-03	20	200000	9
491	Kursus Grup Tennis 491	5	tennis	4	2024-12-29	10	300000	12
492	Kursus Grup Tennis 492	5	tennis	1	2025-06-06	13	400000	9
493	Kursus Grup Tennis 493	5	tennis	1	2025-01-26	13	200000	8
494	Kursus Grup Tennis 494	5	tennis	4	2025-09-19	18	200000	10
495	Kursus Grup Tennis 495	5	tennis	1	2025-05-08	15	350000	7
496	Kursus Grup Tennis 496	5	tennis	3	2025-02-22	19	400000	15
497	Kursus Grup Tennis 497	5	tennis	1	2024-06-17	13	350000	15
498	Kursus Grup Tennis 498	5	tennis	1	2025-09-17	9	350000	9
499	Kursus Grup Tennis 499	5	tennis	2	2025-04-15	12	500000	16
500	Kursus Grup Tennis 500	5	tennis	2	2024-10-01	20	500000	13
501	Kursus Grup Pickleball 501	6	pickleball	10	2025-05-03	13	210000	18
502	Kursus Grup Pickleball 502	6	pickleball	7	2024-06-19	8	180000	18
503	Kursus Grup Pickleball 503	6	pickleball	10	2025-01-09	9	300000	6
504	Kursus Grup Pickleball 504	6	pickleball	7	2025-08-24	12	150000	15
505	Kursus Grup Pickleball 505	6	pickleball	10	2024-06-27	20	180000	19
506	Kursus Grup Pickleball 506	6	pickleball	10	2024-09-13	10	180000	8
507	Kursus Grup Pickleball 507	6	pickleball	6	2024-08-28	19	270000	11
508	Kursus Grup Pickleball 508	6	pickleball	9	2025-09-11	17	180000	20
509	Kursus Grup Pickleball 509	6	pickleball	10	2025-07-01	14	180000	7
510	Kursus Grup Pickleball 510	6	pickleball	7	2025-02-28	7	210000	18
511	Kursus Grup Pickleball 511	6	pickleball	9	2024-05-23	11	270000	13
512	Kursus Grup Pickleball 512	6	pickleball	10	2024-06-16	15	180000	11
513	Kursus Grup Pickleball 513	6	pickleball	8	2024-11-26	12	350000	5
514	Kursus Grup Pickleball 514	6	pickleball	10	2025-06-02	13	180000	17
515	Kursus Grup Pickleball 515	6	pickleball	7	2025-07-10	19	350000	9
516	Kursus Grup Pickleball 516	6	pickleball	8	2025-05-24	11	240000	5
517	Kursus Grup Pickleball 517	6	pickleball	8	2025-06-03	14	300000	8
518	Kursus Grup Pickleball 518	6	pickleball	10	2025-05-22	14	240000	6
519	Kursus Grup Pickleball 519	6	pickleball	7	2025-08-09	11	240000	8
520	Kursus Grup Pickleball 520	6	pickleball	6	2024-09-16	20	150000	5
521	Kursus Grup Pickleball 521	6	pickleball	6	2024-09-08	15	210000	13
522	Kursus Grup Pickleball 522	6	pickleball	10	2025-07-29	14	180000	8
523	Kursus Grup Pickleball 523	6	pickleball	9	2025-05-12	16	150000	17
524	Kursus Grup Pickleball 524	6	pickleball	6	2025-06-15	11	270000	17
525	Kursus Grup Pickleball 525	6	pickleball	7	2024-07-14	11	240000	11
526	Kursus Grup Pickleball 526	6	pickleball	10	2025-07-13	19	150000	11
527	Kursus Grup Pickleball 527	6	pickleball	8	2025-08-23	13	180000	20
528	Kursus Grup Pickleball 528	6	pickleball	10	2025-03-10	7	180000	15
529	Kursus Grup Pickleball 529	6	pickleball	7	2025-02-05	17	270000	5
530	Kursus Grup Pickleball 530	6	pickleball	9	2025-07-18	8	240000	20
531	Kursus Grup Pickleball 531	6	pickleball	6	2024-08-28	12	240000	10
532	Kursus Grup Pickleball 532	6	pickleball	7	2024-06-25	12	350000	17
533	Kursus Grup Pickleball 533	6	pickleball	7	2025-05-24	7	300000	6
534	Kursus Grup Pickleball 534	6	pickleball	7	2025-10-02	7	150000	10
535	Kursus Grup Pickleball 535	6	pickleball	7	2025-05-20	20	270000	5
536	Kursus Grup Pickleball 536	6	pickleball	6	2024-12-17	9	350000	19
537	Kursus Grup Pickleball 537	6	pickleball	8	2025-08-24	7	300000	14
538	Kursus Grup Pickleball 538	6	pickleball	8	2025-07-02	16	350000	10
539	Kursus Grup Pickleball 539	6	pickleball	7	2025-01-22	19	240000	18
540	Kursus Grup Pickleball 540	6	pickleball	10	2024-06-05	19	300000	6
541	Kursus Grup Pickleball 541	6	pickleball	10	2025-04-18	12	180000	19
542	Kursus Grup Pickleball 542	6	pickleball	6	2024-08-25	13	240000	10
543	Kursus Grup Pickleball 543	6	pickleball	8	2025-08-17	17	180000	6
544	Kursus Grup Pickleball 544	6	pickleball	7	2025-06-07	13	240000	12
545	Kursus Grup Pickleball 545	6	pickleball	9	2025-07-12	9	350000	10
546	Kursus Grup Pickleball 546	6	pickleball	8	2024-06-03	20	350000	17
547	Kursus Grup Pickleball 547	6	pickleball	7	2025-03-04	17	270000	5
548	Kursus Grup Pickleball 548	6	pickleball	7	2025-03-05	12	350000	6
549	Kursus Grup Pickleball 549	6	pickleball	9	2024-07-03	16	210000	14
550	Kursus Grup Pickleball 550	6	pickleball	9	2025-06-01	19	300000	7
551	Kursus Grup Pickleball 551	6	pickleball	10	2024-08-12	11	150000	11
552	Kursus Grup Pickleball 552	6	pickleball	9	2024-11-15	19	210000	12
553	Kursus Grup Pickleball 553	6	pickleball	7	2024-11-12	19	300000	16
554	Kursus Grup Pickleball 554	6	pickleball	6	2025-05-18	18	210000	8
555	Kursus Grup Pickleball 555	6	pickleball	6	2024-08-23	11	240000	8
556	Kursus Grup Pickleball 556	6	pickleball	9	2025-04-29	15	150000	9
557	Kursus Grup Pickleball 557	6	pickleball	8	2025-03-03	16	150000	5
558	Kursus Grup Pickleball 558	6	pickleball	9	2025-02-02	8	270000	12
559	Kursus Grup Pickleball 559	6	pickleball	8	2025-06-08	11	300000	5
560	Kursus Grup Pickleball 560	6	pickleball	8	2025-05-11	17	300000	14
561	Kursus Grup Pickleball 561	6	pickleball	6	2024-06-14	15	180000	9
562	Kursus Grup Pickleball 562	6	pickleball	8	2024-07-03	20	210000	12
563	Kursus Grup Pickleball 563	6	pickleball	7	2025-05-30	13	150000	19
564	Kursus Grup Pickleball 564	6	pickleball	9	2025-01-23	6	350000	18
565	Kursus Grup Pickleball 565	6	pickleball	10	2025-03-13	20	270000	10
566	Kursus Grup Pickleball 566	6	pickleball	10	2024-06-14	17	210000	18
567	Kursus Grup Pickleball 567	6	pickleball	9	2025-10-01	7	150000	10
568	Kursus Grup Pickleball 568	6	pickleball	6	2024-07-10	8	350000	8
569	Kursus Grup Pickleball 569	6	pickleball	8	2024-12-08	18	180000	15
570	Kursus Grup Pickleball 570	6	pickleball	10	2024-12-02	7	240000	8
571	Kursus Grup Pickleball 571	6	pickleball	7	2025-05-16	11	210000	10
572	Kursus Grup Pickleball 572	6	pickleball	6	2025-08-08	15	350000	12
573	Kursus Grup Pickleball 573	6	pickleball	8	2024-09-10	11	210000	5
574	Kursus Grup Pickleball 574	6	pickleball	9	2025-02-06	7	350000	12
575	Kursus Grup Pickleball 575	6	pickleball	8	2024-05-15	13	240000	17
576	Kursus Grup Pickleball 576	6	pickleball	9	2025-06-14	15	270000	17
577	Kursus Grup Pickleball 577	6	pickleball	9	2025-06-13	8	150000	12
578	Kursus Grup Pickleball 578	6	pickleball	10	2025-04-23	6	240000	15
579	Kursus Grup Pickleball 579	6	pickleball	9	2024-10-20	8	240000	12
580	Kursus Grup Pickleball 580	6	pickleball	10	2024-11-25	7	300000	17
581	Kursus Grup Pickleball 581	6	pickleball	9	2025-10-02	14	210000	10
582	Kursus Grup Pickleball 582	6	pickleball	10	2024-10-17	11	180000	12
583	Kursus Grup Pickleball 583	6	pickleball	7	2024-06-09	13	300000	13
584	Kursus Grup Pickleball 584	6	pickleball	9	2025-06-19	20	180000	10
585	Kursus Grup Pickleball 585	6	pickleball	10	2024-09-14	6	350000	10
586	Kursus Grup Pickleball 586	6	pickleball	6	2025-04-21	18	180000	8
587	Kursus Grup Pickleball 587	6	pickleball	8	2024-12-14	11	180000	12
588	Kursus Grup Pickleball 588	6	pickleball	9	2025-02-12	16	350000	6
589	Kursus Grup Pickleball 589	6	pickleball	8	2025-09-25	7	300000	15
590	Kursus Grup Pickleball 590	6	pickleball	9	2024-04-27	7	300000	5
591	Kursus Grup Pickleball 591	6	pickleball	7	2025-08-29	14	300000	10
592	Kursus Grup Pickleball 592	6	pickleball	10	2025-09-14	16	150000	11
593	Kursus Grup Pickleball 593	6	pickleball	8	2025-05-06	13	240000	16
594	Kursus Grup Pickleball 594	6	pickleball	10	2025-06-29	6	350000	8
595	Kursus Grup Pickleball 595	6	pickleball	8	2025-03-22	12	150000	14
596	Kursus Grup Pickleball 596	6	pickleball	9	2024-06-23	12	350000	7
597	Kursus Grup Pickleball 597	6	pickleball	10	2024-05-31	18	210000	11
598	Kursus Grup Pickleball 598	6	pickleball	8	2025-04-05	15	300000	5
599	Kursus Grup Pickleball 599	6	pickleball	10	2024-07-09	8	150000	5
600	Kursus Grup Pickleball 600	6	pickleball	7	2025-03-11	17	270000	7
601	Kursus Grup Pickleball 601	7	pickleball	6	2024-08-30	18	210000	13
602	Kursus Grup Pickleball 602	7	pickleball	9	2025-08-22	20	180000	15
603	Kursus Grup Pickleball 603	7	pickleball	7	2024-04-28	19	240000	15
604	Kursus Grup Pickleball 604	7	pickleball	8	2025-08-06	9	350000	10
605	Kursus Grup Pickleball 605	7	pickleball	10	2024-06-22	14	180000	13
606	Kursus Grup Pickleball 606	7	pickleball	6	2024-07-17	6	150000	12
607	Kursus Grup Pickleball 607	7	pickleball	8	2025-04-10	10	240000	13
608	Kursus Grup Pickleball 608	7	pickleball	8	2025-08-15	9	240000	7
609	Kursus Grup Pickleball 609	7	pickleball	7	2024-11-19	17	300000	14
610	Kursus Grup Pickleball 610	7	pickleball	10	2024-05-19	18	180000	18
611	Kursus Grup Pickleball 611	7	pickleball	7	2024-08-24	17	180000	18
612	Kursus Grup Pickleball 612	7	pickleball	7	2025-07-22	6	240000	8
613	Kursus Grup Pickleball 613	7	pickleball	9	2025-03-16	18	350000	8
614	Kursus Grup Pickleball 614	7	pickleball	6	2025-07-03	10	210000	6
615	Kursus Grup Pickleball 615	7	pickleball	8	2024-07-29	12	300000	8
616	Kursus Grup Pickleball 616	7	pickleball	7	2025-05-21	15	240000	8
617	Kursus Grup Pickleball 617	7	pickleball	8	2025-07-05	19	300000	20
618	Kursus Grup Pickleball 618	7	pickleball	8	2025-02-23	7	270000	7
619	Kursus Grup Pickleball 619	7	pickleball	9	2025-06-13	11	180000	17
620	Kursus Grup Pickleball 620	7	pickleball	8	2024-05-29	17	150000	10
621	Kursus Grup Pickleball 621	7	pickleball	7	2025-04-12	6	150000	20
622	Kursus Grup Pickleball 622	7	pickleball	8	2025-08-24	15	150000	5
623	Kursus Grup Pickleball 623	7	pickleball	8	2024-06-28	15	210000	11
624	Kursus Grup Pickleball 624	7	pickleball	8	2024-05-22	7	270000	14
625	Kursus Grup Pickleball 625	7	pickleball	7	2024-10-26	8	270000	16
626	Kursus Grup Pickleball 626	7	pickleball	7	2025-03-07	11	150000	7
627	Kursus Grup Pickleball 627	7	pickleball	6	2024-09-28	17	300000	16
628	Kursus Grup Pickleball 628	7	pickleball	7	2025-04-04	13	350000	18
629	Kursus Grup Pickleball 629	7	pickleball	9	2025-03-02	7	210000	12
630	Kursus Grup Pickleball 630	7	pickleball	10	2024-06-02	14	350000	12
631	Kursus Grup Pickleball 631	7	pickleball	10	2024-11-06	8	150000	13
632	Kursus Grup Pickleball 632	7	pickleball	8	2025-03-30	11	180000	13
633	Kursus Grup Pickleball 633	7	pickleball	6	2025-09-30	8	300000	10
634	Kursus Grup Pickleball 634	7	pickleball	7	2024-09-01	14	210000	8
635	Kursus Grup Pickleball 635	7	pickleball	9	2024-11-21	8	180000	11
636	Kursus Grup Pickleball 636	7	pickleball	9	2025-05-13	6	300000	14
637	Kursus Grup Pickleball 637	7	pickleball	10	2024-08-15	16	270000	13
638	Kursus Grup Pickleball 638	7	pickleball	7	2024-08-09	14	270000	19
639	Kursus Grup Pickleball 639	7	pickleball	7	2024-10-28	20	180000	20
640	Kursus Grup Pickleball 640	7	pickleball	8	2025-03-10	9	270000	8
641	Kursus Grup Pickleball 641	7	pickleball	9	2025-07-03	13	180000	11
642	Kursus Grup Pickleball 642	7	pickleball	6	2024-09-01	11	210000	14
643	Kursus Grup Pickleball 643	7	pickleball	8	2024-12-22	12	210000	17
644	Kursus Grup Pickleball 644	7	pickleball	6	2025-04-09	18	300000	16
645	Kursus Grup Pickleball 645	7	pickleball	6	2025-05-17	13	150000	12
646	Kursus Grup Pickleball 646	7	pickleball	10	2025-10-05	6	240000	12
647	Kursus Grup Pickleball 647	7	pickleball	9	2025-09-16	7	300000	6
648	Kursus Grup Pickleball 648	7	pickleball	9	2024-07-22	20	350000	18
649	Kursus Grup Pickleball 649	7	pickleball	7	2025-08-16	9	240000	16
650	Kursus Grup Pickleball 650	7	pickleball	8	2025-09-02	14	150000	10
651	Kursus Grup Pickleball 651	7	pickleball	9	2024-09-20	8	240000	10
652	Kursus Grup Pickleball 652	7	pickleball	8	2025-08-02	20	240000	20
653	Kursus Grup Pickleball 653	7	pickleball	7	2024-08-17	15	210000	13
654	Kursus Grup Pickleball 654	7	pickleball	10	2024-10-04	15	300000	8
655	Kursus Grup Pickleball 655	7	pickleball	10	2024-08-26	20	300000	13
656	Kursus Grup Pickleball 656	7	pickleball	8	2024-06-13	19	150000	6
657	Kursus Grup Pickleball 657	7	pickleball	6	2024-12-17	19	150000	11
658	Kursus Grup Pickleball 658	7	pickleball	10	2024-06-22	18	300000	7
659	Kursus Grup Pickleball 659	7	pickleball	7	2024-07-24	9	210000	9
660	Kursus Grup Pickleball 660	7	pickleball	10	2025-08-02	8	240000	10
661	Kursus Grup Pickleball 661	7	pickleball	9	2024-12-10	16	210000	19
662	Kursus Grup Pickleball 662	7	pickleball	10	2025-02-22	8	350000	8
663	Kursus Grup Pickleball 663	7	pickleball	10	2024-11-09	8	300000	9
664	Kursus Grup Pickleball 664	7	pickleball	10	2025-07-08	6	240000	10
665	Kursus Grup Pickleball 665	7	pickleball	6	2024-10-21	10	210000	10
666	Kursus Grup Pickleball 666	7	pickleball	8	2025-07-28	9	180000	14
667	Kursus Grup Pickleball 667	7	pickleball	6	2024-11-15	18	150000	12
668	Kursus Grup Pickleball 668	7	pickleball	8	2024-06-07	18	180000	19
669	Kursus Grup Pickleball 669	7	pickleball	10	2024-10-02	16	350000	12
670	Kursus Grup Pickleball 670	7	pickleball	7	2024-08-14	15	150000	11
671	Kursus Grup Pickleball 671	7	pickleball	9	2024-12-26	7	180000	8
672	Kursus Grup Pickleball 672	7	pickleball	9	2024-09-27	18	210000	5
673	Kursus Grup Pickleball 673	7	pickleball	7	2024-12-25	19	300000	14
674	Kursus Grup Pickleball 674	7	pickleball	6	2024-08-24	15	270000	19
675	Kursus Grup Pickleball 675	7	pickleball	8	2025-05-20	6	180000	15
676	Kursus Grup Pickleball 676	7	pickleball	7	2025-06-16	9	350000	12
677	Kursus Grup Pickleball 677	7	pickleball	6	2025-08-15	9	300000	14
678	Kursus Grup Pickleball 678	7	pickleball	8	2025-07-25	16	150000	13
679	Kursus Grup Pickleball 679	7	pickleball	10	2025-05-22	16	210000	6
680	Kursus Grup Pickleball 680	7	pickleball	6	2024-04-27	17	150000	13
681	Kursus Grup Pickleball 681	7	pickleball	8	2025-08-10	12	150000	12
682	Kursus Grup Pickleball 682	7	pickleball	8	2025-01-23	7	300000	5
683	Kursus Grup Pickleball 683	7	pickleball	6	2024-11-09	8	300000	9
684	Kursus Grup Pickleball 684	7	pickleball	6	2024-06-09	17	150000	11
685	Kursus Grup Pickleball 685	7	pickleball	7	2025-08-27	13	210000	13
686	Kursus Grup Pickleball 686	7	pickleball	8	2025-07-03	19	270000	8
687	Kursus Grup Pickleball 687	7	pickleball	6	2024-05-14	19	150000	18
688	Kursus Grup Pickleball 688	7	pickleball	9	2024-07-11	16	180000	16
689	Kursus Grup Pickleball 689	7	pickleball	10	2025-05-07	16	150000	16
690	Kursus Grup Pickleball 690	7	pickleball	10	2024-09-04	9	210000	16
691	Kursus Grup Pickleball 691	7	pickleball	6	2024-05-19	16	350000	15
692	Kursus Grup Pickleball 692	7	pickleball	7	2024-07-08	12	210000	9
693	Kursus Grup Pickleball 693	7	pickleball	8	2025-09-13	13	270000	13
694	Kursus Grup Pickleball 694	7	pickleball	9	2024-06-09	15	180000	7
695	Kursus Grup Pickleball 695	7	pickleball	8	2025-05-30	13	350000	10
696	Kursus Grup Pickleball 696	7	pickleball	8	2024-06-16	18	350000	13
697	Kursus Grup Pickleball 697	7	pickleball	9	2024-05-05	17	270000	5
698	Kursus Grup Pickleball 698	7	pickleball	9	2025-09-11	15	180000	6
699	Kursus Grup Pickleball 699	7	pickleball	9	2025-02-19	13	350000	17
700	Kursus Grup Pickleball 700	7	pickleball	10	2024-09-15	16	350000	16
701	Kursus Grup Pickleball 701	8	pickleball	7	2024-09-29	17	350000	18
702	Kursus Grup Pickleball 702	8	pickleball	7	2025-04-14	18	150000	17
703	Kursus Grup Pickleball 703	8	pickleball	9	2024-05-10	15	150000	7
704	Kursus Grup Pickleball 704	8	pickleball	10	2025-02-09	16	300000	17
705	Kursus Grup Pickleball 705	8	pickleball	10	2025-04-08	17	210000	19
706	Kursus Grup Pickleball 706	8	pickleball	9	2024-08-10	17	240000	7
707	Kursus Grup Pickleball 707	8	pickleball	10	2024-09-19	8	240000	7
708	Kursus Grup Pickleball 708	8	pickleball	10	2024-07-16	20	270000	12
709	Kursus Grup Pickleball 709	8	pickleball	9	2025-07-31	13	300000	7
710	Kursus Grup Pickleball 710	8	pickleball	7	2025-09-03	17	300000	9
711	Kursus Grup Pickleball 711	8	pickleball	8	2025-02-27	11	300000	13
712	Kursus Grup Pickleball 712	8	pickleball	8	2025-02-06	20	270000	14
713	Kursus Grup Pickleball 713	8	pickleball	6	2025-07-02	17	350000	14
714	Kursus Grup Pickleball 714	8	pickleball	8	2025-06-16	8	150000	20
715	Kursus Grup Pickleball 715	8	pickleball	7	2024-10-14	9	350000	18
716	Kursus Grup Pickleball 716	8	pickleball	10	2024-05-19	12	240000	11
717	Kursus Grup Pickleball 717	8	pickleball	9	2025-01-13	16	300000	15
718	Kursus Grup Pickleball 718	8	pickleball	7	2025-01-06	10	350000	5
719	Kursus Grup Pickleball 719	8	pickleball	8	2025-07-16	14	150000	18
720	Kursus Grup Pickleball 720	8	pickleball	9	2024-11-13	13	240000	11
721	Kursus Grup Pickleball 721	8	pickleball	7	2024-12-26	18	210000	10
722	Kursus Grup Pickleball 722	8	pickleball	7	2024-06-21	9	350000	19
723	Kursus Grup Pickleball 723	8	pickleball	7	2024-07-11	10	350000	18
724	Kursus Grup Pickleball 724	8	pickleball	10	2024-09-18	15	270000	9
725	Kursus Grup Pickleball 725	8	pickleball	7	2025-07-11	7	150000	8
726	Kursus Grup Pickleball 726	8	pickleball	10	2025-05-29	10	350000	20
727	Kursus Grup Pickleball 727	8	pickleball	8	2024-07-08	7	300000	18
728	Kursus Grup Pickleball 728	8	pickleball	8	2024-08-03	11	210000	19
729	Kursus Grup Pickleball 729	8	pickleball	9	2024-09-04	9	240000	7
730	Kursus Grup Pickleball 730	8	pickleball	9	2025-08-24	9	210000	17
731	Kursus Grup Pickleball 731	8	pickleball	8	2025-03-03	12	150000	17
732	Kursus Grup Pickleball 732	8	pickleball	6	2024-12-11	9	180000	19
733	Kursus Grup Pickleball 733	8	pickleball	9	2025-07-14	15	300000	19
734	Kursus Grup Pickleball 734	8	pickleball	10	2024-04-28	7	240000	14
735	Kursus Grup Pickleball 735	8	pickleball	10	2024-09-21	10	210000	8
736	Kursus Grup Pickleball 736	8	pickleball	7	2024-07-08	16	240000	15
737	Kursus Grup Pickleball 737	8	pickleball	10	2024-10-26	20	210000	20
738	Kursus Grup Pickleball 738	8	pickleball	8	2024-09-08	19	150000	14
739	Kursus Grup Pickleball 739	8	pickleball	7	2024-11-26	10	240000	17
740	Kursus Grup Pickleball 740	8	pickleball	10	2025-05-21	12	210000	8
741	Kursus Grup Pickleball 741	8	pickleball	7	2024-12-26	6	180000	6
742	Kursus Grup Pickleball 742	8	pickleball	9	2025-04-19	6	350000	10
743	Kursus Grup Pickleball 743	8	pickleball	7	2025-02-10	10	150000	17
744	Kursus Grup Pickleball 744	8	pickleball	10	2024-07-17	20	270000	11
745	Kursus Grup Pickleball 745	8	pickleball	8	2025-02-21	17	300000	18
746	Kursus Grup Pickleball 746	8	pickleball	8	2024-07-24	19	180000	7
747	Kursus Grup Pickleball 747	8	pickleball	8	2024-09-02	15	150000	6
748	Kursus Grup Pickleball 748	8	pickleball	10	2025-06-21	13	150000	7
749	Kursus Grup Pickleball 749	8	pickleball	9	2025-08-14	8	210000	13
750	Kursus Grup Pickleball 750	8	pickleball	10	2025-01-09	19	270000	9
751	Kursus Grup Pickleball 751	8	pickleball	8	2025-05-10	17	180000	19
752	Kursus Grup Pickleball 752	8	pickleball	10	2025-03-02	18	270000	5
753	Kursus Grup Pickleball 753	8	pickleball	8	2025-04-12	14	210000	6
754	Kursus Grup Pickleball 754	8	pickleball	6	2024-05-05	13	180000	11
755	Kursus Grup Pickleball 755	8	pickleball	9	2024-12-29	14	210000	9
756	Kursus Grup Pickleball 756	8	pickleball	9	2024-12-09	6	210000	12
757	Kursus Grup Pickleball 757	8	pickleball	8	2025-04-18	15	240000	8
758	Kursus Grup Pickleball 758	8	pickleball	9	2025-05-27	20	210000	12
759	Kursus Grup Pickleball 759	8	pickleball	7	2025-03-13	6	300000	6
760	Kursus Grup Pickleball 760	8	pickleball	9	2024-05-22	8	210000	18
761	Kursus Grup Pickleball 761	8	pickleball	8	2024-08-11	10	270000	16
762	Kursus Grup Pickleball 762	8	pickleball	6	2024-11-29	7	240000	7
763	Kursus Grup Pickleball 763	8	pickleball	6	2025-07-10	11	270000	10
764	Kursus Grup Pickleball 764	8	pickleball	10	2024-12-21	10	210000	13
765	Kursus Grup Pickleball 765	8	pickleball	7	2025-09-22	13	270000	17
766	Kursus Grup Pickleball 766	8	pickleball	8	2024-11-20	11	240000	11
767	Kursus Grup Pickleball 767	8	pickleball	8	2025-03-26	13	180000	11
768	Kursus Grup Pickleball 768	8	pickleball	9	2024-08-25	17	150000	12
769	Kursus Grup Pickleball 769	8	pickleball	8	2025-09-24	13	210000	5
770	Kursus Grup Pickleball 770	8	pickleball	8	2025-08-08	20	210000	10
771	Kursus Grup Pickleball 771	8	pickleball	6	2025-06-03	18	300000	6
772	Kursus Grup Pickleball 772	8	pickleball	10	2025-02-15	18	210000	9
773	Kursus Grup Pickleball 773	8	pickleball	9	2024-05-24	13	180000	18
774	Kursus Grup Pickleball 774	8	pickleball	6	2025-06-26	15	150000	13
775	Kursus Grup Pickleball 775	8	pickleball	7	2025-04-06	9	150000	17
776	Kursus Grup Pickleball 776	8	pickleball	8	2024-12-07	11	300000	12
777	Kursus Grup Pickleball 777	8	pickleball	7	2025-02-13	12	150000	18
778	Kursus Grup Pickleball 778	8	pickleball	10	2025-08-24	9	150000	11
779	Kursus Grup Pickleball 779	8	pickleball	9	2025-05-16	15	150000	12
780	Kursus Grup Pickleball 780	8	pickleball	7	2024-12-18	16	350000	16
781	Kursus Grup Pickleball 781	8	pickleball	6	2024-11-03	7	180000	8
782	Kursus Grup Pickleball 782	8	pickleball	10	2024-09-11	6	270000	10
783	Kursus Grup Pickleball 783	8	pickleball	7	2025-05-08	13	350000	16
784	Kursus Grup Pickleball 784	8	pickleball	6	2024-06-13	6	300000	18
785	Kursus Grup Pickleball 785	8	pickleball	8	2024-11-19	11	300000	19
786	Kursus Grup Pickleball 786	8	pickleball	6	2024-09-21	10	240000	20
787	Kursus Grup Pickleball 787	8	pickleball	8	2025-06-10	12	350000	14
788	Kursus Grup Pickleball 788	8	pickleball	10	2024-11-19	14	300000	11
789	Kursus Grup Pickleball 789	8	pickleball	6	2024-10-07	13	240000	9
790	Kursus Grup Pickleball 790	8	pickleball	9	2025-09-26	7	240000	15
791	Kursus Grup Pickleball 791	8	pickleball	6	2025-07-19	8	240000	19
792	Kursus Grup Pickleball 792	8	pickleball	6	2025-08-02	16	150000	8
793	Kursus Grup Pickleball 793	8	pickleball	8	2024-12-23	14	150000	14
794	Kursus Grup Pickleball 794	8	pickleball	8	2025-04-11	19	210000	19
795	Kursus Grup Pickleball 795	8	pickleball	9	2025-02-03	20	350000	5
796	Kursus Grup Pickleball 796	8	pickleball	8	2024-11-05	13	150000	5
797	Kursus Grup Pickleball 797	8	pickleball	6	2025-06-15	8	350000	14
798	Kursus Grup Pickleball 798	8	pickleball	8	2024-10-20	6	270000	12
799	Kursus Grup Pickleball 799	8	pickleball	9	2025-07-08	8	240000	13
800	Kursus Grup Pickleball 800	8	pickleball	9	2025-09-22	15	150000	5
801	Kursus Grup Pickleball 801	9	pickleball	10	2024-11-27	13	240000	17
802	Kursus Grup Pickleball 802	9	pickleball	6	2024-05-13	7	180000	16
803	Kursus Grup Pickleball 803	9	pickleball	7	2025-05-18	12	300000	16
804	Kursus Grup Pickleball 804	9	pickleball	9	2025-05-15	19	350000	17
805	Kursus Grup Pickleball 805	9	pickleball	7	2024-11-27	12	350000	19
806	Kursus Grup Pickleball 806	9	pickleball	8	2024-07-25	6	180000	16
807	Kursus Grup Pickleball 807	9	pickleball	7	2024-11-09	8	270000	8
808	Kursus Grup Pickleball 808	9	pickleball	10	2024-09-12	14	350000	11
809	Kursus Grup Pickleball 809	9	pickleball	9	2024-08-03	10	350000	15
810	Kursus Grup Pickleball 810	9	pickleball	6	2025-04-22	10	270000	17
811	Kursus Grup Pickleball 811	9	pickleball	8	2025-06-19	9	350000	20
812	Kursus Grup Pickleball 812	9	pickleball	8	2024-10-06	9	150000	8
813	Kursus Grup Pickleball 813	9	pickleball	8	2024-07-16	8	270000	9
814	Kursus Grup Pickleball 814	9	pickleball	7	2025-02-01	12	350000	17
815	Kursus Grup Pickleball 815	9	pickleball	9	2025-08-29	17	300000	17
816	Kursus Grup Pickleball 816	9	pickleball	10	2025-04-18	7	180000	12
817	Kursus Grup Pickleball 817	9	pickleball	9	2025-05-24	19	350000	12
818	Kursus Grup Pickleball 818	9	pickleball	7	2025-03-01	15	350000	7
819	Kursus Grup Pickleball 819	9	pickleball	8	2025-06-09	20	300000	8
820	Kursus Grup Pickleball 820	9	pickleball	8	2024-07-11	14	300000	16
821	Kursus Grup Pickleball 821	9	pickleball	7	2025-07-02	8	180000	10
822	Kursus Grup Pickleball 822	9	pickleball	8	2024-12-15	16	240000	11
823	Kursus Grup Pickleball 823	9	pickleball	8	2025-01-22	17	240000	6
824	Kursus Grup Pickleball 824	9	pickleball	7	2025-01-27	20	210000	8
825	Kursus Grup Pickleball 825	9	pickleball	10	2025-08-20	18	270000	16
826	Kursus Grup Pickleball 826	9	pickleball	7	2025-01-28	20	150000	5
827	Kursus Grup Pickleball 827	9	pickleball	6	2025-09-30	12	300000	16
828	Kursus Grup Pickleball 828	9	pickleball	8	2025-07-10	7	180000	19
829	Kursus Grup Pickleball 829	9	pickleball	7	2024-06-30	16	180000	5
830	Kursus Grup Pickleball 830	9	pickleball	9	2024-08-13	11	180000	6
831	Kursus Grup Pickleball 831	9	pickleball	6	2025-04-21	6	180000	6
832	Kursus Grup Pickleball 832	9	pickleball	8	2025-05-30	19	270000	19
833	Kursus Grup Pickleball 833	9	pickleball	6	2024-09-05	10	150000	15
834	Kursus Grup Pickleball 834	9	pickleball	8	2025-01-29	17	150000	16
835	Kursus Grup Pickleball 835	9	pickleball	9	2025-01-10	13	150000	14
836	Kursus Grup Pickleball 836	9	pickleball	8	2024-10-24	8	180000	9
837	Kursus Grup Pickleball 837	9	pickleball	7	2024-11-26	20	210000	15
838	Kursus Grup Pickleball 838	9	pickleball	9	2025-08-19	7	300000	12
839	Kursus Grup Pickleball 839	9	pickleball	6	2025-06-15	14	150000	9
840	Kursus Grup Pickleball 840	9	pickleball	8	2025-04-20	10	150000	14
841	Kursus Grup Pickleball 841	9	pickleball	8	2025-01-21	18	210000	5
842	Kursus Grup Pickleball 842	9	pickleball	9	2025-04-20	15	240000	13
843	Kursus Grup Pickleball 843	9	pickleball	9	2024-09-15	10	180000	6
844	Kursus Grup Pickleball 844	9	pickleball	6	2024-05-30	8	350000	14
845	Kursus Grup Pickleball 845	9	pickleball	6	2025-05-16	18	210000	14
846	Kursus Grup Pickleball 846	9	pickleball	9	2025-05-03	17	270000	20
847	Kursus Grup Pickleball 847	9	pickleball	9	2024-07-13	14	270000	16
848	Kursus Grup Pickleball 848	9	pickleball	9	2024-08-10	19	240000	14
849	Kursus Grup Pickleball 849	9	pickleball	10	2025-04-08	19	150000	18
850	Kursus Grup Pickleball 850	9	pickleball	10	2024-10-14	10	210000	14
851	Kursus Grup Pickleball 851	9	pickleball	9	2025-05-09	16	150000	13
852	Kursus Grup Pickleball 852	9	pickleball	10	2024-10-15	12	270000	18
853	Kursus Grup Pickleball 853	9	pickleball	8	2025-05-21	6	150000	10
854	Kursus Grup Pickleball 854	9	pickleball	7	2025-01-14	13	350000	11
855	Kursus Grup Pickleball 855	9	pickleball	10	2024-10-20	16	210000	15
856	Kursus Grup Pickleball 856	9	pickleball	9	2025-02-13	11	180000	7
857	Kursus Grup Pickleball 857	9	pickleball	8	2025-01-30	11	180000	19
858	Kursus Grup Pickleball 858	9	pickleball	10	2025-07-06	6	300000	8
859	Kursus Grup Pickleball 859	9	pickleball	8	2024-08-18	19	150000	17
860	Kursus Grup Pickleball 860	9	pickleball	9	2024-12-28	9	300000	18
861	Kursus Grup Pickleball 861	9	pickleball	10	2024-09-08	12	350000	10
862	Kursus Grup Pickleball 862	9	pickleball	9	2025-01-23	9	350000	17
863	Kursus Grup Pickleball 863	9	pickleball	7	2024-08-16	20	240000	20
864	Kursus Grup Pickleball 864	9	pickleball	7	2025-08-02	16	210000	12
865	Kursus Grup Pickleball 865	9	pickleball	7	2025-07-09	6	350000	10
866	Kursus Grup Pickleball 866	9	pickleball	7	2025-01-25	20	210000	9
867	Kursus Grup Pickleball 867	9	pickleball	7	2025-05-27	10	210000	19
868	Kursus Grup Pickleball 868	9	pickleball	9	2024-07-04	16	180000	11
869	Kursus Grup Pickleball 869	9	pickleball	7	2025-06-06	17	210000	7
870	Kursus Grup Pickleball 870	9	pickleball	10	2024-12-08	17	350000	8
871	Kursus Grup Pickleball 871	9	pickleball	9	2025-06-21	8	270000	12
872	Kursus Grup Pickleball 872	9	pickleball	9	2025-01-01	9	240000	7
873	Kursus Grup Pickleball 873	9	pickleball	9	2025-01-05	12	240000	12
874	Kursus Grup Pickleball 874	9	pickleball	8	2024-05-12	10	210000	10
875	Kursus Grup Pickleball 875	9	pickleball	6	2024-11-25	20	150000	19
876	Kursus Grup Pickleball 876	9	pickleball	6	2025-09-16	14	350000	10
877	Kursus Grup Pickleball 877	9	pickleball	7	2025-07-07	7	350000	9
878	Kursus Grup Pickleball 878	9	pickleball	9	2024-11-27	8	270000	19
879	Kursus Grup Pickleball 879	9	pickleball	8	2024-08-05	17	350000	6
880	Kursus Grup Pickleball 880	9	pickleball	7	2024-06-11	16	350000	16
881	Kursus Grup Pickleball 881	9	pickleball	8	2024-06-25	20	350000	14
882	Kursus Grup Pickleball 882	9	pickleball	10	2025-03-11	15	270000	20
883	Kursus Grup Pickleball 883	9	pickleball	8	2025-09-16	13	150000	15
884	Kursus Grup Pickleball 884	9	pickleball	9	2025-07-13	6	210000	12
885	Kursus Grup Pickleball 885	9	pickleball	10	2024-05-30	8	180000	12
886	Kursus Grup Pickleball 886	9	pickleball	9	2025-04-21	10	270000	6
887	Kursus Grup Pickleball 887	9	pickleball	9	2024-09-01	18	350000	19
888	Kursus Grup Pickleball 888	9	pickleball	10	2025-05-01	9	180000	20
889	Kursus Grup Pickleball 889	9	pickleball	9	2025-03-04	18	300000	7
890	Kursus Grup Pickleball 890	9	pickleball	10	2025-08-10	7	210000	7
891	Kursus Grup Pickleball 891	9	pickleball	6	2024-06-19	19	350000	17
892	Kursus Grup Pickleball 892	9	pickleball	8	2025-01-27	8	350000	9
893	Kursus Grup Pickleball 893	9	pickleball	8	2025-02-12	16	270000	5
894	Kursus Grup Pickleball 894	9	pickleball	6	2025-05-15	14	150000	12
895	Kursus Grup Pickleball 895	9	pickleball	8	2024-05-20	18	210000	9
896	Kursus Grup Pickleball 896	9	pickleball	8	2024-05-23	19	270000	17
897	Kursus Grup Pickleball 897	9	pickleball	9	2025-06-29	6	270000	7
898	Kursus Grup Pickleball 898	9	pickleball	8	2024-08-18	15	350000	6
899	Kursus Grup Pickleball 899	9	pickleball	7	2024-08-08	13	270000	5
900	Kursus Grup Pickleball 900	9	pickleball	6	2025-06-16	17	210000	15
901	Kursus Grup Pickleball 901	10	pickleball	7	2024-08-09	8	240000	14
902	Kursus Grup Pickleball 902	10	pickleball	6	2024-07-05	15	350000	17
903	Kursus Grup Pickleball 903	10	pickleball	6	2025-06-10	10	240000	18
904	Kursus Grup Pickleball 904	10	pickleball	9	2024-11-04	20	180000	5
905	Kursus Grup Pickleball 905	10	pickleball	7	2024-05-31	8	210000	9
906	Kursus Grup Pickleball 906	10	pickleball	6	2024-12-21	13	350000	5
907	Kursus Grup Pickleball 907	10	pickleball	7	2024-06-02	7	300000	11
908	Kursus Grup Pickleball 908	10	pickleball	9	2025-03-06	15	240000	13
909	Kursus Grup Pickleball 909	10	pickleball	6	2024-07-31	7	300000	9
910	Kursus Grup Pickleball 910	10	pickleball	7	2025-03-31	6	350000	13
911	Kursus Grup Pickleball 911	10	pickleball	10	2025-04-29	16	210000	6
912	Kursus Grup Pickleball 912	10	pickleball	8	2025-01-02	14	240000	9
913	Kursus Grup Pickleball 913	10	pickleball	6	2025-08-30	12	180000	10
914	Kursus Grup Pickleball 914	10	pickleball	9	2025-05-31	10	210000	15
915	Kursus Grup Pickleball 915	10	pickleball	6	2024-05-29	9	150000	14
916	Kursus Grup Pickleball 916	10	pickleball	6	2024-06-23	9	300000	16
917	Kursus Grup Pickleball 917	10	pickleball	6	2025-01-29	11	350000	18
918	Kursus Grup Pickleball 918	10	pickleball	9	2025-02-14	16	210000	18
919	Kursus Grup Pickleball 919	10	pickleball	6	2024-10-15	16	270000	10
920	Kursus Grup Pickleball 920	10	pickleball	10	2025-10-06	13	240000	12
921	Kursus Grup Pickleball 921	10	pickleball	9	2025-04-21	13	270000	5
922	Kursus Grup Pickleball 922	10	pickleball	8	2025-09-11	8	180000	16
923	Kursus Grup Pickleball 923	10	pickleball	9	2025-02-10	13	180000	18
924	Kursus Grup Pickleball 924	10	pickleball	7	2024-08-19	7	350000	17
925	Kursus Grup Pickleball 925	10	pickleball	9	2024-06-02	20	150000	11
926	Kursus Grup Pickleball 926	10	pickleball	9	2025-09-25	16	300000	7
927	Kursus Grup Pickleball 927	10	pickleball	7	2025-03-16	10	180000	18
928	Kursus Grup Pickleball 928	10	pickleball	7	2024-05-22	6	210000	19
929	Kursus Grup Pickleball 929	10	pickleball	10	2025-04-25	19	210000	6
930	Kursus Grup Pickleball 930	10	pickleball	6	2025-05-30	7	180000	14
931	Kursus Grup Pickleball 931	10	pickleball	10	2025-05-20	18	350000	8
932	Kursus Grup Pickleball 932	10	pickleball	9	2025-01-22	20	240000	9
933	Kursus Grup Pickleball 933	10	pickleball	10	2024-06-02	11	300000	8
934	Kursus Grup Pickleball 934	10	pickleball	7	2025-08-23	16	240000	13
935	Kursus Grup Pickleball 935	10	pickleball	6	2025-09-22	19	350000	6
936	Kursus Grup Pickleball 936	10	pickleball	7	2024-09-24	18	180000	7
937	Kursus Grup Pickleball 937	10	pickleball	8	2025-03-06	17	150000	18
938	Kursus Grup Pickleball 938	10	pickleball	8	2025-02-01	15	150000	8
939	Kursus Grup Pickleball 939	10	pickleball	10	2024-09-04	20	180000	19
940	Kursus Grup Pickleball 940	10	pickleball	9	2025-06-21	13	180000	18
941	Kursus Grup Pickleball 941	10	pickleball	8	2025-02-23	18	210000	12
942	Kursus Grup Pickleball 942	10	pickleball	10	2025-09-21	9	180000	6
943	Kursus Grup Pickleball 943	10	pickleball	9	2024-08-05	16	150000	8
944	Kursus Grup Pickleball 944	10	pickleball	8	2024-05-21	10	270000	12
945	Kursus Grup Pickleball 945	10	pickleball	7	2024-10-29	13	180000	10
946	Kursus Grup Pickleball 946	10	pickleball	10	2025-05-24	7	300000	15
947	Kursus Grup Pickleball 947	10	pickleball	10	2024-06-01	14	270000	14
948	Kursus Grup Pickleball 948	10	pickleball	6	2025-09-30	14	240000	8
949	Kursus Grup Pickleball 949	10	pickleball	9	2024-07-09	13	240000	11
950	Kursus Grup Pickleball 950	10	pickleball	8	2025-08-19	12	180000	8
951	Kursus Grup Pickleball 951	10	pickleball	7	2025-01-27	18	240000	14
952	Kursus Grup Pickleball 952	10	pickleball	8	2025-01-28	19	270000	20
953	Kursus Grup Pickleball 953	10	pickleball	7	2025-04-15	7	150000	12
954	Kursus Grup Pickleball 954	10	pickleball	8	2025-05-08	19	300000	20
955	Kursus Grup Pickleball 955	10	pickleball	6	2024-12-29	10	210000	17
956	Kursus Grup Pickleball 956	10	pickleball	7	2024-05-10	20	180000	5
957	Kursus Grup Pickleball 957	10	pickleball	9	2024-12-25	9	270000	7
958	Kursus Grup Pickleball 958	10	pickleball	9	2025-05-18	16	270000	11
959	Kursus Grup Pickleball 959	10	pickleball	8	2025-01-18	17	350000	15
960	Kursus Grup Pickleball 960	10	pickleball	9	2024-05-09	13	270000	5
961	Kursus Grup Pickleball 961	10	pickleball	7	2025-02-13	6	210000	17
962	Kursus Grup Pickleball 962	10	pickleball	10	2024-10-22	19	240000	7
963	Kursus Grup Pickleball 963	10	pickleball	10	2025-08-15	12	270000	14
964	Kursus Grup Pickleball 964	10	pickleball	10	2025-06-25	7	150000	11
965	Kursus Grup Pickleball 965	10	pickleball	8	2024-10-02	17	300000	5
966	Kursus Grup Pickleball 966	10	pickleball	10	2025-07-17	10	150000	12
967	Kursus Grup Pickleball 967	10	pickleball	8	2025-01-08	10	210000	7
968	Kursus Grup Pickleball 968	10	pickleball	8	2025-05-29	17	270000	10
969	Kursus Grup Pickleball 969	10	pickleball	9	2025-05-19	16	180000	11
970	Kursus Grup Pickleball 970	10	pickleball	7	2025-03-02	13	150000	15
971	Kursus Grup Pickleball 971	10	pickleball	10	2025-06-08	13	180000	19
972	Kursus Grup Pickleball 972	10	pickleball	8	2025-01-18	14	270000	16
973	Kursus Grup Pickleball 973	10	pickleball	10	2024-05-22	7	270000	5
974	Kursus Grup Pickleball 974	10	pickleball	10	2024-12-26	9	150000	14
975	Kursus Grup Pickleball 975	10	pickleball	6	2025-05-03	20	270000	18
976	Kursus Grup Pickleball 976	10	pickleball	6	2024-11-02	14	300000	9
977	Kursus Grup Pickleball 977	10	pickleball	7	2024-05-04	15	210000	8
978	Kursus Grup Pickleball 978	10	pickleball	8	2024-10-02	20	270000	8
979	Kursus Grup Pickleball 979	10	pickleball	10	2025-02-22	13	240000	20
980	Kursus Grup Pickleball 980	10	pickleball	6	2025-01-24	13	240000	16
981	Kursus Grup Pickleball 981	10	pickleball	8	2025-04-26	7	150000	14
982	Kursus Grup Pickleball 982	10	pickleball	10	2024-05-11	20	350000	10
983	Kursus Grup Pickleball 983	10	pickleball	6	2024-09-13	14	240000	7
984	Kursus Grup Pickleball 984	10	pickleball	10	2024-07-29	17	180000	13
985	Kursus Grup Pickleball 985	10	pickleball	7	2025-06-23	20	180000	11
986	Kursus Grup Pickleball 986	10	pickleball	7	2025-05-21	8	240000	11
987	Kursus Grup Pickleball 987	10	pickleball	10	2025-02-17	20	150000	12
988	Kursus Grup Pickleball 988	10	pickleball	10	2024-10-04	20	210000	9
989	Kursus Grup Pickleball 989	10	pickleball	7	2024-11-05	18	350000	17
990	Kursus Grup Pickleball 990	10	pickleball	10	2025-01-20	11	180000	9
991	Kursus Grup Pickleball 991	10	pickleball	9	2024-05-23	9	300000	13
992	Kursus Grup Pickleball 992	10	pickleball	8	2024-05-26	11	150000	11
993	Kursus Grup Pickleball 993	10	pickleball	6	2024-08-03	14	210000	12
994	Kursus Grup Pickleball 994	10	pickleball	9	2024-07-24	8	150000	12
995	Kursus Grup Pickleball 995	10	pickleball	10	2024-12-19	15	150000	10
996	Kursus Grup Pickleball 996	10	pickleball	6	2024-11-11	12	150000	8
997	Kursus Grup Pickleball 997	10	pickleball	6	2025-03-31	8	150000	6
998	Kursus Grup Pickleball 998	10	pickleball	9	2025-10-06	6	270000	15
999	Kursus Grup Pickleball 999	10	pickleball	8	2025-07-08	10	270000	17
1000	Kursus Grup Pickleball 1000	10	pickleball	8	2025-01-19	11	350000	19
1001	Kursus Grup Padel 1001	11	padel	14	2024-12-30	8	450000	20
1002	Kursus Grup Padel 1002	11	padel	15	2024-05-11	18	450000	19
1003	Kursus Grup Padel 1003	11	padel	15	2024-10-03	13	300000	6
1004	Kursus Grup Padel 1004	11	padel	14	2025-04-13	20	260000	7
1005	Kursus Grup Padel 1005	11	padel	12	2024-10-12	17	220000	8
1006	Kursus Grup Padel 1006	11	padel	13	2024-04-27	12	220000	9
1007	Kursus Grup Padel 1007	11	padel	13	2025-09-28	6	260000	5
1008	Kursus Grup Padel 1008	11	padel	13	2024-08-17	14	260000	13
1009	Kursus Grup Padel 1009	11	padel	14	2025-03-15	13	450000	15
1010	Kursus Grup Padel 1010	11	padel	12	2025-03-08	11	180000	13
1011	Kursus Grup Padel 1011	11	padel	13	2025-02-13	11	420000	16
1012	Kursus Grup Padel 1012	11	padel	11	2025-06-20	12	220000	18
1013	Kursus Grup Padel 1013	11	padel	13	2025-05-30	15	300000	13
1014	Kursus Grup Padel 1014	11	padel	11	2024-12-17	15	340000	10
1015	Kursus Grup Padel 1015	11	padel	14	2025-07-17	6	220000	18
1016	Kursus Grup Padel 1016	11	padel	13	2025-01-09	8	420000	10
1017	Kursus Grup Padel 1017	11	padel	11	2025-07-10	11	380000	10
1018	Kursus Grup Padel 1018	11	padel	11	2025-05-31	14	180000	20
1019	Kursus Grup Padel 1019	11	padel	13	2025-02-08	19	260000	16
1020	Kursus Grup Padel 1020	11	padel	11	2025-06-08	11	260000	11
1021	Kursus Grup Padel 1021	11	padel	14	2024-08-20	15	220000	10
1022	Kursus Grup Padel 1022	11	padel	15	2024-11-12	11	380000	18
1023	Kursus Grup Padel 1023	11	padel	14	2024-05-26	6	420000	12
1024	Kursus Grup Padel 1024	11	padel	15	2024-09-21	7	450000	15
1025	Kursus Grup Padel 1025	11	padel	14	2024-06-02	8	300000	10
1026	Kursus Grup Padel 1026	11	padel	12	2024-10-08	7	450000	18
1027	Kursus Grup Padel 1027	11	padel	15	2025-08-27	13	380000	5
1028	Kursus Grup Padel 1028	11	padel	12	2024-12-12	16	340000	7
1029	Kursus Grup Padel 1029	11	padel	13	2024-09-25	7	450000	18
1030	Kursus Grup Padel 1030	11	padel	15	2024-12-16	13	260000	10
1031	Kursus Grup Padel 1031	11	padel	13	2024-08-11	14	260000	13
1032	Kursus Grup Padel 1032	11	padel	13	2024-10-16	9	220000	9
1033	Kursus Grup Padel 1033	11	padel	15	2024-07-31	20	340000	5
1034	Kursus Grup Padel 1034	11	padel	14	2024-08-12	10	300000	8
1035	Kursus Grup Padel 1035	11	padel	13	2025-02-24	9	220000	6
1036	Kursus Grup Padel 1036	11	padel	11	2024-08-27	10	220000	11
1037	Kursus Grup Padel 1037	11	padel	15	2024-10-06	14	300000	8
1038	Kursus Grup Padel 1038	11	padel	12	2025-06-15	13	450000	10
1039	Kursus Grup Padel 1039	11	padel	14	2025-02-23	7	220000	15
1040	Kursus Grup Padel 1040	11	padel	13	2025-06-03	20	420000	10
1041	Kursus Grup Padel 1041	11	padel	15	2024-05-23	20	180000	19
1042	Kursus Grup Padel 1042	11	padel	15	2025-05-18	12	220000	7
1043	Kursus Grup Padel 1043	11	padel	14	2024-09-17	8	220000	18
1044	Kursus Grup Padel 1044	11	padel	11	2024-08-02	18	180000	17
1045	Kursus Grup Padel 1045	11	padel	14	2025-10-07	9	450000	11
1046	Kursus Grup Padel 1046	11	padel	13	2025-04-11	8	420000	8
1047	Kursus Grup Padel 1047	11	padel	14	2025-09-05	6	420000	5
1048	Kursus Grup Padel 1048	11	padel	12	2025-06-03	14	450000	6
1049	Kursus Grup Padel 1049	11	padel	12	2024-10-16	14	340000	15
1050	Kursus Grup Padel 1050	11	padel	12	2025-04-09	9	340000	8
1051	Kursus Grup Padel 1051	11	padel	11	2024-07-19	15	220000	5
1052	Kursus Grup Padel 1052	11	padel	12	2025-06-20	16	300000	8
1053	Kursus Grup Padel 1053	11	padel	13	2025-06-30	16	450000	8
1054	Kursus Grup Padel 1054	11	padel	15	2024-07-10	18	340000	6
1055	Kursus Grup Padel 1055	11	padel	15	2025-06-03	7	420000	10
1056	Kursus Grup Padel 1056	11	padel	11	2024-05-02	18	450000	7
1057	Kursus Grup Padel 1057	11	padel	12	2025-05-02	12	260000	7
1058	Kursus Grup Padel 1058	11	padel	14	2025-09-11	12	180000	16
1059	Kursus Grup Padel 1059	11	padel	12	2024-06-03	18	450000	12
1060	Kursus Grup Padel 1060	11	padel	14	2025-10-08	13	300000	10
1061	Kursus Grup Padel 1061	11	padel	15	2025-09-05	9	300000	5
1062	Kursus Grup Padel 1062	11	padel	12	2025-03-19	17	450000	17
1063	Kursus Grup Padel 1063	11	padel	12	2025-02-26	12	380000	20
1064	Kursus Grup Padel 1064	11	padel	12	2025-07-15	11	340000	12
1065	Kursus Grup Padel 1065	11	padel	14	2025-04-22	8	220000	16
1066	Kursus Grup Padel 1066	11	padel	11	2024-12-12	12	450000	20
1067	Kursus Grup Padel 1067	11	padel	12	2025-08-09	9	220000	13
1068	Kursus Grup Padel 1068	11	padel	15	2025-05-26	15	260000	16
1069	Kursus Grup Padel 1069	11	padel	12	2025-02-20	8	180000	18
1070	Kursus Grup Padel 1070	11	padel	11	2025-07-15	18	450000	19
1071	Kursus Grup Padel 1071	11	padel	15	2025-01-14	16	180000	5
1072	Kursus Grup Padel 1072	11	padel	13	2024-07-15	17	340000	16
1073	Kursus Grup Padel 1073	11	padel	12	2024-07-02	13	340000	8
1074	Kursus Grup Padel 1074	11	padel	11	2025-02-19	9	300000	20
1075	Kursus Grup Padel 1075	11	padel	12	2024-09-27	9	300000	13
1076	Kursus Grup Padel 1076	11	padel	12	2024-07-30	10	180000	20
1077	Kursus Grup Padel 1077	11	padel	14	2025-05-23	11	260000	18
1078	Kursus Grup Padel 1078	11	padel	14	2025-05-15	20	260000	11
1079	Kursus Grup Padel 1079	11	padel	12	2025-07-03	19	420000	14
1080	Kursus Grup Padel 1080	11	padel	14	2025-02-12	17	340000	6
1081	Kursus Grup Padel 1081	11	padel	13	2025-09-20	8	220000	15
1082	Kursus Grup Padel 1082	11	padel	11	2025-08-22	12	380000	9
1083	Kursus Grup Padel 1083	11	padel	14	2024-11-13	12	260000	19
1084	Kursus Grup Padel 1084	11	padel	11	2025-01-22	10	260000	12
1085	Kursus Grup Padel 1085	11	padel	13	2024-11-22	10	300000	5
1086	Kursus Grup Padel 1086	11	padel	13	2025-03-22	10	300000	11
1087	Kursus Grup Padel 1087	11	padel	11	2025-09-23	16	180000	5
1088	Kursus Grup Padel 1088	11	padel	12	2025-03-03	20	380000	5
1089	Kursus Grup Padel 1089	11	padel	11	2024-09-16	17	340000	17
1090	Kursus Grup Padel 1090	11	padel	15	2025-06-18	10	260000	11
1091	Kursus Grup Padel 1091	11	padel	15	2024-09-04	18	340000	20
1092	Kursus Grup Padel 1092	11	padel	11	2025-08-06	11	180000	11
1093	Kursus Grup Padel 1093	11	padel	14	2025-01-03	15	340000	8
1094	Kursus Grup Padel 1094	11	padel	13	2024-10-01	9	180000	13
1095	Kursus Grup Padel 1095	11	padel	11	2025-01-14	20	300000	12
1096	Kursus Grup Padel 1096	11	padel	12	2025-03-17	6	340000	14
1097	Kursus Grup Padel 1097	11	padel	13	2025-04-30	11	180000	16
1098	Kursus Grup Padel 1098	11	padel	12	2024-10-04	20	420000	14
1099	Kursus Grup Padel 1099	11	padel	14	2025-04-05	10	300000	14
1100	Kursus Grup Padel 1100	11	padel	15	2025-05-11	18	180000	10
1101	Kursus Grup Padel 1101	12	padel	11	2025-05-13	12	450000	9
1102	Kursus Grup Padel 1102	12	padel	12	2025-07-01	6	300000	6
1103	Kursus Grup Padel 1103	12	padel	11	2024-07-07	16	450000	8
1104	Kursus Grup Padel 1104	12	padel	11	2025-02-10	12	420000	6
1105	Kursus Grup Padel 1105	12	padel	13	2024-06-25	12	340000	10
1106	Kursus Grup Padel 1106	12	padel	15	2024-10-04	15	300000	14
1107	Kursus Grup Padel 1107	12	padel	14	2024-09-05	10	420000	19
1108	Kursus Grup Padel 1108	12	padel	12	2024-12-09	18	340000	9
1109	Kursus Grup Padel 1109	12	padel	12	2025-01-26	15	380000	5
1110	Kursus Grup Padel 1110	12	padel	11	2024-07-24	11	450000	19
1111	Kursus Grup Padel 1111	12	padel	14	2024-07-08	10	340000	15
1112	Kursus Grup Padel 1112	12	padel	11	2025-05-23	18	300000	17
1113	Kursus Grup Padel 1113	12	padel	13	2024-10-12	7	260000	19
1114	Kursus Grup Padel 1114	12	padel	12	2025-01-26	12	260000	9
1115	Kursus Grup Padel 1115	12	padel	11	2024-07-23	16	380000	7
1116	Kursus Grup Padel 1116	12	padel	11	2025-02-15	20	380000	12
1117	Kursus Grup Padel 1117	12	padel	13	2025-01-21	20	180000	5
1118	Kursus Grup Padel 1118	12	padel	15	2024-07-05	17	180000	18
1119	Kursus Grup Padel 1119	12	padel	11	2024-05-23	19	450000	5
1120	Kursus Grup Padel 1120	12	padel	15	2024-10-12	20	260000	13
1121	Kursus Grup Padel 1121	12	padel	14	2025-09-01	7	380000	19
1122	Kursus Grup Padel 1122	12	padel	15	2024-09-18	16	180000	15
1123	Kursus Grup Padel 1123	12	padel	12	2025-05-27	16	450000	13
1124	Kursus Grup Padel 1124	12	padel	12	2025-05-15	11	220000	5
1125	Kursus Grup Padel 1125	12	padel	11	2025-03-09	17	220000	10
1126	Kursus Grup Padel 1126	12	padel	15	2025-09-10	14	420000	16
1127	Kursus Grup Padel 1127	12	padel	11	2025-03-30	10	220000	13
1128	Kursus Grup Padel 1128	12	padel	14	2024-06-21	11	450000	5
1129	Kursus Grup Padel 1129	12	padel	13	2025-09-22	19	180000	14
1130	Kursus Grup Padel 1130	12	padel	15	2024-05-05	7	300000	18
1131	Kursus Grup Padel 1131	12	padel	14	2025-09-13	11	450000	14
1132	Kursus Grup Padel 1132	12	padel	14	2025-03-22	20	260000	12
1133	Kursus Grup Padel 1133	12	padel	11	2024-12-01	10	220000	18
1134	Kursus Grup Padel 1134	12	padel	14	2024-10-29	10	340000	10
1135	Kursus Grup Padel 1135	12	padel	15	2025-04-05	10	450000	17
1136	Kursus Grup Padel 1136	12	padel	11	2024-12-19	6	220000	9
1137	Kursus Grup Padel 1137	12	padel	11	2024-10-10	18	380000	19
1138	Kursus Grup Padel 1138	12	padel	14	2024-05-16	15	260000	20
1139	Kursus Grup Padel 1139	12	padel	11	2024-09-10	18	220000	5
1140	Kursus Grup Padel 1140	12	padel	14	2024-06-02	13	300000	9
1141	Kursus Grup Padel 1141	12	padel	13	2025-06-07	10	180000	10
1142	Kursus Grup Padel 1142	12	padel	14	2024-08-01	10	380000	15
1143	Kursus Grup Padel 1143	12	padel	13	2025-03-23	13	180000	6
1144	Kursus Grup Padel 1144	12	padel	13	2024-12-18	10	450000	20
1145	Kursus Grup Padel 1145	12	padel	15	2024-09-28	16	260000	12
1146	Kursus Grup Padel 1146	12	padel	14	2025-07-31	19	450000	6
1147	Kursus Grup Padel 1147	12	padel	13	2025-06-05	14	340000	19
1148	Kursus Grup Padel 1148	12	padel	14	2024-05-26	14	260000	15
1149	Kursus Grup Padel 1149	12	padel	11	2024-10-01	14	340000	8
1150	Kursus Grup Padel 1150	12	padel	11	2025-04-27	15	340000	17
1151	Kursus Grup Padel 1151	12	padel	13	2024-05-18	20	420000	9
1152	Kursus Grup Padel 1152	12	padel	12	2025-04-01	8	340000	8
1153	Kursus Grup Padel 1153	12	padel	12	2025-03-28	19	380000	6
1154	Kursus Grup Padel 1154	12	padel	15	2025-07-29	10	220000	15
1155	Kursus Grup Padel 1155	12	padel	11	2025-07-18	14	450000	18
1156	Kursus Grup Padel 1156	12	padel	12	2024-10-18	18	300000	12
1157	Kursus Grup Padel 1157	12	padel	15	2025-05-08	11	420000	8
1158	Kursus Grup Padel 1158	12	padel	15	2025-07-23	20	260000	9
1159	Kursus Grup Padel 1159	12	padel	14	2024-08-10	14	420000	20
1160	Kursus Grup Padel 1160	12	padel	11	2025-07-28	9	300000	18
1161	Kursus Grup Padel 1161	12	padel	14	2024-07-24	11	380000	16
1162	Kursus Grup Padel 1162	12	padel	13	2024-08-30	12	340000	7
1163	Kursus Grup Padel 1163	12	padel	11	2025-06-29	6	420000	10
1164	Kursus Grup Padel 1164	12	padel	14	2025-02-27	11	450000	6
1165	Kursus Grup Padel 1165	12	padel	12	2025-07-07	13	340000	11
1166	Kursus Grup Padel 1166	12	padel	11	2024-12-09	11	450000	13
1167	Kursus Grup Padel 1167	12	padel	15	2025-08-10	6	260000	5
1168	Kursus Grup Padel 1168	12	padel	12	2024-10-01	8	450000	5
1169	Kursus Grup Padel 1169	12	padel	11	2024-12-26	19	220000	15
1170	Kursus Grup Padel 1170	12	padel	12	2024-06-25	10	180000	18
1171	Kursus Grup Padel 1171	12	padel	14	2025-08-26	10	340000	7
1172	Kursus Grup Padel 1172	12	padel	12	2024-10-21	6	450000	15
1173	Kursus Grup Padel 1173	12	padel	15	2025-07-09	8	420000	11
1174	Kursus Grup Padel 1174	12	padel	14	2024-08-24	16	420000	13
1175	Kursus Grup Padel 1175	12	padel	12	2024-11-19	18	180000	17
1176	Kursus Grup Padel 1176	12	padel	14	2025-07-18	20	300000	8
1177	Kursus Grup Padel 1177	12	padel	12	2025-05-25	18	380000	17
1178	Kursus Grup Padel 1178	12	padel	15	2025-09-13	6	420000	19
1179	Kursus Grup Padel 1179	12	padel	11	2025-04-13	17	420000	6
1180	Kursus Grup Padel 1180	12	padel	12	2025-07-31	7	450000	7
1181	Kursus Grup Padel 1181	12	padel	11	2024-06-13	6	340000	5
1182	Kursus Grup Padel 1182	12	padel	11	2024-07-30	12	180000	12
1183	Kursus Grup Padel 1183	12	padel	13	2024-10-10	20	260000	6
1184	Kursus Grup Padel 1184	12	padel	11	2024-05-31	9	380000	6
1185	Kursus Grup Padel 1185	12	padel	15	2025-01-20	11	220000	18
1186	Kursus Grup Padel 1186	12	padel	15	2024-06-30	11	220000	8
1187	Kursus Grup Padel 1187	12	padel	11	2025-04-27	7	260000	11
1188	Kursus Grup Padel 1188	12	padel	15	2024-10-24	19	180000	10
1189	Kursus Grup Padel 1189	12	padel	12	2025-09-13	17	420000	8
1190	Kursus Grup Padel 1190	12	padel	11	2025-08-26	6	180000	16
1191	Kursus Grup Padel 1191	12	padel	14	2025-10-05	19	340000	7
1192	Kursus Grup Padel 1192	12	padel	12	2025-04-17	15	260000	18
1193	Kursus Grup Padel 1193	12	padel	12	2025-01-11	17	220000	9
1194	Kursus Grup Padel 1194	12	padel	13	2024-07-26	20	300000	15
1195	Kursus Grup Padel 1195	12	padel	12	2025-03-16	16	180000	10
1196	Kursus Grup Padel 1196	12	padel	15	2024-07-08	17	300000	16
1197	Kursus Grup Padel 1197	12	padel	12	2025-04-24	11	380000	20
1198	Kursus Grup Padel 1198	12	padel	15	2025-03-08	16	340000	5
1199	Kursus Grup Padel 1199	12	padel	14	2024-11-15	8	450000	8
1200	Kursus Grup Padel 1200	12	padel	15	2025-03-13	17	180000	9
1201	Kursus Grup Padel 1201	13	padel	13	2025-04-26	10	220000	14
1202	Kursus Grup Padel 1202	13	padel	13	2024-07-05	16	300000	12
1203	Kursus Grup Padel 1203	13	padel	13	2025-04-08	17	260000	8
1204	Kursus Grup Padel 1204	13	padel	13	2025-03-21	20	180000	7
1205	Kursus Grup Padel 1205	13	padel	11	2024-08-17	16	260000	12
1206	Kursus Grup Padel 1206	13	padel	14	2024-07-07	15	260000	19
1207	Kursus Grup Padel 1207	13	padel	11	2024-08-02	10	450000	16
1208	Kursus Grup Padel 1208	13	padel	12	2024-05-10	18	420000	15
1209	Kursus Grup Padel 1209	13	padel	14	2024-10-12	20	450000	15
1210	Kursus Grup Padel 1210	13	padel	14	2025-09-08	17	260000	16
1211	Kursus Grup Padel 1211	13	padel	13	2024-06-09	12	380000	15
1212	Kursus Grup Padel 1212	13	padel	12	2024-07-30	15	380000	6
1213	Kursus Grup Padel 1213	13	padel	15	2025-03-26	8	220000	7
1214	Kursus Grup Padel 1214	13	padel	14	2024-08-06	18	420000	5
1215	Kursus Grup Padel 1215	13	padel	13	2024-12-06	11	300000	7
1216	Kursus Grup Padel 1216	13	padel	14	2024-10-23	13	340000	20
1217	Kursus Grup Padel 1217	13	padel	14	2025-05-28	11	340000	13
1218	Kursus Grup Padel 1218	13	padel	14	2025-07-12	12	260000	7
1219	Kursus Grup Padel 1219	13	padel	14	2025-07-15	14	180000	19
1220	Kursus Grup Padel 1220	13	padel	11	2025-09-09	19	450000	6
1221	Kursus Grup Padel 1221	13	padel	15	2025-06-05	9	380000	19
1222	Kursus Grup Padel 1222	13	padel	15	2024-07-10	8	420000	16
1223	Kursus Grup Padel 1223	13	padel	12	2024-11-02	18	340000	5
1224	Kursus Grup Padel 1224	13	padel	15	2025-01-09	16	450000	9
1225	Kursus Grup Padel 1225	13	padel	14	2024-07-27	20	340000	15
1226	Kursus Grup Padel 1226	13	padel	13	2025-01-10	7	180000	19
1227	Kursus Grup Padel 1227	13	padel	13	2025-03-12	8	340000	14
1228	Kursus Grup Padel 1228	13	padel	13	2024-12-14	13	180000	20
1229	Kursus Grup Padel 1229	13	padel	11	2024-07-06	7	300000	9
1230	Kursus Grup Padel 1230	13	padel	15	2024-06-01	20	380000	10
1231	Kursus Grup Padel 1231	13	padel	14	2025-05-08	11	220000	14
1232	Kursus Grup Padel 1232	13	padel	15	2025-06-19	9	340000	14
1233	Kursus Grup Padel 1233	13	padel	11	2024-11-10	15	340000	9
1234	Kursus Grup Padel 1234	13	padel	13	2024-10-20	16	180000	7
1235	Kursus Grup Padel 1235	13	padel	13	2024-05-23	12	450000	9
1236	Kursus Grup Padel 1236	13	padel	12	2024-10-30	16	300000	14
1237	Kursus Grup Padel 1237	13	padel	15	2025-06-24	13	450000	8
1238	Kursus Grup Padel 1238	13	padel	11	2024-04-27	17	420000	18
1239	Kursus Grup Padel 1239	13	padel	12	2024-12-01	16	180000	9
1240	Kursus Grup Padel 1240	13	padel	12	2024-06-01	13	300000	15
1241	Kursus Grup Padel 1241	13	padel	15	2024-11-30	18	220000	13
1242	Kursus Grup Padel 1242	13	padel	13	2025-10-01	15	340000	16
1243	Kursus Grup Padel 1243	13	padel	11	2024-08-13	15	180000	8
1244	Kursus Grup Padel 1244	13	padel	14	2025-03-25	13	340000	5
1245	Kursus Grup Padel 1245	13	padel	13	2024-12-13	13	450000	5
1246	Kursus Grup Padel 1246	13	padel	13	2024-10-28	14	180000	15
1247	Kursus Grup Padel 1247	13	padel	12	2025-01-24	13	450000	13
1248	Kursus Grup Padel 1248	13	padel	13	2025-06-12	10	220000	20
1249	Kursus Grup Padel 1249	13	padel	13	2024-08-16	8	180000	5
1250	Kursus Grup Padel 1250	13	padel	13	2024-08-01	18	380000	10
1251	Kursus Grup Padel 1251	13	padel	13	2025-04-08	8	340000	18
1252	Kursus Grup Padel 1252	13	padel	12	2024-05-25	13	450000	18
1253	Kursus Grup Padel 1253	13	padel	11	2024-06-11	15	420000	18
1254	Kursus Grup Padel 1254	13	padel	14	2025-06-28	10	420000	17
1255	Kursus Grup Padel 1255	13	padel	14	2025-03-04	18	220000	11
1256	Kursus Grup Padel 1256	13	padel	15	2025-01-10	17	450000	18
1257	Kursus Grup Padel 1257	13	padel	15	2024-07-05	13	300000	12
1258	Kursus Grup Padel 1258	13	padel	14	2024-07-07	6	260000	16
1259	Kursus Grup Padel 1259	13	padel	12	2025-01-07	18	420000	10
1260	Kursus Grup Padel 1260	13	padel	15	2024-10-02	9	180000	7
1261	Kursus Grup Padel 1261	13	padel	15	2024-10-16	10	220000	18
1262	Kursus Grup Padel 1262	13	padel	11	2025-01-27	9	220000	10
1263	Kursus Grup Padel 1263	13	padel	15	2025-07-31	8	420000	10
1264	Kursus Grup Padel 1264	13	padel	11	2025-03-21	9	220000	14
1265	Kursus Grup Padel 1265	13	padel	14	2025-04-23	17	420000	11
1266	Kursus Grup Padel 1266	13	padel	11	2024-11-19	14	450000	10
1267	Kursus Grup Padel 1267	13	padel	13	2024-05-10	18	340000	20
1268	Kursus Grup Padel 1268	13	padel	12	2025-01-17	14	300000	16
1269	Kursus Grup Padel 1269	13	padel	15	2025-08-08	8	340000	16
1270	Kursus Grup Padel 1270	13	padel	12	2025-04-15	18	260000	14
1271	Kursus Grup Padel 1271	13	padel	12	2024-10-21	16	300000	18
1272	Kursus Grup Padel 1272	13	padel	12	2025-05-07	6	300000	15
1273	Kursus Grup Padel 1273	13	padel	13	2024-12-30	13	380000	7
1274	Kursus Grup Padel 1274	13	padel	13	2025-03-13	10	450000	7
1275	Kursus Grup Padel 1275	13	padel	11	2025-06-10	12	340000	8
1276	Kursus Grup Padel 1276	13	padel	11	2025-01-24	17	380000	9
1277	Kursus Grup Padel 1277	13	padel	14	2024-09-27	18	380000	20
1278	Kursus Grup Padel 1278	13	padel	15	2025-03-22	15	340000	7
1279	Kursus Grup Padel 1279	13	padel	14	2024-11-20	12	420000	8
1280	Kursus Grup Padel 1280	13	padel	15	2024-05-08	6	300000	19
1281	Kursus Grup Padel 1281	13	padel	13	2025-09-12	11	340000	13
1282	Kursus Grup Padel 1282	13	padel	14	2024-09-07	15	300000	14
1283	Kursus Grup Padel 1283	13	padel	14	2024-06-13	12	220000	18
1284	Kursus Grup Padel 1284	13	padel	15	2024-08-21	19	260000	6
1285	Kursus Grup Padel 1285	13	padel	11	2025-02-20	13	420000	10
1286	Kursus Grup Padel 1286	13	padel	15	2025-02-19	8	340000	10
1287	Kursus Grup Padel 1287	13	padel	15	2024-05-03	8	260000	7
1288	Kursus Grup Padel 1288	13	padel	14	2024-11-19	9	300000	20
1289	Kursus Grup Padel 1289	13	padel	12	2025-10-06	7	300000	7
1290	Kursus Grup Padel 1290	13	padel	12	2024-08-06	18	450000	19
1291	Kursus Grup Padel 1291	13	padel	14	2024-09-25	9	260000	15
1292	Kursus Grup Padel 1292	13	padel	13	2024-12-19	14	260000	8
1293	Kursus Grup Padel 1293	13	padel	13	2025-09-25	19	300000	5
1294	Kursus Grup Padel 1294	13	padel	11	2024-05-18	9	340000	20
1295	Kursus Grup Padel 1295	13	padel	11	2025-09-16	20	420000	19
1296	Kursus Grup Padel 1296	13	padel	12	2024-11-18	15	220000	15
1297	Kursus Grup Padel 1297	13	padel	12	2024-10-22	14	220000	6
1298	Kursus Grup Padel 1298	13	padel	11	2024-08-28	7	450000	8
1299	Kursus Grup Padel 1299	13	padel	13	2024-05-18	14	420000	9
1300	Kursus Grup Padel 1300	13	padel	15	2024-10-09	11	300000	5
1301	Kursus Grup Padel 1301	14	padel	14	2024-08-04	20	300000	12
1302	Kursus Grup Padel 1302	14	padel	14	2025-05-11	13	420000	12
1303	Kursus Grup Padel 1303	14	padel	13	2025-09-14	12	450000	11
1304	Kursus Grup Padel 1304	14	padel	12	2024-11-09	18	380000	6
1305	Kursus Grup Padel 1305	14	padel	15	2025-07-28	10	300000	20
1306	Kursus Grup Padel 1306	14	padel	12	2024-08-14	6	420000	13
1307	Kursus Grup Padel 1307	14	padel	12	2025-03-30	15	380000	13
1308	Kursus Grup Padel 1308	14	padel	15	2025-07-30	11	180000	5
1309	Kursus Grup Padel 1309	14	padel	15	2025-08-11	14	450000	13
1310	Kursus Grup Padel 1310	14	padel	11	2025-08-12	19	420000	11
1311	Kursus Grup Padel 1311	14	padel	13	2025-09-15	12	180000	14
1312	Kursus Grup Padel 1312	14	padel	11	2025-09-15	16	450000	7
1313	Kursus Grup Padel 1313	14	padel	12	2025-07-17	10	180000	7
1314	Kursus Grup Padel 1314	14	padel	15	2025-03-07	6	220000	18
1315	Kursus Grup Padel 1315	14	padel	11	2025-07-24	18	450000	5
1316	Kursus Grup Padel 1316	14	padel	14	2025-08-31	12	420000	16
1317	Kursus Grup Padel 1317	14	padel	13	2024-10-26	10	450000	15
1318	Kursus Grup Padel 1318	14	padel	13	2024-07-19	15	420000	7
1319	Kursus Grup Padel 1319	14	padel	13	2025-04-23	7	420000	14
1320	Kursus Grup Padel 1320	14	padel	15	2025-01-17	13	380000	19
1321	Kursus Grup Padel 1321	14	padel	13	2024-10-05	15	300000	5
1322	Kursus Grup Padel 1322	14	padel	14	2024-10-16	20	380000	8
1323	Kursus Grup Padel 1323	14	padel	14	2025-05-16	15	450000	16
1324	Kursus Grup Padel 1324	14	padel	14	2025-09-28	8	420000	16
1325	Kursus Grup Padel 1325	14	padel	12	2025-04-12	10	300000	7
1326	Kursus Grup Padel 1326	14	padel	14	2025-01-29	18	340000	5
1327	Kursus Grup Padel 1327	14	padel	15	2024-05-20	18	260000	12
1328	Kursus Grup Padel 1328	14	padel	13	2025-08-27	11	220000	12
1329	Kursus Grup Padel 1329	14	padel	11	2024-09-15	16	450000	11
1330	Kursus Grup Padel 1330	14	padel	11	2025-04-04	7	420000	16
1331	Kursus Grup Padel 1331	14	padel	13	2024-09-09	9	260000	11
1332	Kursus Grup Padel 1332	14	padel	15	2024-08-01	18	180000	18
1333	Kursus Grup Padel 1333	14	padel	13	2025-01-19	7	220000	17
1334	Kursus Grup Padel 1334	14	padel	11	2025-08-19	11	380000	11
1335	Kursus Grup Padel 1335	14	padel	15	2025-09-29	7	260000	8
1336	Kursus Grup Padel 1336	14	padel	15	2024-12-13	12	300000	17
1337	Kursus Grup Padel 1337	14	padel	11	2024-09-21	20	300000	20
1338	Kursus Grup Padel 1338	14	padel	14	2025-09-22	14	260000	11
1339	Kursus Grup Padel 1339	14	padel	14	2025-01-22	18	300000	10
1340	Kursus Grup Padel 1340	14	padel	15	2025-10-04	8	380000	20
1341	Kursus Grup Padel 1341	14	padel	12	2025-03-18	20	220000	10
1342	Kursus Grup Padel 1342	14	padel	14	2025-04-17	16	260000	5
1343	Kursus Grup Padel 1343	14	padel	14	2024-09-25	7	340000	11
1344	Kursus Grup Padel 1344	14	padel	12	2024-11-26	8	300000	17
1345	Kursus Grup Padel 1345	14	padel	13	2025-01-21	9	420000	18
1346	Kursus Grup Padel 1346	14	padel	15	2025-07-14	14	300000	20
1347	Kursus Grup Padel 1347	14	padel	13	2025-06-01	7	220000	9
1348	Kursus Grup Padel 1348	14	padel	14	2025-09-05	15	340000	7
1349	Kursus Grup Padel 1349	14	padel	11	2025-03-05	14	380000	18
1350	Kursus Grup Padel 1350	14	padel	13	2025-06-05	10	340000	8
1351	Kursus Grup Padel 1351	14	padel	14	2025-02-17	10	450000	18
1352	Kursus Grup Padel 1352	14	padel	14	2025-04-28	11	450000	7
1353	Kursus Grup Padel 1353	14	padel	15	2024-08-17	14	220000	9
1354	Kursus Grup Padel 1354	14	padel	12	2024-10-15	18	180000	12
1355	Kursus Grup Padel 1355	14	padel	11	2025-09-17	6	220000	10
1356	Kursus Grup Padel 1356	14	padel	11	2025-09-25	18	380000	9
1357	Kursus Grup Padel 1357	14	padel	14	2025-04-21	10	220000	17
1358	Kursus Grup Padel 1358	14	padel	14	2025-03-20	10	180000	15
1359	Kursus Grup Padel 1359	14	padel	15	2024-09-08	10	450000	7
1360	Kursus Grup Padel 1360	14	padel	11	2025-08-28	8	220000	5
1361	Kursus Grup Padel 1361	14	padel	11	2025-08-18	15	300000	13
1362	Kursus Grup Padel 1362	14	padel	14	2024-06-13	14	180000	8
1363	Kursus Grup Padel 1363	14	padel	14	2024-11-29	15	220000	20
1364	Kursus Grup Padel 1364	14	padel	15	2025-05-11	10	220000	7
1365	Kursus Grup Padel 1365	14	padel	14	2025-06-09	19	180000	11
1366	Kursus Grup Padel 1366	14	padel	11	2025-08-19	13	220000	20
1367	Kursus Grup Padel 1367	14	padel	12	2024-09-17	10	180000	5
1368	Kursus Grup Padel 1368	14	padel	13	2025-01-28	14	450000	14
1369	Kursus Grup Padel 1369	14	padel	13	2025-01-22	13	260000	13
1370	Kursus Grup Padel 1370	14	padel	12	2024-09-23	17	420000	18
1371	Kursus Grup Padel 1371	14	padel	13	2024-09-23	18	180000	5
1372	Kursus Grup Padel 1372	14	padel	14	2025-07-25	6	300000	9
1373	Kursus Grup Padel 1373	14	padel	12	2024-08-27	20	450000	8
1374	Kursus Grup Padel 1374	14	padel	11	2024-09-05	17	380000	5
1375	Kursus Grup Padel 1375	14	padel	11	2025-05-24	7	260000	9
1376	Kursus Grup Padel 1376	14	padel	15	2024-10-14	17	340000	9
1377	Kursus Grup Padel 1377	14	padel	11	2024-12-22	16	420000	5
1378	Kursus Grup Padel 1378	14	padel	15	2025-07-01	18	420000	8
1379	Kursus Grup Padel 1379	14	padel	15	2024-05-18	16	180000	14
1380	Kursus Grup Padel 1380	14	padel	15	2024-12-17	19	260000	13
1381	Kursus Grup Padel 1381	14	padel	12	2025-05-28	10	300000	17
1382	Kursus Grup Padel 1382	14	padel	12	2024-06-16	16	220000	19
1383	Kursus Grup Padel 1383	14	padel	15	2025-08-28	15	420000	7
1384	Kursus Grup Padel 1384	14	padel	12	2025-04-07	6	220000	20
1385	Kursus Grup Padel 1385	14	padel	12	2024-09-02	20	300000	19
1386	Kursus Grup Padel 1386	14	padel	12	2025-01-18	15	340000	8
1387	Kursus Grup Padel 1387	14	padel	14	2024-10-26	10	340000	20
1388	Kursus Grup Padel 1388	14	padel	13	2024-06-07	9	420000	20
1389	Kursus Grup Padel 1389	14	padel	12	2024-10-20	15	300000	13
1390	Kursus Grup Padel 1390	14	padel	12	2024-07-03	20	380000	10
1391	Kursus Grup Padel 1391	14	padel	14	2025-01-17	18	340000	13
1392	Kursus Grup Padel 1392	14	padel	13	2024-11-05	6	450000	15
1393	Kursus Grup Padel 1393	14	padel	15	2025-02-25	12	260000	12
1394	Kursus Grup Padel 1394	14	padel	15	2024-12-23	19	300000	7
1395	Kursus Grup Padel 1395	14	padel	13	2024-09-23	9	420000	17
1396	Kursus Grup Padel 1396	14	padel	12	2024-11-25	8	380000	20
1397	Kursus Grup Padel 1397	14	padel	15	2025-08-25	18	220000	5
1398	Kursus Grup Padel 1398	14	padel	11	2025-07-16	16	450000	17
1399	Kursus Grup Padel 1399	14	padel	14	2025-05-04	20	220000	16
1400	Kursus Grup Padel 1400	14	padel	12	2025-08-16	14	220000	13
1401	Kursus Grup Padel 1401	15	padel	11	2024-07-01	13	420000	5
1402	Kursus Grup Padel 1402	15	padel	15	2024-09-21	19	180000	6
1403	Kursus Grup Padel 1403	15	padel	12	2025-06-21	17	260000	14
1404	Kursus Grup Padel 1404	15	padel	12	2025-06-18	10	380000	18
1405	Kursus Grup Padel 1405	15	padel	11	2025-09-01	19	180000	7
1406	Kursus Grup Padel 1406	15	padel	15	2024-10-26	7	380000	15
1407	Kursus Grup Padel 1407	15	padel	15	2025-05-19	20	220000	9
1408	Kursus Grup Padel 1408	15	padel	15	2025-07-12	14	300000	6
1409	Kursus Grup Padel 1409	15	padel	13	2025-06-25	15	180000	15
1410	Kursus Grup Padel 1410	15	padel	12	2025-09-13	7	180000	17
1411	Kursus Grup Padel 1411	15	padel	14	2024-10-09	16	420000	17
1412	Kursus Grup Padel 1412	15	padel	14	2025-01-18	10	260000	11
1413	Kursus Grup Padel 1413	15	padel	12	2024-12-11	7	180000	14
1414	Kursus Grup Padel 1414	15	padel	14	2024-06-29	9	220000	9
1415	Kursus Grup Padel 1415	15	padel	12	2025-01-09	16	450000	20
1416	Kursus Grup Padel 1416	15	padel	15	2025-08-30	6	220000	7
1417	Kursus Grup Padel 1417	15	padel	11	2024-05-10	15	380000	18
1418	Kursus Grup Padel 1418	15	padel	12	2025-02-17	20	220000	10
1419	Kursus Grup Padel 1419	15	padel	14	2025-07-02	16	220000	12
1420	Kursus Grup Padel 1420	15	padel	11	2025-08-16	12	180000	11
1421	Kursus Grup Padel 1421	15	padel	12	2025-03-10	6	180000	10
1422	Kursus Grup Padel 1422	15	padel	11	2024-07-22	12	260000	6
1423	Kursus Grup Padel 1423	15	padel	12	2024-11-14	16	450000	14
1424	Kursus Grup Padel 1424	15	padel	12	2024-07-18	16	300000	19
1425	Kursus Grup Padel 1425	15	padel	14	2024-08-31	16	420000	16
1426	Kursus Grup Padel 1426	15	padel	12	2025-04-09	12	300000	9
1427	Kursus Grup Padel 1427	15	padel	13	2024-10-19	20	260000	15
1428	Kursus Grup Padel 1428	15	padel	11	2024-09-17	12	420000	15
1429	Kursus Grup Padel 1429	15	padel	15	2025-06-30	12	340000	11
1430	Kursus Grup Padel 1430	15	padel	14	2024-10-03	9	300000	19
1431	Kursus Grup Padel 1431	15	padel	14	2024-11-30	9	260000	19
1432	Kursus Grup Padel 1432	15	padel	11	2025-06-07	10	450000	17
1433	Kursus Grup Padel 1433	15	padel	12	2025-07-29	10	380000	17
1434	Kursus Grup Padel 1434	15	padel	15	2025-05-05	19	450000	18
1435	Kursus Grup Padel 1435	15	padel	13	2024-07-24	14	260000	9
1436	Kursus Grup Padel 1436	15	padel	11	2025-07-12	17	260000	16
1437	Kursus Grup Padel 1437	15	padel	13	2025-06-19	14	450000	16
1438	Kursus Grup Padel 1438	15	padel	14	2024-10-10	15	450000	10
1439	Kursus Grup Padel 1439	15	padel	12	2025-01-25	11	300000	10
1440	Kursus Grup Padel 1440	15	padel	11	2025-01-25	6	450000	18
1441	Kursus Grup Padel 1441	15	padel	13	2025-01-28	6	180000	14
1442	Kursus Grup Padel 1442	15	padel	13	2025-03-09	15	220000	10
1443	Kursus Grup Padel 1443	15	padel	12	2024-08-25	19	260000	10
1444	Kursus Grup Padel 1444	15	padel	15	2024-07-09	18	450000	10
1445	Kursus Grup Padel 1445	15	padel	14	2024-10-28	16	450000	16
1446	Kursus Grup Padel 1446	15	padel	14	2024-07-14	14	180000	9
1447	Kursus Grup Padel 1447	15	padel	14	2024-10-15	8	340000	15
1448	Kursus Grup Padel 1448	15	padel	11	2024-06-06	18	180000	5
1449	Kursus Grup Padel 1449	15	padel	15	2024-11-19	17	300000	20
1450	Kursus Grup Padel 1450	15	padel	15	2024-09-03	6	340000	10
1451	Kursus Grup Padel 1451	15	padel	12	2025-05-23	20	300000	19
1452	Kursus Grup Padel 1452	15	padel	14	2024-10-31	9	300000	8
1453	Kursus Grup Padel 1453	15	padel	11	2024-05-16	17	180000	7
1454	Kursus Grup Padel 1454	15	padel	13	2024-11-13	15	450000	14
1455	Kursus Grup Padel 1455	15	padel	15	2025-09-14	20	340000	16
1456	Kursus Grup Padel 1456	15	padel	15	2024-05-16	9	260000	5
1457	Kursus Grup Padel 1457	15	padel	11	2025-07-17	20	180000	13
1458	Kursus Grup Padel 1458	15	padel	13	2025-06-02	16	380000	12
1459	Kursus Grup Padel 1459	15	padel	12	2025-06-21	19	340000	9
1460	Kursus Grup Padel 1460	15	padel	14	2025-05-29	6	340000	11
1461	Kursus Grup Padel 1461	15	padel	12	2025-08-23	8	450000	7
1462	Kursus Grup Padel 1462	15	padel	15	2025-06-10	19	380000	6
1463	Kursus Grup Padel 1463	15	padel	14	2025-07-20	7	380000	15
1464	Kursus Grup Padel 1464	15	padel	14	2025-01-19	10	340000	10
1465	Kursus Grup Padel 1465	15	padel	15	2025-06-27	6	300000	5
1466	Kursus Grup Padel 1466	15	padel	11	2024-06-09	16	260000	5
1467	Kursus Grup Padel 1467	15	padel	15	2025-07-29	14	300000	12
1468	Kursus Grup Padel 1468	15	padel	15	2024-06-20	18	260000	6
1469	Kursus Grup Padel 1469	15	padel	11	2024-10-16	14	340000	12
1470	Kursus Grup Padel 1470	15	padel	13	2024-06-18	6	300000	7
1471	Kursus Grup Padel 1471	15	padel	12	2025-06-27	13	380000	16
1472	Kursus Grup Padel 1472	15	padel	14	2025-05-19	7	380000	12
1473	Kursus Grup Padel 1473	15	padel	15	2024-08-26	16	180000	20
1474	Kursus Grup Padel 1474	15	padel	15	2025-07-19	16	300000	17
1475	Kursus Grup Padel 1475	15	padel	13	2024-10-15	7	380000	11
1476	Kursus Grup Padel 1476	15	padel	14	2024-05-15	13	260000	15
1477	Kursus Grup Padel 1477	15	padel	14	2024-07-16	6	420000	6
1478	Kursus Grup Padel 1478	15	padel	11	2024-05-21	18	420000	13
1479	Kursus Grup Padel 1479	15	padel	13	2024-12-13	16	340000	14
1480	Kursus Grup Padel 1480	15	padel	14	2024-06-26	16	220000	16
1481	Kursus Grup Padel 1481	15	padel	12	2024-05-15	17	340000	11
1482	Kursus Grup Padel 1482	15	padel	14	2025-07-19	9	450000	7
1483	Kursus Grup Padel 1483	15	padel	15	2025-09-22	16	420000	10
1484	Kursus Grup Padel 1484	15	padel	14	2024-12-31	19	380000	16
1485	Kursus Grup Padel 1485	15	padel	11	2025-07-17	11	450000	8
1486	Kursus Grup Padel 1486	15	padel	13	2025-01-25	17	180000	17
1487	Kursus Grup Padel 1487	15	padel	11	2024-06-16	7	260000	17
1488	Kursus Grup Padel 1488	15	padel	11	2024-04-29	20	380000	17
1489	Kursus Grup Padel 1489	15	padel	14	2025-08-19	8	450000	16
1490	Kursus Grup Padel 1490	15	padel	15	2024-12-26	7	450000	11
1491	Kursus Grup Padel 1491	15	padel	14	2025-02-19	17	180000	15
1492	Kursus Grup Padel 1492	15	padel	14	2025-07-21	11	260000	11
1493	Kursus Grup Padel 1493	15	padel	11	2025-07-17	13	340000	8
1494	Kursus Grup Padel 1494	15	padel	12	2025-07-15	15	180000	18
1495	Kursus Grup Padel 1495	15	padel	12	2024-07-02	19	180000	5
1496	Kursus Grup Padel 1496	15	padel	11	2025-03-26	12	450000	15
1497	Kursus Grup Padel 1497	15	padel	13	2025-02-02	11	300000	8
1498	Kursus Grup Padel 1498	15	padel	14	2024-09-30	20	220000	10
1499	Kursus Grup Padel 1499	15	padel	13	2025-06-13	14	450000	11
1500	Kursus Grup Padel 1500	15	padel	15	2024-10-16	8	450000	15
\.


--
-- Data for Name: payments; Type: TABLE DATA; Schema: public; Owner: postgres
--

COPY public.payments (payment_id, total_payment, payment_proof, status, payment_date) FROM stdin;
1	546431	Know wish remain by. Explain budget position back. Old east occur.	rejected	2024-09-24 12:43:11
2	1169231	Name dream true.	accepted	2025-08-23 07:26:56
3	1034952	General writer economy prevent pick. Rule thus show argue lose ago. No treatment remember.	accepted	2025-07-23 23:21:48
4	1773692	\N	waiting	2025-05-22 06:37:51
5	1700691	Drug activity single say upon. Treat service throw these skill including.	accepted	2024-05-11 12:15:37
6	799884	Race serve us white point. Anything TV bring call.	accepted	2024-07-12 03:51:10
7	673743	Try have left old thing seem. Follow practice glass our positive.	accepted	2025-02-11 00:14:27
8	415154	Join accept note with month community. Design low lead opportunity appear late budget behind.	rejected	2025-05-10 11:34:33
9	1907204	Yes degree player ground well employee light. Already against along teacher present indicate.	accepted	2024-12-20 20:50:14
10	510673	Page mission response various fear represent act. Somebody woman area girl throw side much.	accepted	2025-08-30 06:07:43
11	458336	Break yourself your already. Course during quality back. It help red fast consumer able.	rejected	2025-07-14 02:29:00
12	1665593	\N	waiting	2025-02-26 20:00:42
13	1366256	Maybe along leg Mr few sing. Since compare recent need. Look table sing force before financial.	rejected	2024-05-24 14:43:58
14	1872756	His call not expect sound exist.	accepted	2024-12-27 12:14:13
15	747501	Describe meet add especially. Letter fear situation training.\nGreen two present least.	accepted	2024-05-04 00:38:27
16	1652264	Expect picture concern grow song. Try around support.	accepted	2025-09-09 10:22:55
17	1173550	West maintain politics space our plan deal just. Government receive summer herself notice.	accepted	2025-02-03 08:22:50
18	1219894	\N	waiting	2025-03-19 16:19:51
19	1549702	Boy father picture type. Threat movement start they.\nBar but wear set most employee when.	accepted	2025-09-22 15:58:28
20	676784	\N	waiting	2024-06-26 20:50:26
21	963846	Individual back realize thought doctor. Third pass back store nation.	accepted	2025-04-21 19:41:41
22	1913052	\N	waiting	2024-11-27 10:49:39
23	476666	Song public car explain learn. Sing item hospital machine. Professional middle note list.	accepted	2025-03-14 21:52:42
24	475541	Community look police then. Reason eat early himself memory sister. Say skill price guy.	accepted	2025-01-11 10:38:38
25	1436434	\N	waiting	2024-11-04 20:22:59
26	385259	Deal know so instead stuff. North many officer. Allow rest until crime because strategy could.	accepted	2024-07-02 04:09:13
27	1340561	Significant whose small loss answer difference matter only. Include film including rich my.	rejected	2025-04-14 16:31:11
28	223067	Each to way debate make away. Question so focus theory write.	rejected	2024-05-23 11:11:25
29	1004473	\N	waiting	2024-06-14 08:55:04
30	1279314	Actually appear about long. Street rest wonder usually pay. Occur method particularly either.	accepted	2024-10-21 10:24:08
31	1057443	Wall church everyone office. Tv wind under five wall laugh true big. Eight Mrs state same.	accepted	2025-05-16 15:39:56
32	294108	Support together adult interview level evening. Woman child budget especially similar cause book.	accepted	2024-07-02 17:28:30
33	1601065	School room hard soldier commercial them. Catch among Congress trip.	accepted	2025-04-10 22:38:58
34	475733	Trade view shake city expert. Bar light catch.	accepted	2024-09-23 10:44:29
35	1152548	With great social final. Attention military young adult company interview let.	accepted	2024-08-30 23:40:32
36	1972357	Time alone system nor customer. Ground resource Mrs reason green head change.	rejected	2024-05-06 13:05:14
37	1989444	Sing or maintain sort figure performance listen. Reveal reach heart plant.	accepted	2025-02-07 21:06:42
38	332223	Southern certain even himself staff help blood feeling. Type high change after important store.	accepted	2025-06-13 22:21:49
39	613292	Than to add face. Worker arrive less kitchen lose college. Rest bed traditional ok red water.	accepted	2024-11-14 21:36:52
40	549518	White black above. Partner loss meeting particular as.	rejected	2025-09-11 09:17:52
41	1817822	Hair office claim sport. Fall report amount mother simple rise if popular.	accepted	2024-06-09 11:52:29
42	837027	Their cut relate ability stop. By president cell center. Other later three allow chance read land.	accepted	2024-09-06 21:33:09
43	488306	Everything pull health understand. List house hand cup hit improve.	accepted	2025-09-18 23:32:36
44	1432340	Accept night air instead read new ready. Better color imagine.	accepted	2025-07-22 06:03:02
45	443756	Case its try possible wall center religious risk. Clearly such she lawyer pretty.	accepted	2025-02-11 19:42:10
46	1580573	Value program national knowledge religious check future.	accepted	2024-11-02 18:22:02
47	215139	\N	waiting	2024-12-30 04:14:07
48	1671285	\N	waiting	2024-10-03 06:43:19
49	525550	Appear see network and bad hundred nor. Boy appear contain western church ready moment.	accepted	2024-10-10 08:59:01
50	1798331	Thing foreign section nation need assume. Government involve step yes natural age nation.	accepted	2024-11-19 02:57:00
51	152423	Though material community like product represent field.	accepted	2024-09-15 14:33:34
52	1591252	Stay reveal sign score while tend. Hair why measure name. Public present easy sure eat worker.	rejected	2024-10-07 07:44:30
53	985626	Head task option film type into. Gun discuss would break.	rejected	2025-08-28 19:04:52
54	868634	Hard left blood. Easy green style decade name development PM page.	accepted	2024-08-30 00:05:01
55	743996	It final explain option.	accepted	2025-08-26 04:27:53
56	1220087	Over toward peace dark above than manager. True me produce least together.\nYoung even free bar.	accepted	2024-06-11 20:47:23
57	164192	Again country marriage peace.	rejected	2025-05-23 14:44:53
58	573897	\N	waiting	2025-01-05 07:28:34
59	962435	\N	waiting	2025-05-20 06:29:09
60	566751	Direction boy wife whatever. Throw free individual middle.	accepted	2025-09-15 19:26:30
61	1526467	Summer gas cost history. Worry hope region cup.	rejected	2025-05-25 00:32:03
62	1310038	Hospital join side rise. During take still support.	accepted	2024-10-10 18:39:18
63	818420	Threat main actually choose. Anyone write skill second wife tend dinner.	accepted	2024-07-16 16:07:25
64	317579	Same only population. Base color today season since our number hot.	accepted	2024-11-02 06:41:30
65	1733871	Team into although thank perform prove line.	rejected	2025-01-09 21:24:29
66	744183	Mother decision seat. Head just particular particularly hospital.	accepted	2024-08-03 00:16:57
67	200785	Four near add bank behind early. Less major number born reflect foreign but.	accepted	2025-07-11 03:54:42
68	637377	Far economic reveal represent strong apply evidence ready. Near significant American must defense.	accepted	2025-01-30 00:58:10
69	1478142	Agent yourself new head light. Produce range law challenge time study campaign best.	accepted	2024-06-09 07:17:26
70	1449419	Among community traditional deal to.\nHot husband information nation half.	accepted	2025-07-14 08:44:43
71	1884612	How support avoid right you against. Policy dog generation tree training.	accepted	2024-07-06 03:42:24
72	1809682	\N	waiting	2024-04-30 03:55:40
73	819291	Agency eat actually participant part health. Bill probably worker me sister during.	accepted	2024-12-16 02:50:03
74	1988944	Drug charge safe Democrat of establish.	rejected	2024-05-22 03:47:28
75	1845587	Himself significant all character country even ahead church. Result goal site owner tend.	accepted	2024-12-18 02:52:42
76	1152604	Agent good beautiful arm. Wrong company city run style. Stand its him thus set listen late.	accepted	2025-10-09 00:51:16
77	1347352	Author however collection hand physical teacher collection. Interview cell way already.	accepted	2024-06-29 09:15:12
78	1914580	\N	waiting	2025-07-05 22:21:25
79	1777612	Fight buy tree start. Responsibility suddenly standard interesting can bad network.	accepted	2025-03-06 05:35:57
80	1092634	Allow yeah message but your end actually. Ok check address answer worker meeting movie.	accepted	2024-10-04 21:40:40
81	1445048	Cause along college PM tough. Other voice condition very fight.	accepted	2025-06-28 04:13:47
82	1021341	Director whether Democrat. Address Mrs despite mention no involve little then.	rejected	2024-09-17 02:41:10
83	1588352	History hit sense physical know son. House him nothing physical whom whose part.	accepted	2025-01-16 16:19:00
84	765860	\N	waiting	2025-04-15 13:58:13
85	373222	Change war ok seven issue box service. Idea mouth service real now cold shoulder.	accepted	2025-06-08 19:51:14
86	1506461	Participant successful move total either want turn.	accepted	2025-04-12 12:39:14
87	1009489	\N	waiting	2024-05-06 04:50:45
88	1624416	Third once first finish will rich. Late pull ok see seek pay nice.	accepted	2024-06-19 09:07:16
89	1222912	Physical information voice. President different which hear two war then.	accepted	2025-02-16 15:03:22
90	848068	Friend task manage simple option board rise. Science way have report. Defense picture trial before.	accepted	2025-03-08 05:55:52
91	1135815	Executive speech nor. Student sport that teach rich produce accept.	accepted	2025-01-19 23:54:13
92	558621	At president tax though. Boy arm mind total cover.	accepted	2024-09-02 04:09:57
93	1653798	Wind direction eight purpose worker here have. Than law action including week notice.	accepted	2024-07-27 19:17:55
94	1829416	Forward theory within. Fine total drive cold. Several maybe country dog most drive.	accepted	2025-05-26 00:44:47
95	1198636	Skill modern cover find continue. Bag sound often major officer have bad consumer.	accepted	2024-10-18 13:27:05
96	1029304	Involve step watch ok picture throughout. During eye oil common common find author stuff.	accepted	2025-04-18 17:33:59
97	1775744	\N	waiting	2024-10-01 01:47:17
98	1134379	Continue within low type provide single special. Public gun of improve.	accepted	2025-02-12 02:00:51
99	1158845	Mean music power do. Keep investment campaign deep beat.	accepted	2024-12-13 23:06:37
100	684274	Party foreign cell improve. Fact company run.	accepted	2024-11-24 00:10:00
101	973732	Arm season point. Environmental position treat sort. Become stay blood skill.	accepted	2025-03-18 21:46:29
102	1474467	Sort around both room whether small. Natural campaign attorney despite understand letter.	accepted	2025-05-27 02:18:51
103	966154	Performance official what level whether coach our. Would around such.	accepted	2025-01-25 00:37:06
104	396863	Pretty PM ball learn pattern. Alone throughout how start. Window woman manage food decide.	accepted	2025-06-18 12:43:22
105	881303	Ball thing our area which free. Investment detail player above reason in doctor.	accepted	2025-08-16 12:08:25
106	1379748	Five raise picture yet. His however station address positive.	accepted	2024-05-01 17:03:44
107	1299765	Fund man half often free at rest.	accepted	2025-08-11 02:54:58
108	1575154	Kid word she time mission door effort.	accepted	2025-10-02 05:22:05
109	1175907	Across owner star particular consider poor. Culture look red enter summer. End provide draw our.	accepted	2024-10-28 23:40:01
110	1677399	Response successful name read. Girl know idea test.	accepted	2025-08-15 03:57:38
111	636531	\N	waiting	2025-03-22 03:43:05
112	1376091	Lead we kid later. Stay seat citizen clearly. Born happy family seek knowledge these voice.	accepted	2024-10-18 00:29:49
113	1477823	Improve appear financial still management.	accepted	2024-09-26 12:47:45
114	1842064	Determine phone state boy. Design summer always rich plan although.	accepted	2025-06-03 23:02:12
115	645091	Kitchen how ask hotel explain science study. Back every the fast later so.	accepted	2025-06-22 04:43:00
116	1491059	Hard couple rather. Environmental staff her clear address best.	accepted	2025-02-07 22:47:55
117	430835	\N	waiting	2025-07-25 03:20:32
118	1303100	\N	waiting	2024-09-18 05:12:31
119	1006517	\N	waiting	2025-05-09 12:39:51
120	1108419	Cup Democrat arrive present chair.	accepted	2025-01-21 19:06:26
121	1939651	Understand about career every. Worry five trial performance class.	accepted	2024-05-02 11:12:12
122	663769	Help issue stop lay cold reason stop bad. Probably Mrs level great.	accepted	2024-12-25 02:59:28
123	1220774	Trial Republican cost affect lead. Stuff better ago argue pressure where thank.	accepted	2025-02-05 22:39:46
124	647256	Physical sign before. Financial professional also at build mother throw. Month study against view.	accepted	2025-01-04 20:08:11
125	334465	\N	waiting	2025-05-31 21:32:51
126	570129	Foreign wind else find back ok approach democratic. Structure wall heart yes work human.	rejected	2025-05-09 15:06:12
127	703237	Evening game treat. Room film light firm can agree argue light.	accepted	2025-02-16 07:10:31
128	307691	Form realize remember could. Movement first young different site medical.	accepted	2024-09-30 08:11:50
129	1179238	Congress receive seem perform fish. Beyond accept why measure trip.	accepted	2024-04-29 11:59:30
130	1811396	\N	waiting	2025-05-07 10:07:03
131	429902	\N	waiting	2025-07-16 01:59:00
132	506228	Music popular ok easy. Available candidate change. Piece company could third deep everything soon.	accepted	2025-08-23 21:48:19
133	1025119	Dinner defense nature success sing. Forget her them morning back indeed.	accepted	2025-02-02 16:14:50
134	1733429	\N	waiting	2025-01-12 20:36:33
135	1412471	Collection class cost stuff. Sense city material dinner special.	accepted	2024-05-03 00:46:44
136	1001652	Argue we ball road stuff plant physical. Simply save itself size husband.	accepted	2024-06-09 12:16:45
137	505875	Control possible be already. Free ready fill. Black nature not.	accepted	2025-04-07 09:38:22
138	1823291	Thus anything fly particularly hold industry. Themselves war than.	accepted	2024-11-07 17:20:17
139	1385598	Month avoid protect guy girl gun down. Key force to grow call increase degree yeah.	accepted	2024-10-24 20:10:33
140	737151	Power cost position agreement better. Not during personal within college piece.	accepted	2025-07-11 06:21:38
141	1101435	Player science full clear. Sure two cell both customer.	accepted	2025-06-28 03:34:25
142	288757	\N	waiting	2025-03-27 10:14:19
143	438275	\N	waiting	2024-11-04 11:26:51
144	185958	Develop section someone whatever. Though military color situation prove.	rejected	2024-10-07 00:46:58
145	533285	Catch best least bar strategy. Dream as guy. Behavior realize reason whatever or.	accepted	2024-09-28 22:32:03
146	1409839	Particularly score guess practice. Wide skill seat chair them. Carry entire in black fine forward.	accepted	2024-10-29 15:23:04
147	1480104	New memory compare door many. Thank word must reality let lawyer.	rejected	2024-11-23 07:39:34
148	1918272	Develop reason time star because. Around customer deep worker firm.	rejected	2025-03-15 12:50:45
149	1994748	Bar ball bank as hand. Throw hand mention. Usually toward as good.	accepted	2024-12-20 14:00:15
150	516840	Society deep me just create example charge.	accepted	2024-10-19 19:49:16
151	969628	\N	waiting	2024-09-30 22:44:53
152	352624	Kid different should study. Our guy change clearly.\nToward response ok particularly cell.	accepted	2025-05-20 10:21:02
153	351878	\N	waiting	2025-07-25 10:09:25
154	1765052	Wrong along PM standard floor. Choice including close current beautiful thank catch reality.	accepted	2024-07-28 06:02:19
155	1015811	Size little step teach movie accept.	accepted	2024-12-16 05:18:20
156	1454291	\N	waiting	2024-11-04 15:18:39
157	975089	Country report animal.\nOn star audience many computer. Goal stage business.	rejected	2024-11-19 16:36:15
158	1410335	Out family include go. On author maybe door us help box.	accepted	2024-06-22 16:30:00
159	1517750	Protect wait town.	accepted	2024-12-19 08:46:32
160	1029464	Enjoy central foreign draw. Degree difficult task only debate through quickly not.	rejected	2024-09-28 05:51:44
161	1227410	\N	waiting	2025-09-29 07:02:44
162	977114	Window face go southern her write. Other event read staff point into girl. Produce low run.	accepted	2025-04-23 15:14:55
163	544480	Guess letter never center your long no red.	accepted	2024-09-25 11:24:40
164	1161422	White she baby. Car recognize action. Game every race hand life lawyer.	accepted	2025-07-25 06:24:12
165	968004	Better white may nature few oil. As stand interest hand past successful.	accepted	2025-07-22 22:52:02
166	971646	Meet thank religious sound son accept would number. Collection happy understand.	accepted	2024-12-27 03:32:06
167	1755845	Newspaper result visit term head perhaps. Different south live keep water yourself.	accepted	2025-02-12 18:17:33
168	1175069	Another where ready well free spring walk laugh. Example check thing leader heavy over school.	accepted	2025-07-01 14:13:37
169	449614	Activity including I if happen part. Study head tough painting these.	accepted	2024-08-08 11:49:53
170	527856	Project so after money nor report then. Have open his or feel. Morning his total late.	accepted	2025-01-18 00:16:12
171	251317	Build chance price treat both partner group. Evening hand become.	rejected	2024-11-11 05:37:10
172	1703230	Section dream new right determine according call. Degree energy great probably result.	rejected	2025-01-16 03:13:05
173	566102	Before cut work serve. She power program near section art.	rejected	2024-08-04 07:29:54
174	1855968	Recognize nearly again floor simply. Gas drive region book heavy case fast.	rejected	2025-01-28 18:24:54
175	1387796	Note current significant range people natural western quickly. Father kid goal company.	accepted	2025-07-15 18:31:00
176	1518376	Include strong wind page him analysis type. Would push along.	accepted	2024-06-05 21:36:35
177	735997	\N	waiting	2025-08-15 09:06:45
178	872941	\N	waiting	2025-06-25 18:17:31
179	482595	Back indeed image peace. Wrong move box again.	accepted	2025-09-29 13:03:12
180	1128123	Way main always. Brother decide you art help anyone wind. Factor look couple want.	accepted	2025-04-15 03:12:18
181	1537412	Development forward debate three social. There young north area control activity hit.	accepted	2025-07-28 05:40:58
182	129059	Cell author type yourself image. Develop staff thought piece theory. Very would share perform.	rejected	2025-07-27 06:05:21
183	170696	Watch cold continue piece. Book window season yes.	accepted	2024-09-28 02:43:55
184	153706	Success agreement art number production itself. Same available Mr be conference consider detail.	accepted	2025-05-03 10:34:24
185	1175641	Growth college sound worry. Bad town training cold.	accepted	2024-10-18 15:34:27
186	972172	Stop church as support more school. Act treat deep see seat main.	accepted	2025-10-09 11:30:38
187	498097	Along win culture green. Together develop huge other.	accepted	2024-04-28 11:55:45
188	154436	Painting growth statement. Theory imagine land community.	accepted	2025-05-15 17:15:53
189	1339167	Sign around two before. Hand mean nation admit.	accepted	2024-07-03 05:09:49
190	1920052	\N	waiting	2024-07-15 03:18:17
191	1258013	Full realize growth final of management develop. Next hard audience single effort.	accepted	2025-02-03 02:59:04
192	1683963	War seat remain crime. Father church yes fine fine international adult drop.	accepted	2025-01-28 00:56:14
193	1193520	Choice like little cut middle analysis own. Establish fine image small.	accepted	2025-09-11 23:52:14
194	625946	Science management report identify everyone time six goal. More firm approach nice official.	accepted	2025-04-04 08:16:52
195	1711280	Can according long story form voice.	accepted	2024-08-17 03:23:44
196	1764645	Tend others various positive brother. Ability station through.	accepted	2024-06-01 14:10:54
197	316804	Save figure pass gas growth specific. During arrive begin usually him throw long help.	accepted	2025-04-23 19:51:39
198	1132818	Democrat off stand forget serious. Really answer her.	accepted	2025-05-03 03:51:34
199	1415566	Me eight find your. Protect audience for million way show these.	accepted	2024-10-19 00:56:35
200	986187	Machine appear hand degree save approach. Learn fall professor.	accepted	2025-09-30 09:44:07
201	1279727	\N	waiting	2025-04-10 12:43:17
202	694259	Choose from fire others. Difficult billion not agreement. Today draw later girl will among.	accepted	2025-07-01 04:56:25
203	1186194	Scene hour especially huge trial. Let brother heavy direction.	rejected	2024-06-05 04:13:55
204	787692	\N	waiting	2024-07-07 00:00:18
205	981486	Chair wonder property. Bag alone child me black model side.	rejected	2024-12-28 03:07:36
206	100597	\N	waiting	2024-08-10 13:05:32
207	544912	Outside hot lawyer white network thing. Election ready seat lot speak.	accepted	2025-04-26 14:50:14
208	748244	Force forget store career young. Chair stuff his economy decade.	accepted	2025-04-26 08:55:12
209	1915688	Dark health behind job task watch. Commercial use drive shoulder executive bad media.	accepted	2025-04-19 22:16:24
210	363174	Building they many role government both face. Author likely radio begin since trial.	accepted	2024-11-23 06:57:04
211	180978	\N	waiting	2024-12-20 09:47:33
212	555989	Here suddenly growth state relate team front.\nGet me imagine return.	accepted	2025-07-05 22:35:36
213	477034	Professor concern program administration personal. Store various budget degree ready.	accepted	2025-06-25 01:48:21
214	454715	Himself I growth see bed billion whose. It focus rest school cup big box need.	accepted	2024-06-27 12:32:30
215	1750854	Discussion gun rather allow now along. Read evening history last year prepare successful.	accepted	2024-10-20 08:16:04
216	1345415	Ability success point consumer. Might include lawyer month focus.	accepted	2024-08-15 19:08:43
217	1891527	\N	waiting	2024-11-28 15:21:55
218	722993	\N	waiting	2024-05-20 13:26:44
219	713755	Realize out thought firm forget different. Water laugh board type officer.	accepted	2025-07-08 21:49:29
220	1213840	Practice four green fact leave floor. Like majority speech throw difficult can pick.	accepted	2024-05-08 14:34:09
221	790417	\N	waiting	2024-10-06 13:10:39
222	1129437	Use wife professional general truth today year. Safe return news pressure. Rich add black too.	accepted	2024-07-20 18:48:57
223	1465139	\N	waiting	2024-08-03 10:40:09
224	731386	Still hair address return network senior attack. Gas enter newspaper card.	accepted	2025-01-11 19:46:46
225	180759	Company would blood candidate travel quality perhaps. Thank include image almost open trade.	accepted	2024-07-08 10:43:43
226	487988	Agency structure past about.	accepted	2025-06-09 04:40:35
227	1542591	Seat call happen general. Professional service rule service. Anyone play bit agent.	accepted	2024-12-24 15:19:25
228	1840713	Close seven positive rule car federal. Large need quite person.	accepted	2025-08-18 07:10:15
229	1860748	After alone owner simply room new stay. Career especially sell central.	accepted	2025-08-13 17:43:58
230	1759132	\N	waiting	2024-07-28 08:12:15
231	1866375	Mrs citizen present hundred seven. Meet argue hard treat state. Most building man.	accepted	2025-02-02 10:53:24
232	1221595	Sister across administration interview up grow skin. Simply when together power skill.	accepted	2024-09-02 17:41:50
233	1100928	Leg most machine sure support wrong ago. Firm fire institution three.	accepted	2025-04-20 04:25:27
234	1126710	Direction stay other stay later husband trade. Push available account measure.	accepted	2024-06-20 08:20:49
235	1865766	Energy candidate only remember form entire. Several later article past wall.	accepted	2025-04-22 23:00:16
236	915405	Really nation song scene another. Front free relationship pay smile.	accepted	2024-06-16 10:20:49
237	760243	Simple factor energy mean. Under song behavior start. Dinner authority plant rate house live may.	accepted	2025-06-29 08:43:50
238	599473	Since system good argue list collection. Evening heart future by fine. Tv stand add.	accepted	2024-11-23 08:22:46
239	1584485	Cut research big year suddenly bill can. Hard product lead them receive account suddenly few.	accepted	2025-01-15 09:18:55
240	750365	Entire rich area all. State situation out tree trip product.	accepted	2025-01-21 13:56:20
241	286722	\N	waiting	2025-02-28 08:15:31
242	1547467	Near during brother clear card conference. Growth material improve. Require who where effect young.	accepted	2025-09-18 12:41:39
243	817581	Board early six. Item compare shoulder space. South mother until realize instead special voice let.	accepted	2025-04-01 05:23:44
244	879893	Career marriage water identify interview issue.	accepted	2024-11-04 04:28:40
245	1819268	\N	waiting	2025-04-11 17:34:25
246	1109594	End traditional difference fish mission become heavy require. Other goal rich experience chair sit.	accepted	2025-08-31 20:47:05
247	1180149	\N	waiting	2024-11-05 20:10:20
248	228279	Different keep scene concern. Manager soldier spend never stay.	accepted	2025-04-07 05:35:25
249	144365	Always as plan painting. Back bit receive carry affect according. Of reach final pick manager.	accepted	2025-07-27 08:07:33
250	1830535	\N	waiting	2024-10-09 22:49:30
251	1832071	Article usually very wife land do. Good space hope begin care west far.	accepted	2024-09-21 21:07:37
252	977469	Behavior market stop do help resource a. Company owner finish kid truth.	accepted	2025-06-07 10:23:53
253	662724	Floor listen trade value technology. House try help still.	rejected	2025-10-03 06:35:00
254	946756	Security factor peace traditional. List film race quickly particularly.	accepted	2025-09-21 09:35:27
255	1096245	From have story section Congress. Reduce look join head.	accepted	2025-06-30 06:54:06
256	1732446	White charge executive heavy really specific growth. Environmental art up hear.	accepted	2024-05-07 21:29:36
257	753536	\N	waiting	2025-05-16 18:10:50
258	1209209	Leg accept possible enjoy. Usually reach direction none one. Room three center and.	accepted	2025-02-19 20:32:15
259	167799	Contain take tonight cost. Free newspaper wonder claim whether director room. Such huge sea former.	accepted	2024-11-01 08:44:23
260	1286077	Ten onto difficult song nice firm admit.\nLocal support deep meet. Practice themselves should bag.	accepted	2025-09-21 23:26:23
261	1583452	\N	waiting	2025-05-28 12:32:02
262	433484	Through we opportunity. Reality several list. By yet social particular enter.	accepted	2024-09-05 01:10:02
263	147518	Rate skill between system address important.\nGreen our energy goal.	rejected	2024-08-19 12:10:32
264	1293142	Hold need within design method.\nElse rich must report toward begin figure. In agent race theory.	rejected	2024-11-26 09:21:59
265	806688	Those education how yourself. Million doctor voice herself against.	accepted	2025-04-05 03:27:37
266	1698047	\N	waiting	2024-12-28 07:22:30
267	804980	To industry without cut.	accepted	2024-10-24 07:12:59
268	1128353	Start network the baby remember short. Score clearly respond green.	accepted	2024-07-31 05:13:40
269	609090	Mention decision concern admit north. Stop or law training positive.	accepted	2024-09-23 19:05:22
270	932900	Condition soldier author. Per pull hour energy.	accepted	2024-05-13 15:20:43
271	1659520	\N	waiting	2025-01-06 08:04:12
272	1970195	Republican three look billion hard according claim. Offer state thing power protect truth color.	accepted	2024-05-25 03:22:30
273	1008057	Oil peace figure sport any behavior language. Forget many cell draw station right answer action.	accepted	2025-07-21 07:31:47
274	523307	Compare stage force what project rich. Deep game body unit hot western different.	rejected	2024-09-11 06:36:54
275	1795709	Reveal why house level none for. Everyone firm case stage discuss nothing but. These trial sign.	rejected	2024-09-21 10:33:09
276	554433	Nature follow might media. Group focus guy. Lot practice everyone season.	accepted	2025-07-15 17:47:10
277	1294758	Account table specific put smile.\nSomebody record customer push travel anyone.	accepted	2024-07-19 23:28:51
278	1043971	Own possible war. Become someone piece sell popular.	accepted	2024-12-27 22:36:51
279	254537	Peace new big study much. Bring especially charge say responsibility whether.	accepted	2025-09-05 00:45:25
280	1179584	Them audience large century night. Amount want where when Democrat budget.	accepted	2024-09-29 13:47:24
281	1490034	\N	waiting	2025-01-21 20:49:21
282	140437	Indeed degree peace growth need. Try science space pull gun day his.	accepted	2025-08-07 11:09:48
283	1722693	Can land forget hold among television quite.	accepted	2025-10-04 05:03:05
284	1166355	Now impact position success suggest population.\nCountry modern several writer.	accepted	2024-05-13 03:43:43
285	1962711	All discuss during position poor. Glass possible make imagine. Recently after woman new.	rejected	2025-01-08 18:45:17
286	716193	Song story indicate represent mean design.	accepted	2024-11-07 22:14:04
287	1721853	Very trip realize question need. Determine number structure hear program how.	accepted	2025-06-09 10:07:29
288	368869	Get cover develop board. Feel another development town sister.	rejected	2024-12-04 09:59:39
289	788498	Decide blue throw recent business without.	rejected	2025-03-13 02:02:11
290	1021419	Song school relate want success. Husband possible rule reason.	accepted	2025-01-05 23:46:31
291	1095008	Protect successful raise take alone. Teacher number let mission she wrong. Range personal much.	accepted	2025-06-13 07:30:32
292	420519	How girl common receive front water. Fund anything number quite.	accepted	2024-10-16 21:42:01
293	1853309	Now certain later score staff phone. Read strong get force born forward pick.	rejected	2024-12-20 04:20:21
294	1486152	Million would subject only. Executive Mr price account.	accepted	2024-05-28 14:32:06
295	630764	Positive age race participant when out require. Finally involve scene offer challenge every.	rejected	2024-10-18 23:35:55
296	133658	Able message task claim population. Husband prevent learn.	accepted	2025-05-10 05:05:54
297	282150	Rather program maybe develop several.	rejected	2024-12-03 09:34:13
298	671101	\N	waiting	2025-01-06 16:07:31
299	1852698	Term as all whole.\nSeven at fill bad. Particularly arrive major majority large.	accepted	2024-07-04 11:20:11
300	554160	Outside kitchen operation yes fight born huge. Here far answer interesting.	accepted	2025-04-07 00:47:41
301	1028084	Half article determine before special ago. Tend mean fine with today.	accepted	2025-07-03 01:12:06
302	1110861	\N	waiting	2025-01-02 03:46:00
303	268709	From throw state gas. Everyone forward suddenly throughout.	accepted	2024-09-28 01:27:46
304	1068011	Job deep local behind whose. Tell tough interesting step.	accepted	2025-01-15 09:32:01
305	1107621	South most majority bit effort involve born.	accepted	2025-05-13 08:27:57
306	335988	Side old other next. Deal option perhaps sit. Claim month imagine public simple but.	accepted	2024-10-10 20:55:39
307	1866148	Rate yard care heart produce. Break ready choice various crime not firm.	accepted	2025-03-20 19:35:34
308	156843	Official example heart clear buy lawyer body. Black impact woman vote respond.	rejected	2025-01-15 11:32:05
309	143038	Medical year remember later. While top guy PM.	accepted	2024-10-02 10:46:42
310	1806908	Mrs outside effort collection central season physical.	accepted	2024-09-29 03:16:28
311	1127136	Window key it medical real against newspaper. Entire short remember process suddenly.	accepted	2024-11-26 08:42:45
312	1418599	Page analysis oil step. Study some page consumer very owner audience. Present describe local soon.	accepted	2025-05-30 17:57:22
313	851450	President choose skill food data serious local. Of program house play leader offer bed.	accepted	2024-08-21 19:34:10
314	1757769	Hair whom employee of become. Early include type face yet project agency set.	accepted	2025-09-12 07:43:56
315	1827462	Necessary food popular much. Animal sometimes college small.	accepted	2025-07-26 02:57:31
316	1788896	\N	waiting	2024-10-15 17:25:10
317	1988112	Use nor by. Girl family course. West while today join apply represent also.	accepted	2025-04-24 04:50:56
318	1468691	\N	waiting	2025-06-16 21:54:39
319	239567	\N	waiting	2025-03-18 10:26:05
320	963786	Explain traditional condition body. Born career whose.	accepted	2024-07-31 03:07:04
321	1559926	Draw this safe act really center. No commercial religious next wide traditional.	accepted	2025-07-11 22:43:08
322	1250899	\N	waiting	2025-10-01 17:24:24
323	344960	Order edge as. Son since toward child just firm.	accepted	2025-04-27 10:11:59
324	1835210	\N	waiting	2025-06-24 01:07:32
325	1573038	Lot learn sea always. Article discuss more place seat soldier actually.	rejected	2024-05-21 13:04:54
326	1522560	Table laugh interesting experience end and recent. Take possible president particular.	rejected	2024-12-17 19:29:15
327	879496	Hit poor nice ask seek husband serve. Lay buy sea many. Charge name interesting night.	accepted	2025-06-12 01:38:07
328	394904	Business life at cultural worker. Respond rather we yourself away agent per.	accepted	2024-09-30 02:58:35
329	926195	Tv and according final democratic. Thus their child consumer general number middle own.	accepted	2024-08-03 20:37:26
330	1987204	\N	waiting	2025-02-05 00:51:27
331	449981	Environmental member decade money tax.\nActually could the civil. Another star agency large allow.	accepted	2025-06-24 15:24:30
332	1084634	Design star surface west.	accepted	2025-10-01 04:36:54
333	636788	Picture be artist compare seat sure best. Help put reflect science college mouth case.	accepted	2024-09-26 07:38:10
334	116979	\N	waiting	2024-06-15 23:14:28
335	968445	Put law population threat campaign past how. Set design realize western vote prevent exactly.	accepted	2025-02-17 19:49:48
336	1792435	Economic white best their southern American. Red local culture wish interesting later.	accepted	2024-12-09 21:55:52
337	1208288	Subject result against last off. Positive politics avoid. Home out positive draw full somebody.	accepted	2024-06-10 00:01:24
338	1258996	Protect instead baby mother soon. Exactly cold security may city reality mean. Because than she.	accepted	2024-09-23 21:45:30
339	1419362	Exist thing letter. Well cell loss technology human.	accepted	2025-06-24 11:59:43
340	1612914	\N	waiting	2025-09-04 23:30:22
341	1980354	There article everybody trade born. Certain receive hope owner country.	accepted	2025-10-05 22:35:13
342	731880	Themselves national record week usually art.	rejected	2024-04-28 17:08:56
343	1054814	Answer court write through. Game benefit edge.	accepted	2024-08-14 07:26:02
344	302642	Describe part however present remain enough fund.	accepted	2025-04-02 09:06:43
345	172645	Down fact commercial station. Whole goal box fall against picture.\nStage affect need lay enough.	accepted	2025-06-24 06:12:02
346	1822198	Loss real water speak conference evidence. Quality authority name industry.	accepted	2024-08-21 23:46:37
347	684285	Specific us administration town. Successful may summer appear section do.	accepted	2024-10-18 02:57:40
348	1905415	Ready well his fly meet. Television strategy into knowledge bar.	rejected	2024-10-02 16:43:07
349	1116247	Official time analysis front happen economy. Act find interest end one bring how.	rejected	2024-12-20 20:13:05
350	1989642	Better peace set interview them board.	accepted	2024-10-04 11:39:30
351	1464524	Important standard sport despite color. Employee order difficult system order long.	accepted	2024-06-29 04:27:36
352	142891	Seven company answer. Help rate easy most low. Space school create red.	accepted	2024-07-16 21:58:45
353	1069778	Out inside character company population.	accepted	2024-08-31 23:06:33
354	1819045	\N	waiting	2024-08-28 05:14:33
355	1883923	Suggest practice long color difficult entire.	rejected	2025-04-13 12:20:56
356	569762	\N	waiting	2024-06-23 08:25:35
357	303208	\N	waiting	2024-08-26 09:14:17
358	1041844	Cause open article writer. Edge modern next.\nPicture reality before each region order.	accepted	2024-07-16 02:46:25
359	1616869	Likely theory middle American here good.	accepted	2024-09-27 22:57:12
360	230973	Explain huge firm beat letter environment. Medical former item smile woman.	accepted	2024-10-12 02:18:54
361	1504284	Writer money pattern rate team magazine. A entire social wonder kitchen.	rejected	2024-11-30 11:34:02
362	865008	Officer price perform stand heavy section feel. Few across behind bad several.	rejected	2024-10-01 23:34:46
363	1117841	Alone whom rise majority year. Community strategy evening thus than.	accepted	2025-06-14 13:10:25
364	289445	Run it describe ability leg phone job.	accepted	2025-02-13 06:48:07
365	327120	Fact nothing president word. First employee finish. North thus seat reveal to.	accepted	2025-06-06 00:47:38
366	788482	Military house pick everybody travel live. Happen because responsibility fact idea painting.	accepted	2025-02-08 18:11:03
367	356984	Official nor call develop listen couple law. Early value be step by everyone me.	rejected	2025-03-18 16:03:30
368	627335	Purpose describe age protect. Who clear popular increase room far. Social race lay entire describe.	accepted	2024-09-26 17:24:21
369	588630	Still produce hot. Life entire way attention.	accepted	2025-05-17 23:04:48
370	597923	Than feel ask figure peace. Side grow page interesting whole make serve.	accepted	2024-07-11 12:27:47
371	423322	Public though physical history. Option live well identify current.	rejected	2025-08-18 10:15:45
372	1988404	Rule can than through sound skin college. Down help end perhaps.	accepted	2025-02-09 05:39:02
373	1582878	Movie thing watch level moment main. Drug occur answer charge pass strong open bring.	accepted	2024-06-08 14:24:28
374	932988	Store guy one international. Value check fact down why.	accepted	2025-08-30 10:22:23
375	891823	Learn smile choose positive stage. Decade nothing fear force.	accepted	2025-09-25 19:20:34
376	647395	Take ask fill newspaper support long.\nOwn fill consumer. Whose ten bar end build color agent.	accepted	2025-04-18 19:17:31
377	171711	\N	waiting	2024-05-22 19:01:46
378	445702	Hotel never which world them fly buy. Month stay support.	accepted	2025-10-02 03:58:46
379	1798716	Rock anything white seek especially side. Laugh large wish start production both.	accepted	2024-06-18 18:39:25
380	1759540	Remember alone kind.	accepted	2024-07-08 08:53:24
381	1014623	How environmental soldier. Although consumer standard.	accepted	2025-02-08 21:26:30
382	764450	Second available green learn. Born property say box.	accepted	2025-08-30 09:13:58
383	759162	Catch single economy fund. Consumer sometimes remember body network. Here sport event rather.	accepted	2024-10-31 11:59:02
384	1875486	Visit phone project him.	accepted	2025-03-17 20:52:46
385	739039	College individual interview cold. Issue magazine spend see. School sell risk.	accepted	2024-09-13 15:57:31
386	390762	Hope wide recently public. Third central follow section head nation.	accepted	2024-05-27 20:31:13
387	1491359	Other sound person cover.	accepted	2024-10-25 15:26:39
388	1788104	Actually nice air accept specific. Under state area practice positive.	accepted	2024-12-31 04:29:21
389	1946581	Thought easy from apply. Assume north across buy change.	accepted	2025-03-05 11:51:17
390	1893279	Community meeting general offer east exactly. Image choose see down know.	accepted	2025-04-25 10:42:48
391	559787	Rock image itself. Maintain or property right while.	accepted	2024-08-16 20:37:36
392	1721534	Family sure kid. Her TV thousand. Institution perform food even.	accepted	2025-09-29 05:55:20
393	1534833	Free truth mother practice add clearly senior. Career accept subject special risk.	accepted	2025-02-23 07:27:53
394	1294446	\N	waiting	2025-04-23 22:41:56
395	465790	Read him financial just plan fine threat. Some door foreign positive soldier. Money wish number.	accepted	2024-05-12 23:18:04
396	1146450	Nothing news treat know all manager. Watch race collection term tell wear.	accepted	2025-03-08 15:15:48
397	785336	Significant century drug. Indeed life number. Three true since feel.	rejected	2025-05-04 19:07:22
398	1704655	Lot build minute treat. Indicate perhaps oil drop. Avoid himself total back picture item not.	accepted	2024-11-27 16:26:48
399	567533	What decade next various. Glass usually account same series book put. Nor identify people debate.	accepted	2024-05-04 01:35:34
400	398960	Machine enough I. Control each heart own opportunity treatment. Factor surface strong.	accepted	2025-09-30 19:39:46
401	817393	Cold skill phone seat effort three car. Look affect official out green.	accepted	2025-08-29 14:31:45
402	1437648	\N	waiting	2025-03-18 21:14:27
403	1454239	\N	waiting	2025-09-21 02:45:40
404	938452	\N	waiting	2024-10-10 07:44:23
405	1427089	Street open reduce friend door. Condition person event factor.	rejected	2024-05-25 04:52:30
406	911824	Particular prepare nothing. Teacher accept hair remember.	accepted	2024-08-04 13:50:02
407	1933629	All stage involve again. Believe every once week reality. Carry money offer.	accepted	2024-05-21 16:00:10
408	949650	Early person not tax. Memory sell range. Sound kitchen memory friend wife about.	rejected	2025-05-25 09:19:06
409	649398	Land stock interesting ask production. Structure thing southern him.	accepted	2025-04-05 03:29:14
410	626177	Bill detail trial energy finish. Old during list. Play crime finish gas for situation concern.	accepted	2024-05-12 20:17:46
411	326241	Sing wall artist growth build fear right. Else loss campaign game. Detail head word.	accepted	2025-09-03 18:12:48
412	1890809	\N	waiting	2025-06-17 14:09:52
413	700082	\N	waiting	2024-11-03 23:22:44
414	1391420	Difference hand me plant deal major. Live too trial summer specific often.	accepted	2025-04-23 15:04:31
415	210554	Remember person sometimes under ground amount if. Employee tonight movie.	rejected	2025-09-26 08:34:48
416	1765220	Order think I edge check. Test environmental white with. Success job type street memory speech.	accepted	2025-03-08 23:25:53
417	883034	Must four hospital home rise oil. Center side boy crime article avoid soon trial. Away live vote.	accepted	2025-04-27 06:19:23
418	1666350	\N	waiting	2025-05-20 18:58:44
419	876990	\N	waiting	2025-05-03 00:48:15
420	1044425	Goal buy source tax bag surface before. Us show give across then scientist. Read control street.	accepted	2025-10-01 01:30:07
421	1112159	Cultural practice interview meeting many.\nBoard top like guy development.	accepted	2025-03-31 21:06:01
422	1038120	Would create than his many war daughter. Beat local that charge.	accepted	2025-09-21 15:04:04
423	1100126	\N	waiting	2024-06-25 08:29:33
424	1830884	\N	waiting	2024-12-05 13:10:21
425	425568	Minute front close tonight yard this. Skill event huge remember local western participant every.	accepted	2025-05-27 03:23:54
426	901312	Artist both nature third. Painting carry court return each.\nBack news event instead.	accepted	2024-09-10 20:39:06
427	1692283	Kid say include cultural.	accepted	2025-09-01 17:17:07
428	1784853	Step strategy quality. At military suffer buy often.	accepted	2025-03-30 02:18:59
429	338790	\N	waiting	2025-01-29 16:01:46
430	429111	Nearly entire least those. Reduce strategy avoid.	accepted	2024-10-03 09:46:47
431	1876274	Marriage year watch. Step something beat exist media huge Mr. Court reveal people face.	accepted	2025-05-09 09:08:44
432	1763604	Last mission land foreign catch need. Near approach wonder need. Its young seat stage again base.	accepted	2024-11-21 10:12:36
433	331713	The late me them nation. Top human shake.	accepted	2024-10-20 02:17:52
434	260077	Become particularly remain letter former kitchen. At sound power official anyone it.	accepted	2025-05-24 13:24:16
435	679702	Want dark language finally opportunity look. Edge organization player news mean.	accepted	2025-08-03 00:38:59
436	269082	Ready front work friend be. Serve sign land the subject option.	accepted	2024-04-28 21:31:25
437	225287	This drop ten organization as less each.	accepted	2025-02-03 20:16:26
508	1028456	\N	waiting	2025-05-16 06:56:43
650	808832	Set white fly.	accepted	2024-05-04 05:41:15
438	1650248	Threat church official go. Pass red teacher test final. Woman center campaign take garden cost.	accepted	2025-04-01 00:40:16
439	401912	Six which imagine reason. Listen exactly again where far.	accepted	2024-12-20 02:52:52
440	1985979	Difficult finally clear number give while middle. Total sell red particular success.	accepted	2024-07-08 07:35:25
441	541387	Development away yet remain action case city Congress. Toward television dinner set center house.	rejected	2024-09-10 18:54:55
442	645235	Room board than now red. Middle soon should stand talk may.	accepted	2025-08-24 23:41:36
443	1003780	Training trouble physical industry either increase. Travel energy bring. Owner hot drive kid.	accepted	2024-07-13 22:06:07
444	1424638	Though read buy see red. Pm because whose south treatment.	accepted	2025-02-28 19:17:26
445	842412	\N	waiting	2024-09-13 10:56:25
446	1904133	Him suggest no believe fact. See high by writer yes purpose international.	accepted	2024-12-10 09:02:26
447	1142702	If choice thing event big soon toward.	accepted	2024-05-03 13:16:53
448	781115	Move key during tonight kitchen. Might until statement response.	accepted	2025-05-20 17:24:45
449	1066364	Resource big tax personal. Perform recently notice.	accepted	2025-06-12 22:08:44
450	789947	Form each describe child security standard.	rejected	2025-02-20 00:16:33
451	148609	Before within measure beautiful morning region it. Guy yes material would arm shake set.	accepted	2024-11-20 05:38:21
452	1208569	Child cup eye manage stand. Should wait theory second surface. Try let rate trip by way green.	accepted	2025-06-05 21:50:39
453	214643	Later standard music. Entire international go fund item.	accepted	2025-07-01 22:26:34
454	1039434	Language heavy attorney nearly. Threat social institution just six.	accepted	2024-06-24 20:39:14
455	1879952	Development night which product including. Employee rock set toward how expert blue.	accepted	2025-07-19 14:29:06
456	105972	Prove hot support show black national future. Likely trouble other party.	rejected	2025-04-13 13:25:33
457	1765167	Six four local almost. More for value father laugh. Blood main for idea.	accepted	2025-06-04 14:53:05
458	850403	Executive push skill wall we.\nAnd kind time actually. Answer respond too talk set sea same.	accepted	2025-07-24 04:16:08
459	840276	Citizen share service modern visit they. Industry base of. Sort small trial order.	accepted	2024-10-21 00:45:16
460	1410423	Push American through table.	rejected	2025-03-09 16:32:05
461	1326822	State my world. Culture believe morning.	accepted	2024-08-29 14:10:14
462	249011	Who current seem right total material. Address hope important cause training brother thing.	accepted	2025-07-17 14:09:36
463	1397178	Follow work might involve. Stand rock choice detail building represent raise.	accepted	2024-10-15 00:43:32
464	1950581	Affect your laugh. Prepare certainly her.	accepted	2024-09-23 07:34:44
465	840063	Me argue listen leader brother say. Study end house whether however.	accepted	2024-07-19 10:27:26
466	816200	Today edge focus himself. Claim glass more treat me simply.	accepted	2025-04-16 08:20:31
467	523826	Begin strong guy front approach material financial.	accepted	2024-07-17 16:05:39
468	1659850	Ten believe ago evidence site. Appear begin hear wait. Paper believe store idea those bank avoid.	accepted	2025-01-27 19:20:44
469	1160860	Ten break subject. Painting sound key.	accepted	2024-09-06 07:37:17
470	162559	Church memory five leg each parent traditional. Can read collection win his.	rejected	2024-09-15 05:52:54
471	381450	Song floor radio citizen fine program once. Other final simple life.	rejected	2025-08-20 05:05:28
472	1987421	Many any bed race. Anyone that two recognize anyone see. Rise financial always tough debate.	accepted	2025-05-08 22:54:10
473	1699393	Capital answer word nice usually production easy clearly. Push safe create mother by provide.	accepted	2025-04-14 08:29:37
474	1972340	\N	waiting	2025-09-02 08:54:40
475	1264367	Form development environmental material. South miss so these hair job fight.	rejected	2024-11-03 16:34:44
476	1570465	Authority box audience must catch community record. Article rise reality report.	accepted	2024-09-08 13:35:31
477	423641	Common scene character buy point.	rejected	2024-12-04 19:51:01
478	1800067	Skin reality sort last. Language middle size past. Certainly beat place remain offer us box.	accepted	2025-01-06 14:55:49
479	1371513	Do born important. Public understand TV politics.	accepted	2025-03-09 14:08:17
480	275808	Republican source over. Son our official dinner his professor. Million order than no their.	rejected	2025-01-22 05:46:06
481	1127248	Around as always hit. Benefit operation watch time pass successful.	accepted	2024-06-21 02:32:02
482	382937	Doctor those rise present. Firm feel population relationship hospital nature build.	accepted	2025-08-04 01:01:16
483	1062892	We goal his either. Soldier six all kitchen.	accepted	2024-04-30 23:05:24
484	1609042	Door always together knowledge west. Hundred life brother special increase money wait.	accepted	2025-08-25 01:23:57
485	1052831	Camera trouble page but customer eye. Great after old animal establish late network human.	accepted	2024-07-07 10:53:51
486	1601640	What kind result serve reveal. Yes month truth Democrat. Radio ask system expect loss item scene.	accepted	2025-06-10 06:15:07
487	545211	Evidence change short. Wear sing owner. Decade police value probably.	accepted	2024-07-30 07:38:29
488	808533	Reach over paper as. Affect most new fact pay.	accepted	2025-07-12 06:45:09
489	1010566	Try to man goal pressure what employee. Might you stay fear though fast though their.	accepted	2025-05-31 01:37:23
490	736277	School table trial least. Country institution decade miss chance.	rejected	2025-08-02 13:43:35
491	1791662	\N	waiting	2025-03-24 14:18:47
492	1762050	White nearly recent item trade man.	accepted	2025-03-11 05:49:26
493	1978868	Work travel shake whom thank point perhaps they. Event benefit cultural energy.	rejected	2025-08-25 23:36:13
494	1321694	\N	waiting	2025-08-13 08:35:24
495	427674	There church now structure card. Service exactly major smile government president.	accepted	2024-11-11 11:08:04
496	1956109	Ball model throw give total. Follow type marriage all easy.	accepted	2024-08-22 16:52:23
497	784775	Senior administration return best ground sport. Authority simply talk staff.	accepted	2025-07-08 03:49:16
498	104051	\N	waiting	2024-08-04 23:53:10
499	1804984	Free change gun enter. Whatever as few question.	accepted	2025-01-12 04:04:25
500	1749531	System store share modern and either rock.	rejected	2025-04-16 04:50:11
501	1242745	Force side affect defense blood grow. Particular identify Democrat benefit.	accepted	2025-05-10 01:11:21
502	1298509	Detail subject low else pay. Since positive add forget step suddenly.	accepted	2024-09-14 15:56:22
503	411607	Social never choose force response concern there. Store PM while organization act unit.	accepted	2025-08-10 07:39:14
504	688817	Chance feel risk rule management college. Able article often deep low.\nSouth hour already.	accepted	2025-01-24 03:18:59
505	577534	Board task evidence mother between.	accepted	2024-09-16 01:25:22
506	366115	Maybe director better serve determine in. High color house defense.	accepted	2025-10-04 14:06:56
507	1842337	Church air partner PM year stage himself. Discussion know career produce after health hand.	rejected	2025-06-03 00:44:45
509	1114705	Plan pattern side eye parent.	accepted	2025-03-01 23:45:26
510	1484634	Foreign end age newspaper. Represent break like result organization who expect.	accepted	2025-07-23 23:35:08
511	577983	Republican discuss operation low speech individual. Property situation understand mind break any.	accepted	2025-09-24 02:42:51
512	1675575	Describe seat beat often. Seem sea page.\nEye director financial little. School key baby top.	accepted	2025-04-03 19:00:59
513	842642	Good human form. National sit pressure entire matter question. Gas line necessary.	accepted	2025-09-19 23:21:29
514	1516361	Marriage develop road. Might movement bill our letter chair.	accepted	2025-09-26 08:11:44
515	1445868	Explain certain low ball side everything remember. Bank wait try force end.	accepted	2025-05-02 14:22:37
516	1626318	Traditional drug lay adult parent culture for born.	accepted	2025-07-15 09:55:24
517	361698	Wind quickly pick whom. Edge manage cause station.	rejected	2024-12-02 06:30:26
518	801955	Style catch candidate organization eight film.	accepted	2025-04-17 08:27:59
519	1737766	Director news recently call. Series table risk fill deep artist.	accepted	2024-08-10 08:01:59
520	1767674	Development two without financial wear professional.	accepted	2024-07-23 23:27:23
521	631125	Power the happen. Yet head take or which.	accepted	2024-11-23 19:43:02
522	165330	Control station police able his side. Focus day land cause institution.	accepted	2025-04-11 08:07:08
523	1126333	Turn decision take image. Conference almost office development. Trouble develop little oil.	accepted	2025-06-25 21:21:34
524	1816408	Partner certain yes include trade serve. Interview significant thing minute cause board.	accepted	2025-07-09 04:01:23
525	541936	Against establish address often each with call. My could miss actually fish. Whom our see choose.	accepted	2024-12-20 23:54:31
526	573238	Book deal subject. Alone outside indicate nearly wife view actually. Much bank opportunity far.	accepted	2024-05-23 17:49:34
527	1882843	\N	waiting	2024-11-11 11:30:08
528	1261775	Writer arrive position. Someone option knowledge kind dark figure.	accepted	2024-11-12 13:58:07
529	1483343	Act say thus.	accepted	2025-01-28 10:27:25
530	329282	Fish member father always news. Life last customer yourself own.	accepted	2024-10-03 02:33:15
531	1233688	Century beat democratic off make manage. Later race five front.	accepted	2024-04-30 14:59:40
532	700388	Image here sea under apply go else similar. Room these behavior trial book child themselves moment.	accepted	2024-11-07 02:17:00
533	871306	Turn stock college I news face adult. Sing always crime decade decide line language.	accepted	2025-04-14 09:07:11
534	1187305	\N	waiting	2025-08-29 16:00:38
535	105586	Live hour fall. Change class attorney have now environment. Fish stand expect say there by.	accepted	2024-06-01 00:50:41
536	1685760	Somebody suffer her manage artist. Plant age and person. Small mother international.	rejected	2024-12-20 19:08:30
537	1335568	Down practice however already black conference. Long short give.	accepted	2024-04-30 16:13:12
538	1129849	History today box however window cell. Check person camera face. Law enjoy experience same miss.	accepted	2025-03-28 13:41:02
539	1799175	Easy town simple particular explain discuss then. Treatment without even force follow.	accepted	2025-01-20 00:13:07
540	447266	Bar stand similar memory. Spend result point mission. Choose likely fact if Congress.	accepted	2025-01-08 23:07:53
541	1297935	While effect need perhaps. Long professional on without church enter decide.	accepted	2024-11-12 20:15:09
542	1377874	\N	waiting	2024-10-31 07:20:58
543	264662	Land kitchen someone tax different already. Change interesting model role college new color.	accepted	2025-05-27 14:21:04
544	630074	Hope arm right need party investment.	accepted	2025-07-07 19:03:34
545	198294	Century show chance Democrat purpose.	accepted	2025-01-23 15:09:28
546	424432	Dog describe get wind.\nWindow lot first what front on yet. Democratic send much.	accepted	2024-07-14 07:03:04
547	263144	\N	waiting	2024-09-27 13:58:19
548	660102	Product significant recent figure. Whole remember guess cup.	accepted	2024-08-04 22:36:39
549	859900	Still these focus. Moment glass always.\nExplain because we.	accepted	2025-01-22 18:25:04
550	281009	Real we effect soldier. Something allow support loss why song.	accepted	2025-01-24 23:46:13
551	1664603	Government size understand language help gas I. Course gas more.	accepted	2025-07-29 11:09:47
552	1672762	Baby young there positive start beyond. Hair direction another produce threat with sound.	accepted	2025-03-25 06:13:16
553	256307	Cold send voice lead. History institution key several establish six.	rejected	2025-06-08 07:33:36
554	1294223	What arrive look us. Fund friend our defense.	accepted	2025-07-23 02:44:10
555	925609	However model both whatever certain study. Forget hold eye spend beautiful. More home public.	accepted	2024-11-30 19:36:22
556	722795	So war ahead green.\nHigh low second environmental large official. Child say without.	rejected	2024-10-20 19:11:56
557	1091080	Take brother choice all discover. Law ten performance themselves forget argue floor.	accepted	2025-10-03 13:31:41
558	200385	Camera little share indeed run company. Claim talk certainly five whose college young.	accepted	2024-07-07 11:16:00
559	203697	Evening responsibility chance agreement interest fire approach. History author site do.	accepted	2025-05-23 16:11:18
560	1585165	Sometimes rock research thank approach. Memory attention a reason successful. Five involve factor.	accepted	2024-05-23 00:13:55
561	697441	Test reality child upon during stuff. Star seek media.	accepted	2025-02-12 03:28:55
562	1977526	Against activity argue argue partner. Alone make degree.	rejected	2025-04-21 12:09:48
563	282695	Trip campaign question good more. Worry today population.	accepted	2025-06-30 12:25:39
564	651034	Factor activity tree phone PM. Produce word scientist cost season decision.	accepted	2024-11-12 17:32:07
565	1304326	So there fear cut. Sure accept sport decide. Country consumer though.	accepted	2024-07-03 16:45:58
566	1131699	Project even our on. Black single total hot little less.	accepted	2024-12-01 04:46:18
567	1484769	Laugh program section. Firm everything employee message determine.	accepted	2024-07-27 14:11:20
568	1304552	Value property history ok opportunity strategy many meet. Fall wind easy evidence hit recently Mr.	accepted	2024-07-12 19:38:48
569	1772669	Trip computer bit employee edge executive. Author message big spring region science think.	accepted	2025-08-12 03:29:30
570	138778	Include moment idea happy. Build those culture answer choose weight.	accepted	2025-04-24 21:02:26
571	1982806	Pay until fish least year. Must such across onto.	accepted	2025-06-07 02:02:20
572	1001356	Believe build seven group ready fish indeed. Him concern forward hear.	accepted	2025-09-19 20:28:34
573	1903163	Others discover avoid religious. Decision however any teach our side.	accepted	2025-01-25 04:18:24
574	110039	Business suddenly be local. Suddenly several name marriage.	accepted	2025-07-11 22:45:22
575	989665	Pick above Mrs occur. Success trial over meet.	accepted	2025-05-04 06:06:59
576	1890838	Fall share throw. Effect former wind action. Player carry prove cultural foreign.	accepted	2025-09-14 17:38:47
577	190935	Who middle soldier wall life actually. Allow model thing assume image whole.	accepted	2025-10-07 02:59:10
578	1247326	Lawyer miss worker section. Bed adult including rest news office. Tonight sound system daughter.	accepted	2024-09-26 09:03:41
579	1531317	Detail various great either. Appear social senior article second unit. Room theory travel impact.	accepted	2024-10-29 11:29:25
580	1446885	Before gun by. Wide international win safe deal.	accepted	2025-07-21 21:40:00
581	1523644	\N	waiting	2024-08-10 09:53:46
582	1671546	Student animal moment bill number sound which.	accepted	2025-02-08 03:59:25
583	1933966	Open scene evening. Somebody necessary pull personal choice.	accepted	2025-05-15 00:19:48
584	247650	Often consider season hit. Impact still site through explain language. Growth let product skin.	accepted	2025-04-11 23:42:51
585	1660507	\N	waiting	2024-07-12 19:05:24
586	681549	Take close society.	accepted	2024-06-16 01:29:52
587	1620523	Worry even piece. Agreement history learn interesting simple. Today they try.	accepted	2024-09-05 03:10:18
588	1995637	We high find hotel responsibility wide growth. Green require evidence country.	accepted	2025-08-09 00:49:15
589	1954690	Put campaign action wear there. Specific near how idea hard raise.	accepted	2024-12-06 18:46:30
590	813515	\N	waiting	2025-08-02 03:37:41
591	1794553	Think pattern last say respond partner. Create Congress true station mention partner serious.	accepted	2024-10-31 04:16:55
592	293102	Including project win. Also college film occur present. Tree institution director read by simply.	accepted	2025-07-01 01:05:35
593	197726	Son water career member subject law budget. Deep source rate this bed.\nNear see listen.	accepted	2024-08-27 09:41:19
594	177568	Commercial trial story thought. Very exist study soldier information. Sister buy anyone hard.	accepted	2025-03-02 22:29:59
595	1235405	Product east return. Image talk perhaps wall room work enter.	accepted	2025-06-02 11:19:15
596	1728770	Situation own action quickly employee industry.	accepted	2024-06-11 06:02:49
597	414133	Yard hotel officer last. Woman four mention finally. Section idea year federal gas PM enough.	accepted	2024-12-21 21:01:51
598	1625516	Take behavior country base add. Ball determine campaign education.	accepted	2024-07-09 03:31:39
599	1441321	Wrong claim participant. Take hair kid drop effect money provide.	accepted	2024-09-12 12:44:16
600	1510473	\N	waiting	2024-05-30 05:01:24
601	372370	Century east choice ago new he.	accepted	2024-06-15 03:27:03
602	1035560	Bit nature civil owner condition. Resource test different around student woman.	accepted	2025-08-12 10:16:25
603	1986354	Size customer indicate model raise.	accepted	2024-05-04 13:10:05
604	1494007	Exist whose building skin will. Without nation check record wonder friend nor eat.	accepted	2024-12-16 21:27:14
605	1139613	Professor focus energy especially single. Institution animal something call.	accepted	2025-08-12 21:07:17
606	871256	Investment a among thus bit education. Space service fish person.	accepted	2024-10-01 10:24:06
607	1619416	Know defense able event and. Cell entire want which field usually. Day single dinner usually.	accepted	2025-07-23 06:11:46
608	973467	Number at coach but shoulder. Old able star fast human imagine fear.	accepted	2025-07-07 13:01:35
609	794417	\N	waiting	2025-08-23 22:04:40
610	1333015	\N	waiting	2024-07-23 02:22:08
611	1478676	From alone easy three. Fast particular here spring various minute since.	accepted	2024-06-05 01:17:13
612	560047	\N	waiting	2025-01-15 04:08:40
613	888501	Impact may southern. Science our development.	accepted	2025-07-08 07:39:28
614	917350	Partner already voice approach option action. Court gas someone we system.	accepted	2025-03-18 01:42:16
615	801443	Short behavior show just. Natural house too cultural south everyone ever.	accepted	2025-01-19 01:46:35
616	619137	Yeah sport use point your knowledge available. Task view role bar.	accepted	2024-05-02 07:19:41
617	598181	Half network focus spend space point site. Against decision protect miss.	accepted	2025-07-07 16:32:47
618	1947822	Away person economic rich break morning dog. Soon time area say.	accepted	2025-03-13 15:53:40
619	1440148	\N	waiting	2024-08-27 20:46:17
620	1101297	Generation interest win keep collection. Serious investment get account.	rejected	2024-10-05 21:57:04
621	1414392	\N	waiting	2025-01-07 03:09:54
622	1281517	Art security house billion. Leg total stock gas southern good read.	accepted	2025-05-17 05:40:55
623	566902	\N	waiting	2025-01-16 01:26:48
624	605801	Very whether bad moment. Name lose general away feeling. Half interest candidate manager box.	accepted	2024-05-16 22:10:06
625	623265	\N	waiting	2025-09-05 01:09:47
626	595348	\N	waiting	2024-11-12 09:32:32
627	979040	Brother admit bed subject indeed. Owner official receive which impact Democrat.	rejected	2024-12-25 16:30:54
628	1752304	Win foreign and chair say southern.	accepted	2025-08-23 22:20:16
629	884379	Economy size deep form without. Receive require land.	accepted	2025-07-16 23:05:30
630	1112379	Two to big travel. Sign tend service health. Determine station expert produce manage condition.	accepted	2025-01-13 16:06:25
631	865739	Meeting cost general book. Indeed point already sit man.	accepted	2025-02-26 20:25:23
632	402667	Turn trouble mention. Sister left man science.	accepted	2024-08-25 08:35:40
633	1508121	Help foot water current right me. Prevent claim conference.	accepted	2024-12-22 04:00:15
634	271782	Create find both miss wind idea series. Kid computer project real. Team long summer worker.	accepted	2024-08-12 18:00:08
635	1468093	Bag author summer anyone under night night. Half stock once us college medical.	accepted	2025-03-06 06:56:28
636	106953	They season run learn. Production more give. Central mention firm more your.	accepted	2025-08-25 23:09:12
637	274448	Behind both herself positive. Paper memory within authority wide style current.	accepted	2025-04-10 09:48:23
638	1200874	Anything join claim reason.\nGrowth after of else. On age remember together.	accepted	2024-11-13 17:28:34
639	743542	Tax dog article. Of single art direction nice detail. Mean north list discover.	rejected	2025-02-09 11:50:54
640	1749484	Commercial similar garden tax place nearly play. Care simply job practice both.	accepted	2025-01-16 17:35:30
641	221519	Until anything card tree foreign writer within. Factor today class officer which.	accepted	2025-04-27 21:40:50
642	958865	Almost low who hour care. New seat determine summer I. Thus make whole.	accepted	2024-09-19 06:13:39
643	198947	Indeed what have adult. Investment surface modern stay right moment.	accepted	2024-06-05 19:35:36
644	756057	Sport story from center attack.	accepted	2025-04-19 03:01:35
645	1071939	Improve not quality stage thank.	rejected	2025-09-11 06:58:55
646	1071101	Ok physical senior during goal. Deal well issue college family yet. Who performance open.	accepted	2025-10-03 22:31:31
647	1905008	Indicate school drive in. Serve happen coach assume. Measure once book skill picture.	accepted	2025-01-08 14:31:47
648	1800270	Whether no thousand adult create card just financial. Magazine send something power.	rejected	2025-08-21 06:43:19
649	1895517	Role word exist. Trial wide option. Artist usually fish doctor ago everyone.	accepted	2025-01-05 08:26:55
651	1357866	Foot economic board improve along eat. Mr stock arm standard.	accepted	2025-08-01 15:11:50
652	922091	Right other old win. Explain kid result.\nSource book ahead someone hand detail.	accepted	2024-05-25 17:52:08
653	892921	Upon resource look probably. Might serve house. Race their increase by give successful.	accepted	2025-04-22 18:25:02
654	1224474	Its several college any activity word. Structure girl together television.	rejected	2024-09-13 14:19:57
655	820149	School political manage seat tree. Play pull create agent effort address despite.	rejected	2025-08-07 04:03:32
656	1770172	Shoulder again three skin. Us action either recognize majority grow.	accepted	2024-08-26 01:35:00
657	1395857	Common out head theory course read. Bring relationship hand.	accepted	2025-07-28 15:31:35
658	314101	Option authority financial without article miss side.	accepted	2025-09-25 17:18:48
659	1309641	By those special painting kitchen wide man develop. Everything forward here physical movie.	accepted	2025-01-19 09:22:00
660	1946737	Nothing like argue thus. Increase nation owner design. Clearly among mind live first.	accepted	2024-06-09 00:27:21
661	326647	Speak pressure answer before laugh school this police.	accepted	2024-12-23 20:37:02
662	1791708	\N	waiting	2024-10-11 13:22:21
663	1750097	Represent best become follow.	accepted	2025-07-11 09:21:40
664	108218	Soon physical bill ago likely. Now happen difference smile school wide.	accepted	2025-01-27 17:00:50
665	244458	\N	waiting	2024-08-04 17:43:39
666	631000	Adult know head his.	accepted	2025-08-05 21:30:38
667	1089567	Source learn daughter. Woman night spend tend camera. Against least it law rate.	rejected	2024-11-29 18:12:01
668	1340412	Rate big particular suffer score class forward. Sit source mention center because these city.	accepted	2024-05-29 03:23:31
669	1419232	Help alone goal claim summer maintain art. These particular common. Such finish toward.	accepted	2025-02-26 17:48:13
670	764459	Appear former wall marriage. Rather phone participant here. Soldier man hospital start product.	accepted	2025-05-16 22:47:00
671	1293090	There possible process commercial she himself word. Three player opportunity clearly food I.	accepted	2024-12-23 01:53:40
672	1140025	Thing third give. Be ok court name someone include.	rejected	2024-10-20 07:13:13
673	1766053	Region represent ready every. Save read resource hard process whole responsibility find.	accepted	2025-02-12 04:06:10
674	1673106	Step news market upon.	accepted	2024-12-05 23:12:47
675	1367847	Within impact learn small cold. Customer city analysis must. Upon whether arm team lot.	accepted	2025-04-02 08:41:52
676	781508	Though military perform.	accepted	2024-05-30 02:34:09
677	261102	Stop seven feel serious mind carry. Price whatever soldier not natural short.	accepted	2024-10-01 05:26:06
678	1652679	Thousand woman her. Drive store pattern rest build break. Garden dark wish draw.	accepted	2024-06-01 07:41:13
679	690238	Clearly detail rock foot white. Actually either one long new main recently.	accepted	2024-09-25 18:01:59
680	407044	Eight catch wonder. Very minute own situation stock one. Successful put later itself add season.	accepted	2025-03-10 02:55:32
681	1150124	So woman cold movement. Key growth last sound like debate. Especially simply wide economy TV.	accepted	2024-12-19 11:51:59
682	306119	Chance I little fund. Health miss out soon mouth floor.	rejected	2025-08-06 22:53:39
683	851164	Place issue scientist game. Activity manager various community.\nFine student role part.	accepted	2025-08-06 16:39:33
684	1054547	\N	waiting	2025-03-28 10:08:23
685	736312	Discuss play matter father it yes. Give PM have head economic artist.	accepted	2024-09-18 15:17:57
686	1075664	Value soldier vote something road red. Interesting us anything out.	accepted	2025-09-16 13:06:14
687	312181	Audience technology think particular safe within. Understand war hear instead how buy.	accepted	2025-05-21 22:57:47
688	1365848	Tend actually life range third. Gas near she physical really oil suddenly.	accepted	2025-04-21 12:18:37
689	226587	Book option brother establish major result near each. Arrive thousand size the middle human.	accepted	2024-11-11 14:58:35
690	308922	Where card decision alone.	accepted	2024-08-04 20:09:43
691	1602747	Newspaper site do water worker. Account worry involve. Can word dream woman hospital line picture.	accepted	2025-08-25 22:16:33
692	494447	\N	waiting	2025-06-27 09:03:49
693	323254	Mission democratic production. Woman computer girl argue military forget stop decide.	accepted	2024-10-06 13:59:51
694	1415040	Whole amount artist certain. Best stage traditional artist third small.	accepted	2024-09-18 08:59:57
695	1443012	Source ball rather share. Charge media produce matter.	accepted	2024-09-09 16:06:57
696	325276	\N	waiting	2024-12-06 06:56:17
697	1632846	Evidence consider buy record prevent. Point movie whether natural compare structure would.	accepted	2025-07-27 18:56:16
698	1748622	Hard relationship with case wish gas head. Main office everything station public improve one score.	accepted	2024-09-11 16:24:10
699	1143524	Do actually item. Age half lay keep.	rejected	2025-05-29 23:25:46
700	1001218	Push chance some information store key. Whether product price state that all either.	rejected	2025-01-17 13:10:33
701	1201375	Interesting other do remain.\nThrow ago church investment tell. Loss network behavior far pay.	rejected	2024-09-02 16:58:39
702	206851	Trial life now own. Where make view outside for war.	rejected	2025-03-24 15:04:45
703	1902920	Idea hour let two capital safe. Go feel town.	accepted	2025-05-20 22:19:00
704	553562	\N	waiting	2025-09-28 16:35:36
705	1333577	Summer table building write music its knowledge. Now grow although perform rather set stop skin.	accepted	2025-03-20 10:42:01
706	222701	Part put agency assume. Base writer different ask outside adult moment.	accepted	2025-04-16 16:02:58
707	753735	Save president season order spring. Ahead customer image sister remain think.	accepted	2024-08-11 10:51:42
708	798052	\N	waiting	2024-05-25 11:24:21
709	1603593	\N	waiting	2025-07-11 01:30:51
710	1307352	Top natural appear. Glass entire hold skill.	accepted	2024-09-05 01:47:22
711	1140726	\N	waiting	2024-08-29 18:13:37
712	1146816	Trade middle behind finally plant. Record north run help standard.	accepted	2025-03-08 06:30:00
713	489477	Start manage land rate. Product star during into like onto.	rejected	2024-10-05 06:16:51
714	543901	\N	waiting	2025-03-30 19:20:25
715	942021	Evening he table space up far cover. Own different whose decade lay change hit.	accepted	2025-08-22 06:18:48
716	1791185	State until free child light. Each yeah election dog eat.	accepted	2024-08-23 07:22:32
717	1060178	Day condition event least. Politics thousand find often discuss thank need.	accepted	2024-09-05 02:27:59
718	138127	Congress once century tree.\nAgent gun kind Mrs must. Cup threat sense.	accepted	2025-07-30 17:21:43
719	779575	Participant senior walk. To property recent throw food.	accepted	2025-04-15 11:03:37
720	1451579	Appear investment learn middle yes care. Image then law half suddenly suffer side member.	rejected	2025-04-28 20:07:41
721	1211994	Outside artist interview night.	accepted	2024-08-17 11:02:07
722	1094444	Rather body mean form east move. South be rest certainly receive.	rejected	2025-05-17 06:27:18
723	138883	\N	waiting	2024-11-29 11:24:51
724	1308412	Off debate agree hotel mean recent herself already. Four success design reduce nation.	accepted	2025-08-19 23:11:53
725	1481058	Focus TV often. Place quite response everyone. Because picture decision beat.	accepted	2025-03-19 09:42:28
726	852476	Long part term across black film action.	accepted	2025-06-10 04:00:28
727	407111	Contain join business when admit. Toward though bag send glass tough article add.	accepted	2024-11-28 21:19:25
728	1336180	Difference enough end mouth. Than south why research.	accepted	2024-12-17 06:38:37
729	259711	\N	waiting	2025-06-30 18:15:41
730	744413	Without image chair once seek talk. Theory staff value shoulder this suddenly when.	accepted	2024-11-20 00:40:23
731	1789994	Key rate civil front unit. Member cut front career.	rejected	2024-06-15 12:57:12
732	1401720	Industry near enough own cover what wear however. Author effort hand air appear partner leave.	accepted	2024-05-17 17:47:10
733	1168450	Population wife yard positive draw central question clear. Air year away couple.	accepted	2024-09-29 14:36:21
734	379079	If follow light really see support hold question. Development green happy happy writer.	accepted	2025-06-07 23:03:26
735	589354	Base drop then forward. Voice tend young suggest.	rejected	2025-01-17 07:45:06
736	1841123	\N	waiting	2025-05-15 23:05:07
737	1560747	First serious some strong. Into chance evening. Gun remain kind control remain idea near.	accepted	2024-11-26 14:32:48
738	122240	Eight difficult beyond air arrive whole owner. Add security though team must fall prove.	accepted	2024-06-12 23:52:02
739	1993374	Song local within meet apply. Impact interview chance nothing can of.	accepted	2024-05-29 08:14:05
740	1166957	Local section guy see environment person two. Raise college instead way always.	accepted	2025-01-10 05:32:43
741	173189	Assume evening matter but.\nWell board and yeah. Whose rock third daughter.	accepted	2024-05-30 14:43:01
742	1423975	Front group popular eight reach magazine. My community threat.\nBefore close firm.	accepted	2025-09-06 16:35:51
743	843014	View soldier investment its position. Fact study require when not religious.	accepted	2024-09-16 23:20:06
744	1018656	Either visit feel Mrs. Media every significant something senior rock.	accepted	2024-11-16 00:20:32
745	1632210	\N	waiting	2025-05-26 15:05:21
746	682545	Feel country so out actually. Travel back suffer likely easy. Theory city positive game.	accepted	2025-02-10 07:18:28
747	1733240	Character lawyer rich. Election pass its couple personal his measure.	accepted	2024-05-28 23:58:02
748	1591167	Focus hotel decide. Want physical onto big story statement community.	accepted	2025-02-26 10:03:19
749	139770	Maintain every crime in improve. Before fall beyond difficult ball final time.	accepted	2024-11-19 09:34:58
750	737687	Anyone onto just show article occur garden style. Federal their score Mr drive early dog.	accepted	2025-03-15 16:23:12
751	1383880	Because walk soon guess like open.	rejected	2025-05-18 09:04:15
752	294690	Spend pull perform check.	accepted	2024-07-30 14:59:08
753	838794	Ask continue cold arrive cut. Audience site goal appear consumer.	accepted	2025-05-23 12:19:08
754	226209	Ability issue help ahead many. Difficult media nor pay necessary.	accepted	2024-10-03 10:48:46
755	905241	\N	waiting	2025-02-18 05:37:47
756	1149644	Main situation also effect entire. Wear sound thing which TV.	accepted	2025-09-01 12:44:28
757	966958	\N	waiting	2024-05-28 05:00:19
758	490567	However campaign rather nearly word. Rich as country woman participant.	accepted	2024-11-10 09:05:15
759	651010	Go true reveal action. Then high note report page interview. Dinner possible ask.	accepted	2025-03-03 06:00:24
760	1701192	Move again record born table what picture knowledge. Grow film first mind.	accepted	2025-07-08 00:14:06
761	391787	Establish information run common. Quickly tough study fire cell.	accepted	2025-02-20 12:42:30
762	862001	Account ask upon letter. Piece black rock page western opportunity available.	accepted	2024-06-07 16:02:45
763	619103	\N	waiting	2024-07-23 04:51:18
764	419206	So choose on policy stock. Road wall information manager such. Or move raise threat product.	accepted	2025-02-04 11:11:06
765	885415	Believe personal travel recognize nor base. Fire participant room either network.	accepted	2024-05-06 18:04:43
766	1155105	Summer common also good. Thank environmental have ask off really.	accepted	2024-11-22 20:54:50
767	780702	Relate will degree see west future their. Within course far sense situation lot key.	accepted	2025-08-27 13:55:05
768	975654	History sit check fund fill opportunity. Candidate force she present their line.	accepted	2024-10-19 07:15:56
769	620923	Mean whose affect ability consider. Mother point available system add. Tree measure enjoy miss.	accepted	2024-07-07 19:09:37
770	426216	Song specific father stage hold. After history fire forget note style. Upon very bag.	accepted	2025-08-08 23:40:14
771	1513406	Beautiful citizen particularly case else yeah type. At series born best everybody while.	accepted	2024-08-07 05:30:13
772	1645699	Military across forget crime receive message. Food product defense now ask.	accepted	2025-03-13 13:16:46
773	1400411	Age pretty move so cold.	rejected	2024-05-31 12:23:36
774	1000659	Establish image different. Lose newspaper concern fine leg close. Order yard follow he card.	rejected	2024-09-05 00:28:09
775	465621	Fly first leave bad fine. Job now month card man.	accepted	2024-05-29 21:16:52
776	1233908	Off professor marriage idea during home. Say billion million perform.	accepted	2024-12-20 14:55:10
777	678259	\N	waiting	2024-11-12 14:42:47
778	886097	\N	waiting	2024-12-25 11:31:53
779	799660	Note out figure movie mouth. Arrive wind either need can. Fast media short talk.	rejected	2024-05-09 01:36:31
780	1516080	Military health pattern far.	accepted	2025-07-10 05:35:21
781	1256214	Team environment young and exactly while include. Quite sure under manager must while tonight.	accepted	2024-09-02 20:39:28
782	833088	Song three management safe. Second one education could reach capital financial.	accepted	2025-04-05 01:40:57
783	1335474	Understand remain each society. Ago option house single. A sit his history able own raise.	accepted	2025-07-22 04:16:28
784	1724881	\N	waiting	2025-02-09 00:45:11
785	1322850	Prevent amount oil all company.	accepted	2025-01-15 14:00:47
786	1835252	Somebody rather marriage theory. Hair job impact campaign fast chance. Wrong world live woman.	accepted	2024-06-12 18:42:34
787	1042507	Form coach end might red never occur.	accepted	2024-11-05 07:36:12
788	1544033	Congress ready foreign address put.\nSell center off can.	accepted	2024-06-21 17:58:09
789	1106664	Building concern month effect. Should father consider tonight whatever pattern.	rejected	2025-05-30 10:11:46
790	700136	\N	waiting	2024-08-11 18:22:53
791	1047188	Color personal fill defense cost. Study decision eye worry receive mean.	accepted	2024-11-19 06:04:29
792	361049	Car candidate pick by quite. Adult western almost see read.	accepted	2024-11-13 03:46:32
793	1854527	Like budget growth sea new which. Pick need however support green leader place.	accepted	2025-03-18 12:31:32
794	125234	Suggest war have federal. Administration task others foreign pass.	accepted	2025-03-12 15:21:48
795	1616472	And government prepare environment safe. Seat lay than family into.	accepted	2025-09-17 03:43:06
796	1543234	\N	waiting	2024-09-07 11:11:52
797	1920642	May girl bring program significant human part. Board just star.	accepted	2024-05-07 16:03:33
798	1593744	\N	waiting	2024-08-13 22:27:21
799	1634625	Less art medical song who make rich. Realize second conference table almost late career.	accepted	2025-07-02 09:47:45
800	1001898	Product pressure tough hotel fear someone. Very attack nearly political.	accepted	2024-05-03 22:53:00
\.


--
-- Data for Name: privatecourseorder; Type: TABLE DATA; Schema: public; Owner: postgres
--

COPY public.privatecourseorder (private_course_order_id, customer_id, payment_id) FROM stdin;
1	54	800
2	174	799
3	339	797
4	16	795
5	337	794
6	348	793
7	379	792
8	222	791
9	97	788
10	147	787
11	292	786
12	91	785
13	262	783
14	192	782
15	366	781
16	121	780
17	307	776
18	257	775
19	243	772
20	294	771
21	258	770
22	206	769
23	351	768
24	245	767
25	92	766
26	393	765
27	97	764
28	254	762
29	208	761
30	90	760
31	146	759
32	170	758
33	295	756
34	125	754
35	363	753
36	347	752
37	77	750
38	72	749
39	115	748
40	304	747
41	88	746
42	290	744
43	149	743
44	275	742
45	221	741
46	167	740
47	291	739
48	271	738
49	132	737
50	122	734
51	179	733
52	199	732
53	245	730
54	366	728
55	234	727
56	267	726
57	183	725
58	326	724
59	282	721
60	344	719
61	367	718
62	318	717
63	46	716
64	138	715
65	146	712
66	300	710
67	211	707
68	13	706
69	120	705
70	124	703
71	314	698
72	277	697
73	264	695
74	204	694
75	310	693
76	269	691
77	133	690
78	48	689
79	179	688
80	296	687
81	120	686
82	388	685
83	288	683
84	205	681
85	382	680
86	47	679
87	108	678
88	232	677
89	327	676
90	155	675
91	309	674
92	174	673
93	21	671
94	179	670
95	60	669
96	92	668
97	387	666
98	235	664
99	142	663
100	57	661
101	291	660
102	188	659
103	210	658
104	180	657
105	16	656
106	187	653
107	317	652
108	152	651
109	180	650
110	13	649
111	223	647
112	57	646
113	260	644
114	313	643
115	28	642
116	195	641
117	281	640
118	95	638
119	251	637
120	222	636
121	303	635
122	224	634
123	301	633
124	185	632
125	248	631
126	163	630
127	22	629
128	137	628
129	93	624
130	390	622
131	152	618
132	51	617
133	337	616
134	109	615
135	109	614
136	311	613
137	310	611
138	294	608
139	57	607
140	380	606
141	90	605
142	397	604
143	250	603
144	185	602
145	115	601
146	87	599
147	127	598
148	310	597
149	286	596
150	393	595
151	144	594
152	383	593
153	362	592
154	363	591
155	64	589
156	325	588
157	159	587
158	386	586
159	298	584
160	329	583
161	21	582
162	24	580
163	147	579
164	11	578
165	23	577
166	91	576
167	207	575
168	152	574
169	201	573
170	101	572
171	179	571
172	82	570
173	298	569
174	366	568
175	202	567
176	226	566
177	134	565
178	111	564
179	307	563
180	351	561
181	111	560
182	264	559
183	63	558
184	191	557
185	189	555
186	251	554
187	11	552
188	271	551
189	234	550
190	181	549
191	354	548
192	269	546
193	169	545
194	255	544
195	170	543
196	98	541
197	361	540
198	315	539
199	208	538
200	327	537
201	265	535
202	71	533
203	393	532
204	211	531
205	346	530
206	399	529
207	219	528
208	33	526
209	380	525
210	209	524
211	290	523
212	368	522
213	210	521
214	268	520
215	18	519
216	178	518
217	170	516
218	217	515
219	93	514
220	77	513
221	92	512
222	255	511
223	272	510
224	247	509
225	48	506
226	181	505
227	347	504
228	389	503
229	342	502
230	236	501
231	90	499
232	70	497
233	160	496
234	129	495
235	27	492
236	46	489
237	367	488
238	199	487
239	94	486
240	83	485
241	298	484
242	132	483
243	37	482
244	286	481
245	241	479
246	394	478
247	258	476
248	344	473
249	311	472
250	199	469
251	143	468
252	266	467
253	89	466
254	30	465
255	59	464
256	395	463
257	223	462
258	115	461
259	274	459
260	51	458
261	60	457
262	397	455
263	83	454
264	127	453
265	128	452
266	23	451
267	94	449
268	247	448
269	315	447
270	53	446
271	339	444
272	222	443
273	328	442
274	61	440
275	153	439
276	123	438
277	297	437
278	232	436
279	274	435
280	325	434
281	197	433
282	144	432
283	33	431
284	57	430
285	375	428
286	124	427
287	310	426
288	393	425
289	192	422
290	208	421
291	346	420
292	351	417
293	60	416
294	128	414
295	73	411
296	388	410
297	125	409
298	44	407
299	350	406
300	292	401
301	67	400
302	101	399
303	256	398
304	357	396
305	349	395
306	201	393
307	276	392
308	34	391
309	234	390
310	13	389
311	312	388
312	195	387
313	323	386
314	340	385
315	51	384
316	151	383
317	302	382
318	36	381
319	287	380
320	320	379
321	334	378
322	306	376
323	101	375
324	247	374
325	119	373
326	91	372
327	235	370
328	113	369
329	74	368
330	128	366
331	386	365
332	282	364
333	50	363
334	137	360
335	299	359
336	190	358
337	100	353
338	41	352
339	354	351
340	158	350
341	303	347
342	256	346
343	285	345
344	304	344
345	134	343
346	343	341
347	316	339
348	73	338
349	244	337
350	356	336
351	191	335
352	153	333
353	260	332
354	353	331
355	316	329
356	250	328
357	25	327
358	288	323
359	63	321
360	284	320
361	374	317
362	393	315
363	204	314
364	167	313
365	141	312
366	163	311
367	70	310
368	95	309
369	197	307
370	9	306
371	107	305
372	50	304
373	366	303
374	279	301
375	212	300
376	64	299
377	6	296
378	292	294
379	106	292
380	294	291
381	308	290
382	238	287
383	237	286
384	111	284
385	283	283
386	132	282
387	145	280
388	188	279
389	15	278
390	289	277
391	372	276
392	222	273
393	366	272
394	19	270
395	145	269
396	148	268
397	249	267
398	9	265
399	186	262
400	339	260
401	272	259
402	383	258
403	161	256
404	179	255
405	386	254
406	56	252
407	219	251
408	154	249
409	29	248
410	164	246
411	109	244
412	373	243
413	343	242
414	213	240
415	196	239
416	96	238
417	364	237
418	184	236
419	269	235
420	82	234
421	221	233
422	273	232
423	244	231
424	349	229
425	153	228
426	131	227
427	286	226
428	308	225
429	99	224
430	364	222
431	58	220
432	240	219
433	369	216
434	297	215
435	262	214
436	271	213
437	207	212
438	369	210
439	98	209
440	36	208
441	109	207
442	145	202
443	173	200
444	112	199
445	303	198
446	113	197
447	228	196
448	354	195
449	192	194
450	15	193
451	97	192
452	56	191
453	242	189
454	366	188
455	196	187
456	12	186
457	380	185
458	120	184
459	13	183
460	268	181
461	103	180
462	363	179
463	241	176
464	158	175
465	137	170
466	42	169
467	271	168
468	395	167
469	136	166
470	33	165
471	59	164
472	298	163
473	207	162
474	367	159
475	357	158
476	158	155
477	186	154
478	311	152
479	108	150
480	190	149
481	172	146
482	400	145
483	60	141
484	177	140
485	158	139
486	151	138
487	162	137
488	119	136
489	90	135
490	247	133
491	371	132
492	227	129
493	342	128
494	333	127
495	379	124
496	337	123
497	177	122
498	175	121
499	284	120
500	198	116
501	155	115
502	190	114
503	341	113
504	78	112
505	312	110
506	58	109
507	346	108
508	353	107
509	278	106
510	106	105
511	47	104
512	226	103
513	65	102
514	34	101
515	129	100
516	209	99
517	81	98
518	359	96
519	375	95
520	343	94
521	79	93
522	61	92
523	34	91
524	124	90
525	57	89
526	214	88
527	117	86
528	151	85
529	281	83
530	318	81
531	386	80
532	265	79
533	105	77
534	387	76
535	128	75
536	26	73
537	54	71
538	249	70
539	202	69
540	363	68
541	314	67
542	221	66
543	168	64
544	171	63
545	275	62
546	12	60
547	216	56
548	135	55
549	77	54
550	147	51
551	152	50
552	91	49
553	371	46
554	208	45
555	378	44
556	207	43
557	112	42
558	221	41
559	255	39
560	43	38
561	44	37
562	334	35
563	230	34
564	109	33
565	151	32
566	262	31
567	163	30
568	10	26
569	158	24
570	189	23
571	376	21
572	309	19
573	391	17
574	220	16
575	190	15
576	398	14
577	316	10
578	263	9
579	304	7
580	19	6
581	273	5
582	398	3
583	310	2
\.


--
-- Data for Name: privatecourseorderdetail; Type: TABLE DATA; Schema: public; Owner: postgres
--

COPY public.privatecourseorderdetail (private_course_order_detail_id, private_course_order_id, coach_availability_id) FROM stdin;
1	1	825
2	2	362
3	3	54
4	4	113
5	5	1221
6	6	592
7	7	1421
8	8	1477
9	9	36
10	10	611
11	11	1350
12	12	1205
13	13	1273
14	14	1335
15	15	117
16	16	196
17	17	199
18	18	1449
19	19	1065
20	20	1061
21	21	497
22	22	1161
23	23	936
24	24	623
25	25	411
26	26	14
27	27	507
28	28	511
29	29	1076
30	30	1402
31	31	793
32	32	140
33	33	105
34	34	1111
35	35	1489
36	36	835
37	37	1318
38	38	1181
39	39	104
40	40	1447
41	41	351
42	42	710
43	43	1433
44	44	147
45	45	855
46	46	593
47	47	613
48	48	699
49	49	834
50	50	940
51	51	643
52	52	822
53	53	1487
54	54	277
55	55	920
56	56	123
57	57	577
58	58	21
59	59	1311
60	60	192
61	61	950
62	62	943
63	63	1036
64	64	1230
65	65	364
66	66	1465
67	67	1198
68	68	618
69	69	102
70	70	1374
71	71	1201
72	72	242
73	73	1078
74	74	1261
75	75	909
76	76	1212
77	77	1416
78	78	503
79	79	422
80	80	980
81	81	142
82	82	263
83	83	1303
84	84	1493
85	85	294
86	86	1206
87	87	244
88	88	442
89	89	504
90	90	788
91	91	954
92	92	1450
93	93	1434
94	94	873
95	95	819
96	96	1269
97	97	1203
98	98	1090
99	99	795
100	100	1199
101	101	189
102	102	849
103	103	974
104	104	1191
105	105	1321
106	106	628
107	107	979
108	108	1184
109	109	171
110	110	97
111	111	81
112	112	1064
113	113	1400
114	114	1202
115	115	836
116	116	1456
117	117	1167
118	118	57
119	119	50
120	120	858
121	121	90
122	122	872
123	123	22
124	124	1255
125	125	1329
126	126	815
127	127	449
128	128	509
129	129	807
130	130	1482
131	131	1218
132	132	340
133	133	895
134	134	138
135	135	108
136	136	1100
137	137	93
138	138	573
139	139	1102
140	140	994
141	141	1304
142	142	953
143	143	338
144	144	845
145	145	465
146	146	876
147	147	235
148	148	1226
149	149	1137
150	150	286
151	151	1409
152	152	66
153	153	1158
154	154	1029
155	155	380
156	156	389
157	157	664
158	158	587
159	159	1362
160	160	700
161	161	30
162	162	639
163	163	847
164	164	399
165	165	1486
166	166	540
167	167	1451
168	168	205
169	169	234
170	170	967
171	171	345
172	172	947
173	173	450
174	174	315
175	175	1213
176	176	1385
177	177	51
178	178	554
179	179	686
180	180	1306
181	181	26
182	182	1136
183	183	222
184	184	63
185	185	1235
186	186	764
187	187	576
188	188	1448
189	189	75
190	190	768
191	191	1052
192	192	619
193	193	1346
194	194	570
195	195	1412
196	196	782
197	197	525
198	198	197
199	199	1115
200	200	911
201	201	522
202	202	1488
203	203	606
204	204	775
205	205	6
206	206	667
207	207	1019
208	208	861
209	209	1425
210	210	801
211	211	285
212	212	39
213	213	1271
214	214	548
215	215	1097
216	216	1244
217	217	1474
218	218	990
219	219	1302
220	220	687
221	221	780
222	222	402
223	223	1277
224	224	629
225	225	831
226	226	999
227	227	1436
228	228	595
229	229	410
230	230	627
231	231	978
232	232	781
233	233	626
234	234	513
235	235	537
236	236	468
237	237	88
238	238	1153
239	239	20
240	240	1079
241	241	635
242	242	190
243	243	704
244	244	851
245	245	1143
246	246	762
247	247	925
248	248	854
249	249	475
250	250	1473
251	251	68
252	252	567
253	253	984
254	254	1411
255	255	1054
256	256	850
257	257	1289
258	258	1192
259	259	1034
260	260	884
261	261	989
262	262	961
263	263	927
264	264	527
265	265	1135
266	266	1150
267	267	988
268	268	981
269	269	1279
270	270	406
271	271	360
272	272	1468
273	273	1222
274	274	1430
275	275	295
276	276	1292
277	277	245
278	278	1059
279	279	1270
280	280	1149
281	281	179
282	282	588
283	283	419
284	284	1032
285	285	987
286	286	195
287	287	129
288	288	754
289	289	1018
290	290	1342
291	291	131
292	292	126
293	293	1219
294	294	859
295	295	455
296	296	1462
297	297	297
298	298	1287
299	299	398
300	300	714
301	301	1285
302	302	823
303	303	1236
304	304	499
305	305	875
306	306	86
307	307	888
308	308	910
309	309	866
310	310	1103
311	311	1405
312	312	325
313	313	633
314	314	305
315	315	922
316	316	73
317	317	106
318	318	375
319	319	316
320	320	1378
321	321	1081
322	322	348
323	323	1377
324	324	260
325	325	708
326	326	308
327	327	839
328	328	536
329	329	645
330	330	941
331	331	937
332	332	482
333	333	870
334	334	1438
335	335	1060
336	336	1330
337	337	1028
338	338	728
339	339	751
340	340	746
341	341	248
342	342	640
343	343	172
344	344	1484
345	345	1347
346	346	1126
347	347	963
348	348	181
349	349	1094
350	350	1086
351	351	265
352	352	811
353	353	1046
354	354	174
355	355	1196
356	356	1249
357	357	1188
358	358	120
359	359	755
360	360	885
361	361	25
362	362	1500
363	363	718
364	364	1388
365	365	1067
366	366	915
367	367	240
368	368	614
369	369	794
370	370	114
371	371	637
372	372	830
373	373	1359
374	374	863
375	375	11
376	376	469
377	377	5
378	378	1007
379	379	55
380	380	918
381	381	684
382	382	1087
383	383	842
384	384	1263
385	385	52
386	386	1043
387	387	932
388	388	1276
389	389	1232
390	390	306
391	391	109
392	392	905
393	393	462
394	394	735
395	395	145
396	396	596
397	397	1470
398	398	906
399	399	103
400	400	426
401	401	355
402	402	177
403	403	4
404	404	2
405	405	891
406	406	1128
407	407	1314
408	408	454
409	409	1037
410	410	879
411	411	505
412	412	1491
413	413	1384
414	414	574
415	415	279
416	416	1105
417	417	1262
418	418	373
419	419	266
420	420	1051
421	421	43
422	422	64
423	423	1245
424	424	296
425	425	309
426	426	803
427	427	149
428	428	599
429	429	452
430	430	1187
431	431	1173
432	432	165
433	433	1446
434	434	662
435	435	281
436	436	644
437	437	510
438	438	385
439	439	892
440	440	756
441	441	605
442	442	871
443	443	557
444	444	37
445	445	291
446	446	1322
447	447	1248
448	448	1227
449	449	10
450	450	49
451	451	818
452	452	705
453	453	852
454	454	1369
455	455	346
456	456	777
457	457	1454
458	458	211
459	459	1480
460	460	116
461	461	89
462	462	336
463	463	772
464	464	860
465	465	697
466	466	583
467	467	806
468	468	65
469	469	1123
470	470	489
471	471	578
472	472	1280
473	473	1204
474	474	1317
475	475	521
476	476	438
477	477	1469
478	478	1083
479	479	982
480	480	515
481	481	914
482	482	391
483	483	995
484	484	125
485	485	1408
486	486	727
487	487	310
488	488	654
489	489	674
490	490	1178
491	491	1281
492	492	1141
493	493	1049
494	494	723
495	495	1096
496	496	685
497	497	759
498	498	200
499	499	220
500	500	1072
501	501	183
502	502	1077
503	503	1463
504	504	202
505	505	701
506	506	261
507	507	33
508	508	1016
509	509	1394
510	510	1055
511	511	1073
512	512	331
513	513	151
514	514	1386
515	515	868
516	516	1112
517	517	76
518	518	1340
519	519	556
520	520	445
521	521	433
522	522	223
523	523	736
524	524	882
525	525	544
526	526	1156
527	527	899
528	528	668
529	529	1444
530	530	413
531	531	1113
532	532	784
533	533	473
534	534	528
535	535	166
536	536	218
537	537	198
538	538	1478
539	539	786
540	540	1441
541	541	322
542	542	902
543	543	110
544	544	1338
545	545	44
546	546	738
547	547	203
548	548	1129
549	549	1479
550	550	1151
551	551	236
552	552	1225
553	553	1152
554	554	1355
555	555	232
556	556	430
557	557	1124
558	558	437
559	559	1070
560	560	945
561	561	1275
562	562	601
563	563	1406
564	564	604
565	565	493
566	566	254
567	567	500
568	568	1091
569	569	494
570	570	903
571	571	382
572	572	841
573	573	565
574	574	901
575	575	1323
576	576	1368
577	577	948
578	578	1110
579	579	1365
580	580	562
581	581	317
582	582	1252
583	583	783
\.


--
-- Data for Name: users; Type: TABLE DATA; Schema: public; Owner: postgres
--

COPY public.users (user_id, full_name, password_hash, email, phone_number, type) FROM stdin;
1	Kenneth Collier	240be518fabd2724ddb6f04eeb1da5967448d7e831c08c8fa822809f74c720a9	kennethcollier399@email.com	+6211156766971	admin
2	William Jacobs MD	240be518fabd2724ddb6f04eeb1da5967448d7e831c08c8fa822809f74c720a9	williamjacobsmd506@email.com	+6278715316960	admin
3	Kendra Mcclain	240be518fabd2724ddb6f04eeb1da5967448d7e831c08c8fa822809f74c720a9	kendramcclain735@email.com	+6230298924098	admin
4	Richard George	240be518fabd2724ddb6f04eeb1da5967448d7e831c08c8fa822809f74c720a9	richardgeorge405@email.com	+6217561980107	admin
5	Andrea Mccoy	240be518fabd2724ddb6f04eeb1da5967448d7e831c08c8fa822809f74c720a9	andreamccoy824@email.com	+6287282292290	admin
6	Cody Smith	b041c0aeb35bb0fa4aa668ca5a920b590196fdaf9a00eb852c9b7f4d123cc6d6	codysmith71@email.com	+6288153430421	customer
7	Gene Cantu	b041c0aeb35bb0fa4aa668ca5a920b590196fdaf9a00eb852c9b7f4d123cc6d6	genecantu769@email.com	+6211327005148	customer
8	Robert Marquez	b041c0aeb35bb0fa4aa668ca5a920b590196fdaf9a00eb852c9b7f4d123cc6d6	robertmarquez96@email.com	+6250741432175	customer
9	Robert Collins	b041c0aeb35bb0fa4aa668ca5a920b590196fdaf9a00eb852c9b7f4d123cc6d6	robertcollins40@email.com	+6210758383017	customer
10	Christopher Thompson	b041c0aeb35bb0fa4aa668ca5a920b590196fdaf9a00eb852c9b7f4d123cc6d6	christopherthompson284@email.com	+6295988115308	customer
11	Lisa Beard	b041c0aeb35bb0fa4aa668ca5a920b590196fdaf9a00eb852c9b7f4d123cc6d6	lisabeard797@email.com	+6200307494026	customer
12	Melissa Brown	b041c0aeb35bb0fa4aa668ca5a920b590196fdaf9a00eb852c9b7f4d123cc6d6	melissabrown808@email.com	+6266423413512	customer
13	Steven Graham	b041c0aeb35bb0fa4aa668ca5a920b590196fdaf9a00eb852c9b7f4d123cc6d6	stevengraham597@email.com	+6216627813196	customer
14	Troy Alvarado	b041c0aeb35bb0fa4aa668ca5a920b590196fdaf9a00eb852c9b7f4d123cc6d6	troyalvarado773@email.com	+6274822011437	customer
15	Joanne Rodriguez	b041c0aeb35bb0fa4aa668ca5a920b590196fdaf9a00eb852c9b7f4d123cc6d6	joannerodriguez956@email.com	+6285642866367	customer
16	Ms. Allison Taylor	b041c0aeb35bb0fa4aa668ca5a920b590196fdaf9a00eb852c9b7f4d123cc6d6	ms.allisontaylor484@email.com	+6262364180100	customer
17	Julie Wolf	b041c0aeb35bb0fa4aa668ca5a920b590196fdaf9a00eb852c9b7f4d123cc6d6	juliewolf356@email.com	+6237523944051	customer
18	Brian Collins	b041c0aeb35bb0fa4aa668ca5a920b590196fdaf9a00eb852c9b7f4d123cc6d6	briancollins318@email.com	+6293351438665	customer
19	Jason Velasquez	b041c0aeb35bb0fa4aa668ca5a920b590196fdaf9a00eb852c9b7f4d123cc6d6	jasonvelasquez114@email.com	+6242154747982	customer
20	Nicole Zamora	b041c0aeb35bb0fa4aa668ca5a920b590196fdaf9a00eb852c9b7f4d123cc6d6	nicolezamora759@email.com	+6208170644297	customer
21	Leslie Sparks	b041c0aeb35bb0fa4aa668ca5a920b590196fdaf9a00eb852c9b7f4d123cc6d6	lesliesparks19@email.com	+6269229780904	customer
22	George Lynch	b041c0aeb35bb0fa4aa668ca5a920b590196fdaf9a00eb852c9b7f4d123cc6d6	georgelynch544@email.com	+6296395977418	customer
23	Raymond Alvarez	b041c0aeb35bb0fa4aa668ca5a920b590196fdaf9a00eb852c9b7f4d123cc6d6	raymondalvarez729@email.com	+6297629708006	customer
24	Thomas Blair	b041c0aeb35bb0fa4aa668ca5a920b590196fdaf9a00eb852c9b7f4d123cc6d6	thomasblair799@email.com	+6258339390403	customer
25	Jordan Rodriguez	b041c0aeb35bb0fa4aa668ca5a920b590196fdaf9a00eb852c9b7f4d123cc6d6	jordanrodriguez236@email.com	+6266430437631	customer
26	Matthew Mercado	b041c0aeb35bb0fa4aa668ca5a920b590196fdaf9a00eb852c9b7f4d123cc6d6	matthewmercado693@email.com	+6267096176156	customer
27	Samantha Michael DVM	b041c0aeb35bb0fa4aa668ca5a920b590196fdaf9a00eb852c9b7f4d123cc6d6	samanthamichaeldvm51@email.com	+6284268366597	customer
28	Jessica Sanchez	b041c0aeb35bb0fa4aa668ca5a920b590196fdaf9a00eb852c9b7f4d123cc6d6	jessicasanchez339@email.com	+6255841980184	customer
29	Erin Brown	b041c0aeb35bb0fa4aa668ca5a920b590196fdaf9a00eb852c9b7f4d123cc6d6	erinbrown317@email.com	+6282086497850	customer
30	Jennifer Vazquez	b041c0aeb35bb0fa4aa668ca5a920b590196fdaf9a00eb852c9b7f4d123cc6d6	jennifervazquez440@email.com	+6280751974756	customer
31	Samantha Duncan	b041c0aeb35bb0fa4aa668ca5a920b590196fdaf9a00eb852c9b7f4d123cc6d6	samanthaduncan620@email.com	+6289651109523	customer
32	Charles Brown	b041c0aeb35bb0fa4aa668ca5a920b590196fdaf9a00eb852c9b7f4d123cc6d6	charlesbrown840@email.com	+6223109365703	customer
33	Colin Boyd	b041c0aeb35bb0fa4aa668ca5a920b590196fdaf9a00eb852c9b7f4d123cc6d6	colinboyd419@email.com	+6229536137349	customer
34	Derek Brady	b041c0aeb35bb0fa4aa668ca5a920b590196fdaf9a00eb852c9b7f4d123cc6d6	derekbrady43@email.com	+6293521646452	customer
35	Kristy Carroll	b041c0aeb35bb0fa4aa668ca5a920b590196fdaf9a00eb852c9b7f4d123cc6d6	kristycarroll692@email.com	+6241599885800	customer
36	Stephen Robinson	b041c0aeb35bb0fa4aa668ca5a920b590196fdaf9a00eb852c9b7f4d123cc6d6	stephenrobinson706@email.com	+6264458519310	customer
37	Krystal Clark	b041c0aeb35bb0fa4aa668ca5a920b590196fdaf9a00eb852c9b7f4d123cc6d6	krystalclark167@email.com	+6222835332249	customer
38	Terri Cole	b041c0aeb35bb0fa4aa668ca5a920b590196fdaf9a00eb852c9b7f4d123cc6d6	terricole448@email.com	+6242388518286	customer
39	Danielle Jordan	b041c0aeb35bb0fa4aa668ca5a920b590196fdaf9a00eb852c9b7f4d123cc6d6	daniellejordan945@email.com	+6205057263411	customer
40	Wanda Davis	b041c0aeb35bb0fa4aa668ca5a920b590196fdaf9a00eb852c9b7f4d123cc6d6	wandadavis692@email.com	+6206386504321	customer
41	Stacey Williams	b041c0aeb35bb0fa4aa668ca5a920b590196fdaf9a00eb852c9b7f4d123cc6d6	staceywilliams803@email.com	+6289288098147	customer
42	Alex Short	b041c0aeb35bb0fa4aa668ca5a920b590196fdaf9a00eb852c9b7f4d123cc6d6	alexshort771@email.com	+6264148149333	customer
43	Rick Vasquez	b041c0aeb35bb0fa4aa668ca5a920b590196fdaf9a00eb852c9b7f4d123cc6d6	rickvasquez866@email.com	+6203206748822	customer
44	Mario Black	b041c0aeb35bb0fa4aa668ca5a920b590196fdaf9a00eb852c9b7f4d123cc6d6	marioblack519@email.com	+6221855745206	customer
45	Natalie Lynch	b041c0aeb35bb0fa4aa668ca5a920b590196fdaf9a00eb852c9b7f4d123cc6d6	natalielynch631@email.com	+6235112605319	customer
46	Clayton Lam	b041c0aeb35bb0fa4aa668ca5a920b590196fdaf9a00eb852c9b7f4d123cc6d6	claytonlam401@email.com	+6259946207662	customer
47	Tommy Neal	b041c0aeb35bb0fa4aa668ca5a920b590196fdaf9a00eb852c9b7f4d123cc6d6	tommyneal133@email.com	+6222363291859	customer
48	Ashley Norris	b041c0aeb35bb0fa4aa668ca5a920b590196fdaf9a00eb852c9b7f4d123cc6d6	ashleynorris223@email.com	+6279097833594	customer
49	Elizabeth Brown	b041c0aeb35bb0fa4aa668ca5a920b590196fdaf9a00eb852c9b7f4d123cc6d6	elizabethbrown466@email.com	+6299786947344	customer
50	Jamie Ortega	b041c0aeb35bb0fa4aa668ca5a920b590196fdaf9a00eb852c9b7f4d123cc6d6	jamieortega646@email.com	+6258598775302	customer
51	Susan Colon	b041c0aeb35bb0fa4aa668ca5a920b590196fdaf9a00eb852c9b7f4d123cc6d6	susancolon438@email.com	+6289214931624	customer
52	Victor Mckee	b041c0aeb35bb0fa4aa668ca5a920b590196fdaf9a00eb852c9b7f4d123cc6d6	victormckee235@email.com	+6275767520550	customer
53	Michael Mercado	b041c0aeb35bb0fa4aa668ca5a920b590196fdaf9a00eb852c9b7f4d123cc6d6	michaelmercado829@email.com	+6205580413864	customer
54	Terry Lewis	b041c0aeb35bb0fa4aa668ca5a920b590196fdaf9a00eb852c9b7f4d123cc6d6	terrylewis600@email.com	+6221103819776	customer
55	Dylan Vega	b041c0aeb35bb0fa4aa668ca5a920b590196fdaf9a00eb852c9b7f4d123cc6d6	dylanvega860@email.com	+6224523815156	customer
56	Virginia Hall	b041c0aeb35bb0fa4aa668ca5a920b590196fdaf9a00eb852c9b7f4d123cc6d6	virginiahall997@email.com	+6257842106113	customer
57	Jonathan Garcia	b041c0aeb35bb0fa4aa668ca5a920b590196fdaf9a00eb852c9b7f4d123cc6d6	jonathangarcia124@email.com	+6206690297355	customer
58	Timothy Thomas	b041c0aeb35bb0fa4aa668ca5a920b590196fdaf9a00eb852c9b7f4d123cc6d6	timothythomas566@email.com	+6215170293451	customer
59	Gary Johnson	b041c0aeb35bb0fa4aa668ca5a920b590196fdaf9a00eb852c9b7f4d123cc6d6	garyjohnson52@email.com	+6239509461063	customer
60	Tina Stephens	b041c0aeb35bb0fa4aa668ca5a920b590196fdaf9a00eb852c9b7f4d123cc6d6	tinastephens703@email.com	+6209876531754	customer
61	Charles Ross	b041c0aeb35bb0fa4aa668ca5a920b590196fdaf9a00eb852c9b7f4d123cc6d6	charlesross558@email.com	+6262332954748	customer
62	Benjamin Baird	b041c0aeb35bb0fa4aa668ca5a920b590196fdaf9a00eb852c9b7f4d123cc6d6	benjaminbaird9@email.com	+6243298300486	customer
63	Vanessa Rodriguez	b041c0aeb35bb0fa4aa668ca5a920b590196fdaf9a00eb852c9b7f4d123cc6d6	vanessarodriguez810@email.com	+6276143241451	customer
64	Cathy Kelley	b041c0aeb35bb0fa4aa668ca5a920b590196fdaf9a00eb852c9b7f4d123cc6d6	cathykelley714@email.com	+6295271530468	customer
65	Anthony Garcia	b041c0aeb35bb0fa4aa668ca5a920b590196fdaf9a00eb852c9b7f4d123cc6d6	anthonygarcia607@email.com	+6209189096344	customer
66	Derrick Cooper	b041c0aeb35bb0fa4aa668ca5a920b590196fdaf9a00eb852c9b7f4d123cc6d6	derrickcooper741@email.com	+6272591497219	customer
67	David Phillips	b041c0aeb35bb0fa4aa668ca5a920b590196fdaf9a00eb852c9b7f4d123cc6d6	davidphillips441@email.com	+6206547638435	customer
68	Brian Ward	b041c0aeb35bb0fa4aa668ca5a920b590196fdaf9a00eb852c9b7f4d123cc6d6	brianward242@email.com	+6282691375750	customer
69	Jeffrey Lane	b041c0aeb35bb0fa4aa668ca5a920b590196fdaf9a00eb852c9b7f4d123cc6d6	jeffreylane182@email.com	+6258247194001	customer
70	Wendy Thomas	b041c0aeb35bb0fa4aa668ca5a920b590196fdaf9a00eb852c9b7f4d123cc6d6	wendythomas464@email.com	+6222159428619	customer
71	Joseph Swanson	b041c0aeb35bb0fa4aa668ca5a920b590196fdaf9a00eb852c9b7f4d123cc6d6	josephswanson124@email.com	+6297497405822	customer
72	Wayne Mills	b041c0aeb35bb0fa4aa668ca5a920b590196fdaf9a00eb852c9b7f4d123cc6d6	waynemills825@email.com	+6247166592512	customer
73	Cheryl Edwards	b041c0aeb35bb0fa4aa668ca5a920b590196fdaf9a00eb852c9b7f4d123cc6d6	cheryledwards418@email.com	+6268197391121	customer
74	Mark Gonzalez	b041c0aeb35bb0fa4aa668ca5a920b590196fdaf9a00eb852c9b7f4d123cc6d6	markgonzalez648@email.com	+6233577684159	customer
75	Andrea Schmidt	b041c0aeb35bb0fa4aa668ca5a920b590196fdaf9a00eb852c9b7f4d123cc6d6	andreaschmidt635@email.com	+6239538543623	customer
76	Charles Lynch	b041c0aeb35bb0fa4aa668ca5a920b590196fdaf9a00eb852c9b7f4d123cc6d6	charleslynch490@email.com	+6207919504917	customer
77	Pamela Meza	b041c0aeb35bb0fa4aa668ca5a920b590196fdaf9a00eb852c9b7f4d123cc6d6	pamelameza171@email.com	+6211511430232	customer
78	Benjamin Mccoy	b041c0aeb35bb0fa4aa668ca5a920b590196fdaf9a00eb852c9b7f4d123cc6d6	benjaminmccoy269@email.com	+6249016485689	customer
79	Harry Thomas	b041c0aeb35bb0fa4aa668ca5a920b590196fdaf9a00eb852c9b7f4d123cc6d6	harrythomas607@email.com	+6210225670026	customer
80	Shawn Moses	b041c0aeb35bb0fa4aa668ca5a920b590196fdaf9a00eb852c9b7f4d123cc6d6	shawnmoses888@email.com	+6278859468174	customer
81	Nicole Green	b041c0aeb35bb0fa4aa668ca5a920b590196fdaf9a00eb852c9b7f4d123cc6d6	nicolegreen74@email.com	+6236416546547	customer
82	Sherry Alexander	b041c0aeb35bb0fa4aa668ca5a920b590196fdaf9a00eb852c9b7f4d123cc6d6	sherryalexander64@email.com	+6261230045178	customer
83	Jeremy Tyler	b041c0aeb35bb0fa4aa668ca5a920b590196fdaf9a00eb852c9b7f4d123cc6d6	jeremytyler797@email.com	+6268435983291	customer
84	Matthew Brown	b041c0aeb35bb0fa4aa668ca5a920b590196fdaf9a00eb852c9b7f4d123cc6d6	matthewbrown379@email.com	+6249091471434	customer
85	Christine Atkins	b041c0aeb35bb0fa4aa668ca5a920b590196fdaf9a00eb852c9b7f4d123cc6d6	christineatkins642@email.com	+6251212402569	customer
86	Jill Vasquez	b041c0aeb35bb0fa4aa668ca5a920b590196fdaf9a00eb852c9b7f4d123cc6d6	jillvasquez965@email.com	+6250788412657	customer
87	Johnny Morrison	b041c0aeb35bb0fa4aa668ca5a920b590196fdaf9a00eb852c9b7f4d123cc6d6	johnnymorrison715@email.com	+6261124522079	customer
88	Kristopher Simmons Jr.	b041c0aeb35bb0fa4aa668ca5a920b590196fdaf9a00eb852c9b7f4d123cc6d6	kristophersimmonsjr.540@email.com	+6205431293408	customer
89	Anthony Vasquez	b041c0aeb35bb0fa4aa668ca5a920b590196fdaf9a00eb852c9b7f4d123cc6d6	anthonyvasquez22@email.com	+6260136033274	customer
90	Daniel Salinas	b041c0aeb35bb0fa4aa668ca5a920b590196fdaf9a00eb852c9b7f4d123cc6d6	danielsalinas179@email.com	+6229475393461	customer
91	Gail Conner	b041c0aeb35bb0fa4aa668ca5a920b590196fdaf9a00eb852c9b7f4d123cc6d6	gailconner931@email.com	+6233511834242	customer
92	Michele Garner	b041c0aeb35bb0fa4aa668ca5a920b590196fdaf9a00eb852c9b7f4d123cc6d6	michelegarner463@email.com	+6242101456390	customer
93	Lauren Miller	b041c0aeb35bb0fa4aa668ca5a920b590196fdaf9a00eb852c9b7f4d123cc6d6	laurenmiller36@email.com	+6268515116450	customer
94	Kelly Kim	b041c0aeb35bb0fa4aa668ca5a920b590196fdaf9a00eb852c9b7f4d123cc6d6	kellykim983@email.com	+6212764666257	customer
95	Michael Welch	b041c0aeb35bb0fa4aa668ca5a920b590196fdaf9a00eb852c9b7f4d123cc6d6	michaelwelch446@email.com	+6278953425447	customer
96	Luke Patterson	b041c0aeb35bb0fa4aa668ca5a920b590196fdaf9a00eb852c9b7f4d123cc6d6	lukepatterson255@email.com	+6216738075567	customer
97	Tyler Garcia	b041c0aeb35bb0fa4aa668ca5a920b590196fdaf9a00eb852c9b7f4d123cc6d6	tylergarcia781@email.com	+6215845750374	customer
98	Danielle Wiley	b041c0aeb35bb0fa4aa668ca5a920b590196fdaf9a00eb852c9b7f4d123cc6d6	daniellewiley577@email.com	+6273152588296	customer
99	David Fisher	b041c0aeb35bb0fa4aa668ca5a920b590196fdaf9a00eb852c9b7f4d123cc6d6	davidfisher738@email.com	+6259896176293	customer
100	Amber Mcmillan	b041c0aeb35bb0fa4aa668ca5a920b590196fdaf9a00eb852c9b7f4d123cc6d6	ambermcmillan655@email.com	+6222073667750	customer
101	Anthony Frank	b041c0aeb35bb0fa4aa668ca5a920b590196fdaf9a00eb852c9b7f4d123cc6d6	anthonyfrank953@email.com	+6208621599142	customer
102	Jason Zimmerman	b041c0aeb35bb0fa4aa668ca5a920b590196fdaf9a00eb852c9b7f4d123cc6d6	jasonzimmerman205@email.com	+6228052193338	customer
103	John Francis	b041c0aeb35bb0fa4aa668ca5a920b590196fdaf9a00eb852c9b7f4d123cc6d6	johnfrancis902@email.com	+6223888106306	customer
104	Alexis Smith	b041c0aeb35bb0fa4aa668ca5a920b590196fdaf9a00eb852c9b7f4d123cc6d6	alexissmith537@email.com	+6228207680948	customer
105	James Campbell	b041c0aeb35bb0fa4aa668ca5a920b590196fdaf9a00eb852c9b7f4d123cc6d6	jamescampbell396@email.com	+6281779399669	customer
106	Sarah Brown	b041c0aeb35bb0fa4aa668ca5a920b590196fdaf9a00eb852c9b7f4d123cc6d6	sarahbrown468@email.com	+6221414077149	customer
107	Clinton Padilla	b041c0aeb35bb0fa4aa668ca5a920b590196fdaf9a00eb852c9b7f4d123cc6d6	clintonpadilla539@email.com	+6298735841786	customer
108	Justin Caldwell	b041c0aeb35bb0fa4aa668ca5a920b590196fdaf9a00eb852c9b7f4d123cc6d6	justincaldwell353@email.com	+6251167133113	customer
109	William Perez	b041c0aeb35bb0fa4aa668ca5a920b590196fdaf9a00eb852c9b7f4d123cc6d6	williamperez29@email.com	+6268104888429	customer
110	Nancy Kent	b041c0aeb35bb0fa4aa668ca5a920b590196fdaf9a00eb852c9b7f4d123cc6d6	nancykent839@email.com	+6280623588988	customer
111	David Hampton	b041c0aeb35bb0fa4aa668ca5a920b590196fdaf9a00eb852c9b7f4d123cc6d6	davidhampton408@email.com	+6240100645393	customer
112	Sophia Cannon	b041c0aeb35bb0fa4aa668ca5a920b590196fdaf9a00eb852c9b7f4d123cc6d6	sophiacannon797@email.com	+6268134847485	customer
113	Kimberly Walters	b041c0aeb35bb0fa4aa668ca5a920b590196fdaf9a00eb852c9b7f4d123cc6d6	kimberlywalters167@email.com	+6241489187084	customer
114	Thomas Mason	b041c0aeb35bb0fa4aa668ca5a920b590196fdaf9a00eb852c9b7f4d123cc6d6	thomasmason779@email.com	+6261033444879	customer
115	Joseph Lopez	b041c0aeb35bb0fa4aa668ca5a920b590196fdaf9a00eb852c9b7f4d123cc6d6	josephlopez771@email.com	+6241438044175	customer
116	Joe Mathews	b041c0aeb35bb0fa4aa668ca5a920b590196fdaf9a00eb852c9b7f4d123cc6d6	joemathews795@email.com	+6252449414225	customer
117	Benjamin Nolan	b041c0aeb35bb0fa4aa668ca5a920b590196fdaf9a00eb852c9b7f4d123cc6d6	benjaminnolan616@email.com	+6260764193861	customer
118	Michelle Duran MD	b041c0aeb35bb0fa4aa668ca5a920b590196fdaf9a00eb852c9b7f4d123cc6d6	michelleduranmd186@email.com	+6287331485237	customer
119	Michael Cortez	b041c0aeb35bb0fa4aa668ca5a920b590196fdaf9a00eb852c9b7f4d123cc6d6	michaelcortez396@email.com	+6288950818734	customer
120	Joshua Mason	b041c0aeb35bb0fa4aa668ca5a920b590196fdaf9a00eb852c9b7f4d123cc6d6	joshuamason555@email.com	+6214956930940	customer
121	Jacob Buckley	b041c0aeb35bb0fa4aa668ca5a920b590196fdaf9a00eb852c9b7f4d123cc6d6	jacobbuckley696@email.com	+6279008814681	customer
122	Juan Brooks	b041c0aeb35bb0fa4aa668ca5a920b590196fdaf9a00eb852c9b7f4d123cc6d6	juanbrooks613@email.com	+6285050915755	customer
123	Michael Blair	b041c0aeb35bb0fa4aa668ca5a920b590196fdaf9a00eb852c9b7f4d123cc6d6	michaelblair914@email.com	+6248550520923	customer
124	Michael Graham	b041c0aeb35bb0fa4aa668ca5a920b590196fdaf9a00eb852c9b7f4d123cc6d6	michaelgraham592@email.com	+6256881656952	customer
125	Dana Chen	b041c0aeb35bb0fa4aa668ca5a920b590196fdaf9a00eb852c9b7f4d123cc6d6	danachen69@email.com	+6204544551961	customer
126	Bridget Taylor	b041c0aeb35bb0fa4aa668ca5a920b590196fdaf9a00eb852c9b7f4d123cc6d6	bridgettaylor269@email.com	+6289715733762	customer
127	Devin Johnson	b041c0aeb35bb0fa4aa668ca5a920b590196fdaf9a00eb852c9b7f4d123cc6d6	devinjohnson377@email.com	+6215869649626	customer
128	Ashley Dixon	b041c0aeb35bb0fa4aa668ca5a920b590196fdaf9a00eb852c9b7f4d123cc6d6	ashleydixon823@email.com	+6219033605341	customer
129	Kimberly Hayes	b041c0aeb35bb0fa4aa668ca5a920b590196fdaf9a00eb852c9b7f4d123cc6d6	kimberlyhayes247@email.com	+6290504466475	customer
130	Jeffrey Webb	b041c0aeb35bb0fa4aa668ca5a920b590196fdaf9a00eb852c9b7f4d123cc6d6	jeffreywebb964@email.com	+6234972115370	customer
131	Derrick Little	b041c0aeb35bb0fa4aa668ca5a920b590196fdaf9a00eb852c9b7f4d123cc6d6	derricklittle801@email.com	+6236142837734	customer
132	Daniel Robinson	b041c0aeb35bb0fa4aa668ca5a920b590196fdaf9a00eb852c9b7f4d123cc6d6	danielrobinson357@email.com	+6289483332045	customer
133	Bobby Martinez	b041c0aeb35bb0fa4aa668ca5a920b590196fdaf9a00eb852c9b7f4d123cc6d6	bobbymartinez826@email.com	+6249545876002	customer
134	Ashley Peterson	b041c0aeb35bb0fa4aa668ca5a920b590196fdaf9a00eb852c9b7f4d123cc6d6	ashleypeterson963@email.com	+6219877986148	customer
135	Stephanie Guerrero	b041c0aeb35bb0fa4aa668ca5a920b590196fdaf9a00eb852c9b7f4d123cc6d6	stephanieguerrero177@email.com	+6250779408901	customer
136	Michael Hoffman	b041c0aeb35bb0fa4aa668ca5a920b590196fdaf9a00eb852c9b7f4d123cc6d6	michaelhoffman985@email.com	+6209370256516	customer
137	Timothy Miller	b041c0aeb35bb0fa4aa668ca5a920b590196fdaf9a00eb852c9b7f4d123cc6d6	timothymiller442@email.com	+6261299914123	customer
138	David Drake Jr.	b041c0aeb35bb0fa4aa668ca5a920b590196fdaf9a00eb852c9b7f4d123cc6d6	daviddrakejr.315@email.com	+6295642724982	customer
139	Sarah Bryant	b041c0aeb35bb0fa4aa668ca5a920b590196fdaf9a00eb852c9b7f4d123cc6d6	sarahbryant129@email.com	+6263426158842	customer
140	Stephanie Hall	b041c0aeb35bb0fa4aa668ca5a920b590196fdaf9a00eb852c9b7f4d123cc6d6	stephaniehall221@email.com	+6208944763830	customer
141	Ricky Galloway	b041c0aeb35bb0fa4aa668ca5a920b590196fdaf9a00eb852c9b7f4d123cc6d6	rickygalloway364@email.com	+6285498056526	customer
142	Andrew Short	b041c0aeb35bb0fa4aa668ca5a920b590196fdaf9a00eb852c9b7f4d123cc6d6	andrewshort56@email.com	+6230079020572	customer
143	Mr. Andres Warner MD	b041c0aeb35bb0fa4aa668ca5a920b590196fdaf9a00eb852c9b7f4d123cc6d6	mr.andreswarnermd334@email.com	+6288545641918	customer
144	Benjamin Hill	b041c0aeb35bb0fa4aa668ca5a920b590196fdaf9a00eb852c9b7f4d123cc6d6	benjaminhill539@email.com	+6210758580813	customer
145	Mercedes Lamb	b041c0aeb35bb0fa4aa668ca5a920b590196fdaf9a00eb852c9b7f4d123cc6d6	mercedeslamb391@email.com	+6211314352948	customer
146	Michael Le	b041c0aeb35bb0fa4aa668ca5a920b590196fdaf9a00eb852c9b7f4d123cc6d6	michaelle814@email.com	+6294699467741	customer
147	Rachel Wilson	b041c0aeb35bb0fa4aa668ca5a920b590196fdaf9a00eb852c9b7f4d123cc6d6	rachelwilson699@email.com	+6245374708375	customer
148	Angela Turner	b041c0aeb35bb0fa4aa668ca5a920b590196fdaf9a00eb852c9b7f4d123cc6d6	angelaturner361@email.com	+6225523704460	customer
149	Eric Barrera	b041c0aeb35bb0fa4aa668ca5a920b590196fdaf9a00eb852c9b7f4d123cc6d6	ericbarrera85@email.com	+6223533637905	customer
150	Alan Reid	b041c0aeb35bb0fa4aa668ca5a920b590196fdaf9a00eb852c9b7f4d123cc6d6	alanreid894@email.com	+6228343543285	customer
151	Lauren Ingram	b041c0aeb35bb0fa4aa668ca5a920b590196fdaf9a00eb852c9b7f4d123cc6d6	laureningram44@email.com	+6227624082986	customer
152	Holly Reynolds	b041c0aeb35bb0fa4aa668ca5a920b590196fdaf9a00eb852c9b7f4d123cc6d6	hollyreynolds427@email.com	+6290124717036	customer
153	Angela Jones	b041c0aeb35bb0fa4aa668ca5a920b590196fdaf9a00eb852c9b7f4d123cc6d6	angelajones207@email.com	+6242764131264	customer
154	Larry Herrera	b041c0aeb35bb0fa4aa668ca5a920b590196fdaf9a00eb852c9b7f4d123cc6d6	larryherrera556@email.com	+6278470380659	customer
155	Tiffany Smith	b041c0aeb35bb0fa4aa668ca5a920b590196fdaf9a00eb852c9b7f4d123cc6d6	tiffanysmith664@email.com	+6219709648273	customer
156	Jane Stephens	b041c0aeb35bb0fa4aa668ca5a920b590196fdaf9a00eb852c9b7f4d123cc6d6	janestephens445@email.com	+6299457592542	customer
157	Derrick Strickland	b041c0aeb35bb0fa4aa668ca5a920b590196fdaf9a00eb852c9b7f4d123cc6d6	derrickstrickland485@email.com	+6270563310353	customer
158	Rachel Wagner	b041c0aeb35bb0fa4aa668ca5a920b590196fdaf9a00eb852c9b7f4d123cc6d6	rachelwagner428@email.com	+6262668125336	customer
159	John James	b041c0aeb35bb0fa4aa668ca5a920b590196fdaf9a00eb852c9b7f4d123cc6d6	johnjames286@email.com	+6222209204186	customer
160	Scott Burton	b041c0aeb35bb0fa4aa668ca5a920b590196fdaf9a00eb852c9b7f4d123cc6d6	scottburton986@email.com	+6205032183400	customer
161	Misty Jones	b041c0aeb35bb0fa4aa668ca5a920b590196fdaf9a00eb852c9b7f4d123cc6d6	mistyjones945@email.com	+6266688102097	customer
162	Zachary Roberts	b041c0aeb35bb0fa4aa668ca5a920b590196fdaf9a00eb852c9b7f4d123cc6d6	zacharyroberts711@email.com	+6230940203875	customer
163	Darryl Moore	b041c0aeb35bb0fa4aa668ca5a920b590196fdaf9a00eb852c9b7f4d123cc6d6	darrylmoore879@email.com	+6282451786577	customer
164	Melissa Barnett	b041c0aeb35bb0fa4aa668ca5a920b590196fdaf9a00eb852c9b7f4d123cc6d6	melissabarnett162@email.com	+6220223988836	customer
165	Gary Allen	b041c0aeb35bb0fa4aa668ca5a920b590196fdaf9a00eb852c9b7f4d123cc6d6	garyallen154@email.com	+6201499028436	customer
166	Amanda Mora	b041c0aeb35bb0fa4aa668ca5a920b590196fdaf9a00eb852c9b7f4d123cc6d6	amandamora206@email.com	+6234037597046	customer
167	Theresa Smith	b041c0aeb35bb0fa4aa668ca5a920b590196fdaf9a00eb852c9b7f4d123cc6d6	theresasmith867@email.com	+6235704414343	customer
168	Erica Martin	b041c0aeb35bb0fa4aa668ca5a920b590196fdaf9a00eb852c9b7f4d123cc6d6	ericamartin742@email.com	+6206461732344	customer
169	William Sutton	b041c0aeb35bb0fa4aa668ca5a920b590196fdaf9a00eb852c9b7f4d123cc6d6	williamsutton205@email.com	+6242252354409	customer
170	Brooke Steele	b041c0aeb35bb0fa4aa668ca5a920b590196fdaf9a00eb852c9b7f4d123cc6d6	brookesteele669@email.com	+6258031856816	customer
171	Christopher Fuller	b041c0aeb35bb0fa4aa668ca5a920b590196fdaf9a00eb852c9b7f4d123cc6d6	christopherfuller550@email.com	+6252081771581	customer
172	Deborah Chaney	b041c0aeb35bb0fa4aa668ca5a920b590196fdaf9a00eb852c9b7f4d123cc6d6	deborahchaney770@email.com	+6234672451035	customer
173	Stephanie Lee	b041c0aeb35bb0fa4aa668ca5a920b590196fdaf9a00eb852c9b7f4d123cc6d6	stephanielee187@email.com	+6206472136082	customer
174	April Cox	b041c0aeb35bb0fa4aa668ca5a920b590196fdaf9a00eb852c9b7f4d123cc6d6	aprilcox82@email.com	+6252818277630	customer
175	Michelle Garrett	b041c0aeb35bb0fa4aa668ca5a920b590196fdaf9a00eb852c9b7f4d123cc6d6	michellegarrett1@email.com	+6281693168272	customer
176	Melanie Avila	b041c0aeb35bb0fa4aa668ca5a920b590196fdaf9a00eb852c9b7f4d123cc6d6	melanieavila241@email.com	+6215839058529	customer
177	Maureen Martin	b041c0aeb35bb0fa4aa668ca5a920b590196fdaf9a00eb852c9b7f4d123cc6d6	maureenmartin815@email.com	+6271309544275	customer
178	Timothy Obrien	b041c0aeb35bb0fa4aa668ca5a920b590196fdaf9a00eb852c9b7f4d123cc6d6	timothyobrien289@email.com	+6277912368230	customer
179	Monica Gutierrez	b041c0aeb35bb0fa4aa668ca5a920b590196fdaf9a00eb852c9b7f4d123cc6d6	monicagutierrez786@email.com	+6272141293521	customer
180	Daniel Harrison	b041c0aeb35bb0fa4aa668ca5a920b590196fdaf9a00eb852c9b7f4d123cc6d6	danielharrison244@email.com	+6224984079440	customer
181	John Gordon	b041c0aeb35bb0fa4aa668ca5a920b590196fdaf9a00eb852c9b7f4d123cc6d6	johngordon79@email.com	+6298650671695	customer
182	Theresa Bautista	b041c0aeb35bb0fa4aa668ca5a920b590196fdaf9a00eb852c9b7f4d123cc6d6	theresabautista670@email.com	+6211426502226	customer
183	Kim Garcia	b041c0aeb35bb0fa4aa668ca5a920b590196fdaf9a00eb852c9b7f4d123cc6d6	kimgarcia965@email.com	+6258362990998	customer
184	Andrew Orr	b041c0aeb35bb0fa4aa668ca5a920b590196fdaf9a00eb852c9b7f4d123cc6d6	andreworr195@email.com	+6227341639120	customer
185	Ryan Perez	b041c0aeb35bb0fa4aa668ca5a920b590196fdaf9a00eb852c9b7f4d123cc6d6	ryanperez870@email.com	+6227278517111	customer
186	Maria Abbott	b041c0aeb35bb0fa4aa668ca5a920b590196fdaf9a00eb852c9b7f4d123cc6d6	mariaabbott519@email.com	+6205036613081	customer
187	Brittany White	b041c0aeb35bb0fa4aa668ca5a920b590196fdaf9a00eb852c9b7f4d123cc6d6	brittanywhite221@email.com	+6222516044385	customer
188	Sara Vaughn	b041c0aeb35bb0fa4aa668ca5a920b590196fdaf9a00eb852c9b7f4d123cc6d6	saravaughn885@email.com	+6214312351356	customer
189	Denise Green	b041c0aeb35bb0fa4aa668ca5a920b590196fdaf9a00eb852c9b7f4d123cc6d6	denisegreen282@email.com	+6200671589359	customer
190	Meagan Cook	b041c0aeb35bb0fa4aa668ca5a920b590196fdaf9a00eb852c9b7f4d123cc6d6	meagancook645@email.com	+6273135217386	customer
191	George Alvarez	b041c0aeb35bb0fa4aa668ca5a920b590196fdaf9a00eb852c9b7f4d123cc6d6	georgealvarez231@email.com	+6299643479202	customer
192	Christian Morris	b041c0aeb35bb0fa4aa668ca5a920b590196fdaf9a00eb852c9b7f4d123cc6d6	christianmorris823@email.com	+6263266472056	customer
193	Phillip Strickland	b041c0aeb35bb0fa4aa668ca5a920b590196fdaf9a00eb852c9b7f4d123cc6d6	phillipstrickland625@email.com	+6270717308907	customer
194	Wendy Singh	b041c0aeb35bb0fa4aa668ca5a920b590196fdaf9a00eb852c9b7f4d123cc6d6	wendysingh315@email.com	+6201120603593	customer
195	Maria Leonard	b041c0aeb35bb0fa4aa668ca5a920b590196fdaf9a00eb852c9b7f4d123cc6d6	marialeonard399@email.com	+6299068892830	customer
196	Allen Meadows	b041c0aeb35bb0fa4aa668ca5a920b590196fdaf9a00eb852c9b7f4d123cc6d6	allenmeadows748@email.com	+6252688894519	customer
197	Deborah Fitzgerald	b041c0aeb35bb0fa4aa668ca5a920b590196fdaf9a00eb852c9b7f4d123cc6d6	deborahfitzgerald939@email.com	+6263765891006	customer
198	Jason French	b041c0aeb35bb0fa4aa668ca5a920b590196fdaf9a00eb852c9b7f4d123cc6d6	jasonfrench255@email.com	+6247855644996	customer
199	Brandon Bonilla	b041c0aeb35bb0fa4aa668ca5a920b590196fdaf9a00eb852c9b7f4d123cc6d6	brandonbonilla321@email.com	+6297380130628	customer
200	Jennifer Jones	b041c0aeb35bb0fa4aa668ca5a920b590196fdaf9a00eb852c9b7f4d123cc6d6	jenniferjones982@email.com	+6293712898605	customer
201	Michael Dominguez	b041c0aeb35bb0fa4aa668ca5a920b590196fdaf9a00eb852c9b7f4d123cc6d6	michaeldominguez524@email.com	+6235451994186	customer
202	Kari Parker	b041c0aeb35bb0fa4aa668ca5a920b590196fdaf9a00eb852c9b7f4d123cc6d6	kariparker29@email.com	+6201232228352	customer
203	Jeremy Thomas	b041c0aeb35bb0fa4aa668ca5a920b590196fdaf9a00eb852c9b7f4d123cc6d6	jeremythomas508@email.com	+6282898484320	customer
204	Jon Carter	b041c0aeb35bb0fa4aa668ca5a920b590196fdaf9a00eb852c9b7f4d123cc6d6	joncarter573@email.com	+6298095720675	customer
205	Dr. Robert Palmer MD	b041c0aeb35bb0fa4aa668ca5a920b590196fdaf9a00eb852c9b7f4d123cc6d6	dr.robertpalmermd686@email.com	+6266125966304	customer
206	Anna Gilbert MD	b041c0aeb35bb0fa4aa668ca5a920b590196fdaf9a00eb852c9b7f4d123cc6d6	annagilbertmd27@email.com	+6216526303566	customer
207	Alexander Camacho	b041c0aeb35bb0fa4aa668ca5a920b590196fdaf9a00eb852c9b7f4d123cc6d6	alexandercamacho278@email.com	+6291103424363	customer
208	Elizabeth Morales	b041c0aeb35bb0fa4aa668ca5a920b590196fdaf9a00eb852c9b7f4d123cc6d6	elizabethmorales846@email.com	+6272704476599	customer
209	Mr. Thomas Evans	b041c0aeb35bb0fa4aa668ca5a920b590196fdaf9a00eb852c9b7f4d123cc6d6	mr.thomasevans958@email.com	+6261146900639	customer
210	Andrew Jimenez	b041c0aeb35bb0fa4aa668ca5a920b590196fdaf9a00eb852c9b7f4d123cc6d6	andrewjimenez405@email.com	+6225463887000	customer
211	Vincent Brown MD	b041c0aeb35bb0fa4aa668ca5a920b590196fdaf9a00eb852c9b7f4d123cc6d6	vincentbrownmd341@email.com	+6247545655489	customer
212	Geoffrey Henson	b041c0aeb35bb0fa4aa668ca5a920b590196fdaf9a00eb852c9b7f4d123cc6d6	geoffreyhenson435@email.com	+6284021984908	customer
213	Sherry Lopez	b041c0aeb35bb0fa4aa668ca5a920b590196fdaf9a00eb852c9b7f4d123cc6d6	sherrylopez180@email.com	+6233983757610	customer
214	Angela Smith	b041c0aeb35bb0fa4aa668ca5a920b590196fdaf9a00eb852c9b7f4d123cc6d6	angelasmith603@email.com	+6294440445151	customer
215	Melissa Riddle	b041c0aeb35bb0fa4aa668ca5a920b590196fdaf9a00eb852c9b7f4d123cc6d6	melissariddle884@email.com	+6295489290491	customer
216	Samantha Rivera	b041c0aeb35bb0fa4aa668ca5a920b590196fdaf9a00eb852c9b7f4d123cc6d6	samantharivera944@email.com	+6257164660956	customer
217	Heather Pierce	b041c0aeb35bb0fa4aa668ca5a920b590196fdaf9a00eb852c9b7f4d123cc6d6	heatherpierce232@email.com	+6257101430506	customer
218	William Simmons Jr.	b041c0aeb35bb0fa4aa668ca5a920b590196fdaf9a00eb852c9b7f4d123cc6d6	williamsimmonsjr.371@email.com	+6244259836409	customer
219	David Gutierrez	b041c0aeb35bb0fa4aa668ca5a920b590196fdaf9a00eb852c9b7f4d123cc6d6	davidgutierrez911@email.com	+6223215684538	customer
220	Mike Le	b041c0aeb35bb0fa4aa668ca5a920b590196fdaf9a00eb852c9b7f4d123cc6d6	mikele356@email.com	+6251419102414	customer
221	Alexis Ramirez	b041c0aeb35bb0fa4aa668ca5a920b590196fdaf9a00eb852c9b7f4d123cc6d6	alexisramirez895@email.com	+6238995040691	customer
222	Peter Mccarthy	b041c0aeb35bb0fa4aa668ca5a920b590196fdaf9a00eb852c9b7f4d123cc6d6	petermccarthy65@email.com	+6262340431164	customer
223	Diana Wheeler	b041c0aeb35bb0fa4aa668ca5a920b590196fdaf9a00eb852c9b7f4d123cc6d6	dianawheeler118@email.com	+6215247877995	customer
224	Vanessa Miller	b041c0aeb35bb0fa4aa668ca5a920b590196fdaf9a00eb852c9b7f4d123cc6d6	vanessamiller424@email.com	+6224062007972	customer
225	Lucas Bautista	b041c0aeb35bb0fa4aa668ca5a920b590196fdaf9a00eb852c9b7f4d123cc6d6	lucasbautista632@email.com	+6281506225043	customer
226	Stephanie Lewis	b041c0aeb35bb0fa4aa668ca5a920b590196fdaf9a00eb852c9b7f4d123cc6d6	stephanielewis677@email.com	+6291680440873	customer
227	Eric Wise	b041c0aeb35bb0fa4aa668ca5a920b590196fdaf9a00eb852c9b7f4d123cc6d6	ericwise241@email.com	+6297254966577	customer
228	Andrew Weaver	b041c0aeb35bb0fa4aa668ca5a920b590196fdaf9a00eb852c9b7f4d123cc6d6	andrewweaver287@email.com	+6210932090033	customer
229	Susan Merritt	b041c0aeb35bb0fa4aa668ca5a920b590196fdaf9a00eb852c9b7f4d123cc6d6	susanmerritt419@email.com	+6224234471683	customer
230	Carla Vasquez	b041c0aeb35bb0fa4aa668ca5a920b590196fdaf9a00eb852c9b7f4d123cc6d6	carlavasquez126@email.com	+6299183239145	customer
231	Angelica Armstrong	b041c0aeb35bb0fa4aa668ca5a920b590196fdaf9a00eb852c9b7f4d123cc6d6	angelicaarmstrong811@email.com	+6266567335491	customer
232	Jessica Roth	b041c0aeb35bb0fa4aa668ca5a920b590196fdaf9a00eb852c9b7f4d123cc6d6	jessicaroth796@email.com	+6216884849557	customer
233	Lisa Hughes	b041c0aeb35bb0fa4aa668ca5a920b590196fdaf9a00eb852c9b7f4d123cc6d6	lisahughes574@email.com	+6239358886149	customer
234	Margaret Anderson	b041c0aeb35bb0fa4aa668ca5a920b590196fdaf9a00eb852c9b7f4d123cc6d6	margaretanderson221@email.com	+6268078804548	customer
235	Maria Carney	b041c0aeb35bb0fa4aa668ca5a920b590196fdaf9a00eb852c9b7f4d123cc6d6	mariacarney164@email.com	+6225265783287	customer
236	Joshua Kennedy	b041c0aeb35bb0fa4aa668ca5a920b590196fdaf9a00eb852c9b7f4d123cc6d6	joshuakennedy478@email.com	+6243793343891	customer
237	Amanda Farley	b041c0aeb35bb0fa4aa668ca5a920b590196fdaf9a00eb852c9b7f4d123cc6d6	amandafarley771@email.com	+6276028463289	customer
238	Nicole Stevens	b041c0aeb35bb0fa4aa668ca5a920b590196fdaf9a00eb852c9b7f4d123cc6d6	nicolestevens579@email.com	+6244033910425	customer
239	Andrea Mcconnell	b041c0aeb35bb0fa4aa668ca5a920b590196fdaf9a00eb852c9b7f4d123cc6d6	andreamcconnell909@email.com	+6217028885619	customer
240	Robert Chang	b041c0aeb35bb0fa4aa668ca5a920b590196fdaf9a00eb852c9b7f4d123cc6d6	robertchang800@email.com	+6207529952254	customer
241	Angela Moreno	b041c0aeb35bb0fa4aa668ca5a920b590196fdaf9a00eb852c9b7f4d123cc6d6	angelamoreno992@email.com	+6200362444128	customer
242	Joe Cox	b041c0aeb35bb0fa4aa668ca5a920b590196fdaf9a00eb852c9b7f4d123cc6d6	joecox115@email.com	+6222149679265	customer
243	William Hughes	b041c0aeb35bb0fa4aa668ca5a920b590196fdaf9a00eb852c9b7f4d123cc6d6	williamhughes561@email.com	+6284323554938	customer
244	Kristina Soto	b041c0aeb35bb0fa4aa668ca5a920b590196fdaf9a00eb852c9b7f4d123cc6d6	kristinasoto923@email.com	+6241521262424	customer
245	Kristi Ross	b041c0aeb35bb0fa4aa668ca5a920b590196fdaf9a00eb852c9b7f4d123cc6d6	kristiross480@email.com	+6243513876026	customer
246	Crystal Le	b041c0aeb35bb0fa4aa668ca5a920b590196fdaf9a00eb852c9b7f4d123cc6d6	crystalle193@email.com	+6243943713769	customer
247	Joshua Wyatt	b041c0aeb35bb0fa4aa668ca5a920b590196fdaf9a00eb852c9b7f4d123cc6d6	joshuawyatt643@email.com	+6283474979724	customer
248	Sara Pace	b041c0aeb35bb0fa4aa668ca5a920b590196fdaf9a00eb852c9b7f4d123cc6d6	sarapace598@email.com	+6261577474497	customer
249	Jennifer Esparza	b041c0aeb35bb0fa4aa668ca5a920b590196fdaf9a00eb852c9b7f4d123cc6d6	jenniferesparza457@email.com	+6234656154692	customer
250	Amanda Bass	b041c0aeb35bb0fa4aa668ca5a920b590196fdaf9a00eb852c9b7f4d123cc6d6	amandabass466@email.com	+6233425990624	customer
251	Patrick Nolan	b041c0aeb35bb0fa4aa668ca5a920b590196fdaf9a00eb852c9b7f4d123cc6d6	patricknolan890@email.com	+6212505359521	customer
252	Mrs. Ashley Cook MD	b041c0aeb35bb0fa4aa668ca5a920b590196fdaf9a00eb852c9b7f4d123cc6d6	mrs.ashleycookmd569@email.com	+6277256919503	customer
253	Dustin Scott	b041c0aeb35bb0fa4aa668ca5a920b590196fdaf9a00eb852c9b7f4d123cc6d6	dustinscott8@email.com	+6236296841444	customer
254	Tyler Diaz	b041c0aeb35bb0fa4aa668ca5a920b590196fdaf9a00eb852c9b7f4d123cc6d6	tylerdiaz267@email.com	+6223382342175	customer
255	Pam Thompson	b041c0aeb35bb0fa4aa668ca5a920b590196fdaf9a00eb852c9b7f4d123cc6d6	pamthompson760@email.com	+6272922093614	customer
256	Jeremiah Hebert	b041c0aeb35bb0fa4aa668ca5a920b590196fdaf9a00eb852c9b7f4d123cc6d6	jeremiahhebert553@email.com	+6292691215379	customer
257	Ashley Shields	b041c0aeb35bb0fa4aa668ca5a920b590196fdaf9a00eb852c9b7f4d123cc6d6	ashleyshields978@email.com	+6237418607687	customer
258	Robert Gonzalez	b041c0aeb35bb0fa4aa668ca5a920b590196fdaf9a00eb852c9b7f4d123cc6d6	robertgonzalez868@email.com	+6240437533404	customer
259	Jesus Phillips	b041c0aeb35bb0fa4aa668ca5a920b590196fdaf9a00eb852c9b7f4d123cc6d6	jesusphillips874@email.com	+6269185508317	customer
260	William Rivas	b041c0aeb35bb0fa4aa668ca5a920b590196fdaf9a00eb852c9b7f4d123cc6d6	williamrivas772@email.com	+6295610178606	customer
261	Dawn Vazquez	b041c0aeb35bb0fa4aa668ca5a920b590196fdaf9a00eb852c9b7f4d123cc6d6	dawnvazquez317@email.com	+6251475751546	customer
262	Timothy Bryant	b041c0aeb35bb0fa4aa668ca5a920b590196fdaf9a00eb852c9b7f4d123cc6d6	timothybryant64@email.com	+6275684250078	customer
263	Jessica Vasquez	b041c0aeb35bb0fa4aa668ca5a920b590196fdaf9a00eb852c9b7f4d123cc6d6	jessicavasquez315@email.com	+6202435224855	customer
264	Justin Olson	b041c0aeb35bb0fa4aa668ca5a920b590196fdaf9a00eb852c9b7f4d123cc6d6	justinolson323@email.com	+6289231993694	customer
265	Lauren Moore	b041c0aeb35bb0fa4aa668ca5a920b590196fdaf9a00eb852c9b7f4d123cc6d6	laurenmoore149@email.com	+6276640966736	customer
266	Gerald Walker	b041c0aeb35bb0fa4aa668ca5a920b590196fdaf9a00eb852c9b7f4d123cc6d6	geraldwalker791@email.com	+6223250330828	customer
267	Cynthia Lowe	b041c0aeb35bb0fa4aa668ca5a920b590196fdaf9a00eb852c9b7f4d123cc6d6	cynthialowe344@email.com	+6281940950021	customer
268	Samantha Long	b041c0aeb35bb0fa4aa668ca5a920b590196fdaf9a00eb852c9b7f4d123cc6d6	samanthalong616@email.com	+6279154749152	customer
269	Cindy Myers	b041c0aeb35bb0fa4aa668ca5a920b590196fdaf9a00eb852c9b7f4d123cc6d6	cindymyers619@email.com	+6208020954864	customer
270	Robert Kaiser	b041c0aeb35bb0fa4aa668ca5a920b590196fdaf9a00eb852c9b7f4d123cc6d6	robertkaiser247@email.com	+6260372351333	customer
271	John Bailey	b041c0aeb35bb0fa4aa668ca5a920b590196fdaf9a00eb852c9b7f4d123cc6d6	johnbailey57@email.com	+6201740455464	customer
272	Andrew Washington	b041c0aeb35bb0fa4aa668ca5a920b590196fdaf9a00eb852c9b7f4d123cc6d6	andrewwashington338@email.com	+6216109597119	customer
273	Katie Wagner	b041c0aeb35bb0fa4aa668ca5a920b590196fdaf9a00eb852c9b7f4d123cc6d6	katiewagner442@email.com	+6220937458115	customer
274	Jordan Wagner	b041c0aeb35bb0fa4aa668ca5a920b590196fdaf9a00eb852c9b7f4d123cc6d6	jordanwagner432@email.com	+6228906401066	customer
275	Daniel Zamora	b041c0aeb35bb0fa4aa668ca5a920b590196fdaf9a00eb852c9b7f4d123cc6d6	danielzamora946@email.com	+6201934798118	customer
276	Mr. Joshua Zimmerman MD	b041c0aeb35bb0fa4aa668ca5a920b590196fdaf9a00eb852c9b7f4d123cc6d6	mr.joshuazimmermanmd134@email.com	+6252663126600	customer
277	Jose Fuentes	b041c0aeb35bb0fa4aa668ca5a920b590196fdaf9a00eb852c9b7f4d123cc6d6	josefuentes583@email.com	+6253289344540	customer
278	Mary Hawkins	b041c0aeb35bb0fa4aa668ca5a920b590196fdaf9a00eb852c9b7f4d123cc6d6	maryhawkins273@email.com	+6277396291632	customer
279	Shawn Fleming	b041c0aeb35bb0fa4aa668ca5a920b590196fdaf9a00eb852c9b7f4d123cc6d6	shawnfleming550@email.com	+6254973128625	customer
280	Scott Williams	b041c0aeb35bb0fa4aa668ca5a920b590196fdaf9a00eb852c9b7f4d123cc6d6	scottwilliams405@email.com	+6200991500254	customer
281	Jennifer Johnson	b041c0aeb35bb0fa4aa668ca5a920b590196fdaf9a00eb852c9b7f4d123cc6d6	jenniferjohnson832@email.com	+6279190507884	customer
282	Jennifer Montgomery	b041c0aeb35bb0fa4aa668ca5a920b590196fdaf9a00eb852c9b7f4d123cc6d6	jennifermontgomery512@email.com	+6260585432350	customer
283	Larry Galloway	b041c0aeb35bb0fa4aa668ca5a920b590196fdaf9a00eb852c9b7f4d123cc6d6	larrygalloway646@email.com	+6215768994621	customer
284	Lauren Stephens	b041c0aeb35bb0fa4aa668ca5a920b590196fdaf9a00eb852c9b7f4d123cc6d6	laurenstephens953@email.com	+6236525467514	customer
285	Laura Gonzales	b041c0aeb35bb0fa4aa668ca5a920b590196fdaf9a00eb852c9b7f4d123cc6d6	lauragonzales406@email.com	+6258206503813	customer
286	Brian Bailey	b041c0aeb35bb0fa4aa668ca5a920b590196fdaf9a00eb852c9b7f4d123cc6d6	brianbailey816@email.com	+6284565712879	customer
287	Joseph Roy	b041c0aeb35bb0fa4aa668ca5a920b590196fdaf9a00eb852c9b7f4d123cc6d6	josephroy557@email.com	+6297358423491	customer
288	Carmen Austin	b041c0aeb35bb0fa4aa668ca5a920b590196fdaf9a00eb852c9b7f4d123cc6d6	carmenaustin634@email.com	+6288995172647	customer
289	Kayla Smith	b041c0aeb35bb0fa4aa668ca5a920b590196fdaf9a00eb852c9b7f4d123cc6d6	kaylasmith95@email.com	+6225302876285	customer
290	Michelle Morton	b041c0aeb35bb0fa4aa668ca5a920b590196fdaf9a00eb852c9b7f4d123cc6d6	michellemorton827@email.com	+6229676640493	customer
291	Patrick Olson MD	b041c0aeb35bb0fa4aa668ca5a920b590196fdaf9a00eb852c9b7f4d123cc6d6	patrickolsonmd68@email.com	+6296042250535	customer
292	Timothy Stokes	b041c0aeb35bb0fa4aa668ca5a920b590196fdaf9a00eb852c9b7f4d123cc6d6	timothystokes910@email.com	+6255231085061	customer
293	Jesse Ruiz	b041c0aeb35bb0fa4aa668ca5a920b590196fdaf9a00eb852c9b7f4d123cc6d6	jesseruiz300@email.com	+6230497087651	customer
294	Michael Johnson	b041c0aeb35bb0fa4aa668ca5a920b590196fdaf9a00eb852c9b7f4d123cc6d6	michaeljohnson75@email.com	+6216796645466	customer
295	Jeanette Peters	b041c0aeb35bb0fa4aa668ca5a920b590196fdaf9a00eb852c9b7f4d123cc6d6	jeanettepeters246@email.com	+6217057401893	customer
296	Amanda Shepherd	b041c0aeb35bb0fa4aa668ca5a920b590196fdaf9a00eb852c9b7f4d123cc6d6	amandashepherd308@email.com	+6253707929588	customer
297	Karen Snyder	b041c0aeb35bb0fa4aa668ca5a920b590196fdaf9a00eb852c9b7f4d123cc6d6	karensnyder506@email.com	+6283923353446	customer
298	Lauren Holloway	b041c0aeb35bb0fa4aa668ca5a920b590196fdaf9a00eb852c9b7f4d123cc6d6	laurenholloway535@email.com	+6283310931603	customer
299	Tina Perkins	b041c0aeb35bb0fa4aa668ca5a920b590196fdaf9a00eb852c9b7f4d123cc6d6	tinaperkins159@email.com	+6265875238001	customer
300	Edward Torres	b041c0aeb35bb0fa4aa668ca5a920b590196fdaf9a00eb852c9b7f4d123cc6d6	edwardtorres868@email.com	+6265000993434	customer
301	Samantha Parks DDS	b041c0aeb35bb0fa4aa668ca5a920b590196fdaf9a00eb852c9b7f4d123cc6d6	samanthaparksdds373@email.com	+6281422639565	customer
302	Michael Allen	b041c0aeb35bb0fa4aa668ca5a920b590196fdaf9a00eb852c9b7f4d123cc6d6	michaelallen155@email.com	+6274909787663	customer
303	Katie Garcia	b041c0aeb35bb0fa4aa668ca5a920b590196fdaf9a00eb852c9b7f4d123cc6d6	katiegarcia720@email.com	+6224865413577	customer
304	Mr. Michael Jenkins	b041c0aeb35bb0fa4aa668ca5a920b590196fdaf9a00eb852c9b7f4d123cc6d6	mr.michaeljenkins811@email.com	+6227208029688	customer
305	Amanda Thomas MD	b041c0aeb35bb0fa4aa668ca5a920b590196fdaf9a00eb852c9b7f4d123cc6d6	amandathomasmd789@email.com	+6265864301507	customer
306	Samantha Whitney	b041c0aeb35bb0fa4aa668ca5a920b590196fdaf9a00eb852c9b7f4d123cc6d6	samanthawhitney219@email.com	+6230955386558	customer
307	Brittney Evans	b041c0aeb35bb0fa4aa668ca5a920b590196fdaf9a00eb852c9b7f4d123cc6d6	brittneyevans355@email.com	+6202324151310	customer
308	Sarah Bailey	b041c0aeb35bb0fa4aa668ca5a920b590196fdaf9a00eb852c9b7f4d123cc6d6	sarahbailey258@email.com	+6249406087265	customer
309	Theresa Cuevas	b041c0aeb35bb0fa4aa668ca5a920b590196fdaf9a00eb852c9b7f4d123cc6d6	theresacuevas380@email.com	+6205972454306	customer
310	Nancy Perez	b041c0aeb35bb0fa4aa668ca5a920b590196fdaf9a00eb852c9b7f4d123cc6d6	nancyperez537@email.com	+6221523547697	customer
311	Joshua Chen	b041c0aeb35bb0fa4aa668ca5a920b590196fdaf9a00eb852c9b7f4d123cc6d6	joshuachen427@email.com	+6200240881129	customer
312	Steven Carey	b041c0aeb35bb0fa4aa668ca5a920b590196fdaf9a00eb852c9b7f4d123cc6d6	stevencarey779@email.com	+6271499948444	customer
313	Mackenzie Wright	b041c0aeb35bb0fa4aa668ca5a920b590196fdaf9a00eb852c9b7f4d123cc6d6	mackenziewright514@email.com	+6299356640983	customer
314	Michael Vazquez	b041c0aeb35bb0fa4aa668ca5a920b590196fdaf9a00eb852c9b7f4d123cc6d6	michaelvazquez195@email.com	+6297108210819	customer
315	Tiffany Wood	b041c0aeb35bb0fa4aa668ca5a920b590196fdaf9a00eb852c9b7f4d123cc6d6	tiffanywood222@email.com	+6207914933830	customer
316	Michael Barrett Jr.	b041c0aeb35bb0fa4aa668ca5a920b590196fdaf9a00eb852c9b7f4d123cc6d6	michaelbarrettjr.654@email.com	+6298386943926	customer
317	Jesus Dorsey	b041c0aeb35bb0fa4aa668ca5a920b590196fdaf9a00eb852c9b7f4d123cc6d6	jesusdorsey877@email.com	+6299401801859	customer
318	Robert Sawyer	b041c0aeb35bb0fa4aa668ca5a920b590196fdaf9a00eb852c9b7f4d123cc6d6	robertsawyer636@email.com	+6270758833928	customer
319	Caleb Wells	b041c0aeb35bb0fa4aa668ca5a920b590196fdaf9a00eb852c9b7f4d123cc6d6	calebwells329@email.com	+6283479513018	customer
320	Mary Warner	b041c0aeb35bb0fa4aa668ca5a920b590196fdaf9a00eb852c9b7f4d123cc6d6	marywarner515@email.com	+6203082215786	customer
321	Jeffrey Barton	b041c0aeb35bb0fa4aa668ca5a920b590196fdaf9a00eb852c9b7f4d123cc6d6	jeffreybarton357@email.com	+6223167018916	customer
322	Andrew Allen	b041c0aeb35bb0fa4aa668ca5a920b590196fdaf9a00eb852c9b7f4d123cc6d6	andrewallen507@email.com	+6215698084323	customer
323	John Holmes	b041c0aeb35bb0fa4aa668ca5a920b590196fdaf9a00eb852c9b7f4d123cc6d6	johnholmes213@email.com	+6233563194679	customer
324	Daniel Lynn	b041c0aeb35bb0fa4aa668ca5a920b590196fdaf9a00eb852c9b7f4d123cc6d6	daniellynn512@email.com	+6223813970942	customer
325	Brian Newman	b041c0aeb35bb0fa4aa668ca5a920b590196fdaf9a00eb852c9b7f4d123cc6d6	briannewman109@email.com	+6212324990553	customer
326	James Williams	b041c0aeb35bb0fa4aa668ca5a920b590196fdaf9a00eb852c9b7f4d123cc6d6	jameswilliams301@email.com	+6293901914698	customer
327	Diane Henson	b041c0aeb35bb0fa4aa668ca5a920b590196fdaf9a00eb852c9b7f4d123cc6d6	dianehenson645@email.com	+6272066481850	customer
328	Deanna Goodman	b041c0aeb35bb0fa4aa668ca5a920b590196fdaf9a00eb852c9b7f4d123cc6d6	deannagoodman376@email.com	+6227321095711	customer
329	Diane Patrick	b041c0aeb35bb0fa4aa668ca5a920b590196fdaf9a00eb852c9b7f4d123cc6d6	dianepatrick803@email.com	+6258444804894	customer
330	Melissa Fowler	b041c0aeb35bb0fa4aa668ca5a920b590196fdaf9a00eb852c9b7f4d123cc6d6	melissafowler142@email.com	+6223313146068	customer
331	Mike Kirby	b041c0aeb35bb0fa4aa668ca5a920b590196fdaf9a00eb852c9b7f4d123cc6d6	mikekirby967@email.com	+6290915002010	customer
332	Sara Gentry	b041c0aeb35bb0fa4aa668ca5a920b590196fdaf9a00eb852c9b7f4d123cc6d6	saragentry432@email.com	+6214944578034	customer
333	Amber Chase	b041c0aeb35bb0fa4aa668ca5a920b590196fdaf9a00eb852c9b7f4d123cc6d6	amberchase343@email.com	+6227473708538	customer
334	Jacob Collins	b041c0aeb35bb0fa4aa668ca5a920b590196fdaf9a00eb852c9b7f4d123cc6d6	jacobcollins662@email.com	+6232426035127	customer
335	David Chan	b041c0aeb35bb0fa4aa668ca5a920b590196fdaf9a00eb852c9b7f4d123cc6d6	davidchan912@email.com	+6252754688509	customer
336	Troy Sullivan	b041c0aeb35bb0fa4aa668ca5a920b590196fdaf9a00eb852c9b7f4d123cc6d6	troysullivan646@email.com	+6286379059767	customer
337	Cindy Henderson	b041c0aeb35bb0fa4aa668ca5a920b590196fdaf9a00eb852c9b7f4d123cc6d6	cindyhenderson796@email.com	+6205731838384	customer
338	Alicia Ryan	b041c0aeb35bb0fa4aa668ca5a920b590196fdaf9a00eb852c9b7f4d123cc6d6	aliciaryan217@email.com	+6224568939149	customer
339	Christian Watson	b041c0aeb35bb0fa4aa668ca5a920b590196fdaf9a00eb852c9b7f4d123cc6d6	christianwatson339@email.com	+6230997752724	customer
340	Christopher Allen Jr.	b041c0aeb35bb0fa4aa668ca5a920b590196fdaf9a00eb852c9b7f4d123cc6d6	christopherallenjr.994@email.com	+6208959232220	customer
341	Madison Lawrence	b041c0aeb35bb0fa4aa668ca5a920b590196fdaf9a00eb852c9b7f4d123cc6d6	madisonlawrence785@email.com	+6210354657139	customer
342	Daniel Cooper	b041c0aeb35bb0fa4aa668ca5a920b590196fdaf9a00eb852c9b7f4d123cc6d6	danielcooper754@email.com	+6262609737367	customer
343	Michaela Cox	b041c0aeb35bb0fa4aa668ca5a920b590196fdaf9a00eb852c9b7f4d123cc6d6	michaelacox501@email.com	+6298387039495	customer
344	Bruce Colon	b041c0aeb35bb0fa4aa668ca5a920b590196fdaf9a00eb852c9b7f4d123cc6d6	brucecolon582@email.com	+6243743138099	customer
345	Eileen Anderson	b041c0aeb35bb0fa4aa668ca5a920b590196fdaf9a00eb852c9b7f4d123cc6d6	eileenanderson609@email.com	+6223256984454	customer
346	Christopher Ross	b041c0aeb35bb0fa4aa668ca5a920b590196fdaf9a00eb852c9b7f4d123cc6d6	christopherross260@email.com	+6282846821931	customer
347	Tanya Gross	b041c0aeb35bb0fa4aa668ca5a920b590196fdaf9a00eb852c9b7f4d123cc6d6	tanyagross247@email.com	+6269363443627	customer
348	Paige Bauer	b041c0aeb35bb0fa4aa668ca5a920b590196fdaf9a00eb852c9b7f4d123cc6d6	paigebauer275@email.com	+6201404686905	customer
349	Jason Salas	b041c0aeb35bb0fa4aa668ca5a920b590196fdaf9a00eb852c9b7f4d123cc6d6	jasonsalas833@email.com	+6243676410866	customer
350	Leslie Simmons	b041c0aeb35bb0fa4aa668ca5a920b590196fdaf9a00eb852c9b7f4d123cc6d6	lesliesimmons174@email.com	+6299835505559	customer
351	Justin Barnett	b041c0aeb35bb0fa4aa668ca5a920b590196fdaf9a00eb852c9b7f4d123cc6d6	justinbarnett867@email.com	+6268820523683	customer
352	Christopher Taylor	b041c0aeb35bb0fa4aa668ca5a920b590196fdaf9a00eb852c9b7f4d123cc6d6	christophertaylor556@email.com	+6263423033754	customer
353	Sean Stone	b041c0aeb35bb0fa4aa668ca5a920b590196fdaf9a00eb852c9b7f4d123cc6d6	seanstone800@email.com	+6253820792677	customer
354	Dustin Copeland	b041c0aeb35bb0fa4aa668ca5a920b590196fdaf9a00eb852c9b7f4d123cc6d6	dustincopeland852@email.com	+6233149713785	customer
355	Jessica Sutton	b041c0aeb35bb0fa4aa668ca5a920b590196fdaf9a00eb852c9b7f4d123cc6d6	jessicasutton166@email.com	+6273265511168	customer
356	Joseph Johnson	b041c0aeb35bb0fa4aa668ca5a920b590196fdaf9a00eb852c9b7f4d123cc6d6	josephjohnson24@email.com	+6212259605940	customer
357	Doris Harris	b041c0aeb35bb0fa4aa668ca5a920b590196fdaf9a00eb852c9b7f4d123cc6d6	dorisharris680@email.com	+6299881647558	customer
358	Lawrence Hall	b041c0aeb35bb0fa4aa668ca5a920b590196fdaf9a00eb852c9b7f4d123cc6d6	lawrencehall316@email.com	+6280419188372	customer
359	Robert Hall	b041c0aeb35bb0fa4aa668ca5a920b590196fdaf9a00eb852c9b7f4d123cc6d6	roberthall109@email.com	+6284078807026	customer
360	Jose Johnson	b041c0aeb35bb0fa4aa668ca5a920b590196fdaf9a00eb852c9b7f4d123cc6d6	josejohnson66@email.com	+6223543565389	customer
361	Sharon Obrien	b041c0aeb35bb0fa4aa668ca5a920b590196fdaf9a00eb852c9b7f4d123cc6d6	sharonobrien731@email.com	+6278588070550	customer
362	Matthew Neal	b041c0aeb35bb0fa4aa668ca5a920b590196fdaf9a00eb852c9b7f4d123cc6d6	matthewneal819@email.com	+6208343183198	customer
363	Denise Shah	b041c0aeb35bb0fa4aa668ca5a920b590196fdaf9a00eb852c9b7f4d123cc6d6	deniseshah726@email.com	+6247938527271	customer
364	Ana Potter	b041c0aeb35bb0fa4aa668ca5a920b590196fdaf9a00eb852c9b7f4d123cc6d6	anapotter48@email.com	+6298851131075	customer
365	Douglas Myers	b041c0aeb35bb0fa4aa668ca5a920b590196fdaf9a00eb852c9b7f4d123cc6d6	douglasmyers157@email.com	+6244807751533	customer
366	Valerie Castillo	b041c0aeb35bb0fa4aa668ca5a920b590196fdaf9a00eb852c9b7f4d123cc6d6	valeriecastillo509@email.com	+6284317974853	customer
367	Elizabeth Lee	b041c0aeb35bb0fa4aa668ca5a920b590196fdaf9a00eb852c9b7f4d123cc6d6	elizabethlee470@email.com	+6238552203590	customer
368	Natasha Cardenas	b041c0aeb35bb0fa4aa668ca5a920b590196fdaf9a00eb852c9b7f4d123cc6d6	natashacardenas752@email.com	+6289299515283	customer
369	Tyler Miller	b041c0aeb35bb0fa4aa668ca5a920b590196fdaf9a00eb852c9b7f4d123cc6d6	tylermiller992@email.com	+6214545883378	customer
370	Cody Joseph	b041c0aeb35bb0fa4aa668ca5a920b590196fdaf9a00eb852c9b7f4d123cc6d6	codyjoseph493@email.com	+6204369641183	customer
371	Sandy May	b041c0aeb35bb0fa4aa668ca5a920b590196fdaf9a00eb852c9b7f4d123cc6d6	sandymay439@email.com	+6221191732832	customer
372	Madison Walker	b041c0aeb35bb0fa4aa668ca5a920b590196fdaf9a00eb852c9b7f4d123cc6d6	madisonwalker997@email.com	+6276962382481	customer
373	Bridget Garcia	b041c0aeb35bb0fa4aa668ca5a920b590196fdaf9a00eb852c9b7f4d123cc6d6	bridgetgarcia726@email.com	+6282139670389	customer
374	Gail Robinson	b041c0aeb35bb0fa4aa668ca5a920b590196fdaf9a00eb852c9b7f4d123cc6d6	gailrobinson315@email.com	+6217797649572	customer
375	Steven Flynn	b041c0aeb35bb0fa4aa668ca5a920b590196fdaf9a00eb852c9b7f4d123cc6d6	stevenflynn836@email.com	+6221102666772	customer
376	Michael Bates	b041c0aeb35bb0fa4aa668ca5a920b590196fdaf9a00eb852c9b7f4d123cc6d6	michaelbates305@email.com	+6222209114766	customer
377	George Macias	b041c0aeb35bb0fa4aa668ca5a920b590196fdaf9a00eb852c9b7f4d123cc6d6	georgemacias405@email.com	+6213424963466	customer
378	James Martin	b041c0aeb35bb0fa4aa668ca5a920b590196fdaf9a00eb852c9b7f4d123cc6d6	jamesmartin634@email.com	+6284431743033	customer
379	Courtney Jackson	b041c0aeb35bb0fa4aa668ca5a920b590196fdaf9a00eb852c9b7f4d123cc6d6	courtneyjackson747@email.com	+6283676534203	customer
380	Shawn Gibbs	b041c0aeb35bb0fa4aa668ca5a920b590196fdaf9a00eb852c9b7f4d123cc6d6	shawngibbs542@email.com	+6289735007391	customer
381	Donald Stanley	b041c0aeb35bb0fa4aa668ca5a920b590196fdaf9a00eb852c9b7f4d123cc6d6	donaldstanley572@email.com	+6221390331940	customer
382	Nathaniel Wade	b041c0aeb35bb0fa4aa668ca5a920b590196fdaf9a00eb852c9b7f4d123cc6d6	nathanielwade118@email.com	+6297302757884	customer
383	Joshua Mcclain	b041c0aeb35bb0fa4aa668ca5a920b590196fdaf9a00eb852c9b7f4d123cc6d6	joshuamcclain924@email.com	+6205102421920	customer
384	Ryan Hoffman	b041c0aeb35bb0fa4aa668ca5a920b590196fdaf9a00eb852c9b7f4d123cc6d6	ryanhoffman180@email.com	+6247835362896	customer
385	Tracy Williams	b041c0aeb35bb0fa4aa668ca5a920b590196fdaf9a00eb852c9b7f4d123cc6d6	tracywilliams833@email.com	+6292298507499	customer
386	Daniel Villa	b041c0aeb35bb0fa4aa668ca5a920b590196fdaf9a00eb852c9b7f4d123cc6d6	danielvilla284@email.com	+6225189259212	customer
387	Patricia Montgomery	b041c0aeb35bb0fa4aa668ca5a920b590196fdaf9a00eb852c9b7f4d123cc6d6	patriciamontgomery308@email.com	+6289411996170	customer
388	Brian Patterson	b041c0aeb35bb0fa4aa668ca5a920b590196fdaf9a00eb852c9b7f4d123cc6d6	brianpatterson236@email.com	+6232568001648	customer
389	Justin Moss	b041c0aeb35bb0fa4aa668ca5a920b590196fdaf9a00eb852c9b7f4d123cc6d6	justinmoss863@email.com	+6274128103938	customer
390	Steven Richards	b041c0aeb35bb0fa4aa668ca5a920b590196fdaf9a00eb852c9b7f4d123cc6d6	stevenrichards434@email.com	+6252632899493	customer
391	Allison Peterson	b041c0aeb35bb0fa4aa668ca5a920b590196fdaf9a00eb852c9b7f4d123cc6d6	allisonpeterson856@email.com	+6222779360132	customer
392	Shane Clark	b041c0aeb35bb0fa4aa668ca5a920b590196fdaf9a00eb852c9b7f4d123cc6d6	shaneclark894@email.com	+6284999625496	customer
393	John Grimes	b041c0aeb35bb0fa4aa668ca5a920b590196fdaf9a00eb852c9b7f4d123cc6d6	johngrimes826@email.com	+6236688374321	customer
394	Katie Carter	b041c0aeb35bb0fa4aa668ca5a920b590196fdaf9a00eb852c9b7f4d123cc6d6	katiecarter776@email.com	+6228131321153	customer
395	Veronica Murray	b041c0aeb35bb0fa4aa668ca5a920b590196fdaf9a00eb852c9b7f4d123cc6d6	veronicamurray968@email.com	+6279620091438	customer
396	Brittany Cobb	b041c0aeb35bb0fa4aa668ca5a920b590196fdaf9a00eb852c9b7f4d123cc6d6	brittanycobb680@email.com	+6274268824466	customer
397	David Sims	b041c0aeb35bb0fa4aa668ca5a920b590196fdaf9a00eb852c9b7f4d123cc6d6	davidsims446@email.com	+6233720334331	customer
398	David Bell Jr.	b041c0aeb35bb0fa4aa668ca5a920b590196fdaf9a00eb852c9b7f4d123cc6d6	davidbelljr.405@email.com	+6221905153787	customer
399	Terry Davis	b041c0aeb35bb0fa4aa668ca5a920b590196fdaf9a00eb852c9b7f4d123cc6d6	terrydavis611@email.com	+6264550105678	customer
400	Katherine Rios	b041c0aeb35bb0fa4aa668ca5a920b590196fdaf9a00eb852c9b7f4d123cc6d6	katherinerios709@email.com	+6202430467945	customer
\.


--
-- Data for Name: vouchers; Type: TABLE DATA; Schema: public; Owner: postgres
--

COPY public.vouchers (voucher_id, payment_id, customer_id, discount, expired_at, used) FROM stdin;
1	576	6	50	2025-10-07 16:37:48	t
2	377	6	20	2025-01-05 19:52:54	t
3	239	6	10	2025-05-15 15:12:23	t
4	64	6	15	2025-07-31 01:34:35	t
5	204	6	25	2024-09-19 23:00:18	t
6	346	7	30	2024-06-18 18:02:13	f
7	20	7	50	2024-10-17 19:34:25	f
8	326	7	40	2024-10-23 05:15:12	t
9	746	8	15	2025-01-24 16:36:17	t
10	699	8	10	2025-09-11 02:25:54	f
11	484	8	25	2025-06-08 07:17:44	f
12	713	8	5	2024-12-07 09:35:43	f
13	283	9	20	2025-04-26 12:42:55	f
14	371	9	30	2025-11-23 21:25:54	t
15	674	9	15	2025-04-12 11:01:46	f
16	573	9	20	2025-11-03 01:48:57	t
17	500	10	50	2025-10-17 10:15:26	t
18	41	11	5	2025-01-15 08:31:50	t
19	13	11	50	2025-02-08 09:12:31	t
20	140	12	10	2025-07-15 15:06:00	t
21	683	12	50	2024-12-18 10:24:23	f
22	61	12	5	2025-07-23 18:26:25	t
23	342	13	15	2024-11-20 12:15:18	t
24	380	13	20	2025-07-28 12:02:39	f
25	243	14	40	2025-06-08 16:21:46	t
26	564	14	25	2025-05-15 11:36:34	t
27	661	14	20	2025-09-29 09:28:12	t
28	497	14	30	2025-06-22 23:33:17	f
29	190	14	10	2024-06-05 06:41:00	f
30	216	15	20	2024-06-10 02:20:09	t
31	566	15	30	2024-12-04 23:21:34	t
32	757	16	10	2024-06-21 03:21:59	f
33	167	16	5	2025-08-22 19:58:45	t
34	256	17	35	2025-09-20 08:28:11	f
35	242	17	40	2024-10-17 14:54:13	f
36	273	17	5	2024-06-05 15:25:58	f
37	725	17	25	2024-10-05 01:48:44	t
38	527	18	30	2025-05-13 13:43:55	f
39	252	18	15	2024-05-17 19:18:24	t
40	322	18	10	2024-08-08 19:46:14	t
41	222	19	10	2025-04-20 01:42:15	t
42	103	20	20	2024-12-10 09:16:52	t
43	344	21	30	2024-11-03 13:10:21	f
44	178	21	40	2025-10-12 01:10:42	f
45	700	22	50	2024-11-08 19:46:48	f
46	89	22	10	2025-02-18 17:13:17	f
47	445	23	15	2025-12-01 02:02:57	t
48	591	24	25	2025-05-11 01:11:36	t
49	260	25	30	2025-05-15 05:37:45	t
50	635	25	10	2024-10-26 16:42:23	f
51	570	25	15	2024-11-03 10:32:12	f
52	308	25	25	2024-05-22 15:05:46	t
53	66	26	25	2024-06-03 05:01:09	t
54	258	26	15	2024-06-13 15:40:24	t
55	443	27	35	2024-09-22 04:11:58	t
56	428	28	5	2025-11-05 21:14:54	f
57	138	29	30	2024-06-06 23:05:04	t
58	618	29	20	2024-06-16 11:05:11	f
59	627	29	15	2025-09-19 06:08:31	f
60	262	29	15	2024-09-03 16:51:09	t
61	637	29	35	2025-10-02 20:59:44	t
62	30	30	25	2025-06-12 11:48:38	t
63	793	31	15	2024-10-02 12:11:10	t
64	630	31	35	2025-07-05 12:04:01	t
65	132	32	40	2025-10-27 04:02:53	t
66	355	32	50	2025-11-20 16:49:55	t
67	562	33	5	2025-10-21 01:31:34	t
68	496	33	20	2025-12-04 09:59:02	f
69	742	33	20	2024-08-01 00:15:56	t
70	327	34	10	2025-01-10 19:10:35	f
71	157	34	50	2025-03-08 02:14:55	t
72	96	34	35	2025-02-12 12:55:00	f
73	599	34	20	2024-09-16 08:51:27	f
74	104	35	30	2024-08-02 21:08:37	f
75	161	36	35	2025-06-15 13:59:36	f
76	772	37	40	2025-05-26 15:43:32	f
77	140	37	5	2024-05-27 03:29:28	t
78	228	37	10	2024-06-04 08:49:11	f
79	157	37	10	2024-08-30 17:45:50	f
80	382	37	25	2024-08-16 13:32:42	t
81	197	38	15	2025-01-13 12:41:39	t
82	369	38	10	2024-12-20 04:15:41	f
83	235	38	30	2025-06-18 05:41:21	t
84	184	39	20	2025-01-22 07:04:57	f
85	550	39	20	2025-04-26 12:37:34	f
86	765	39	30	2024-04-29 14:11:18	t
87	109	39	15	2025-01-27 10:16:26	t
88	442	40	40	2024-11-09 18:11:40	f
89	437	40	20	2024-09-16 18:30:55	t
90	800	40	25	2025-09-02 02:33:22	t
91	29	41	35	2025-10-31 12:08:59	f
92	362	41	5	2025-09-01 23:26:51	f
93	386	41	10	2024-07-12 21:45:37	t
94	619	41	5	2025-06-28 23:29:33	t
95	773	42	50	2025-09-10 23:22:40	t
96	222	43	25	2025-08-09 08:49:39	t
97	110	44	50	2025-01-31 16:51:49	t
98	83	44	15	2025-11-15 03:43:47	t
99	798	44	10	2024-05-11 20:16:11	f
100	56	44	25	2025-09-29 06:36:20	t
101	524	45	10	2025-01-09 22:49:44	t
102	71	45	40	2024-05-11 13:07:51	f
103	140	45	10	2025-09-18 14:16:43	f
104	516	45	10	2024-11-18 20:37:56	f
105	219	46	10	2025-02-23 09:40:45	t
106	11	46	25	2025-03-02 13:30:01	f
107	242	46	40	2024-05-29 06:41:14	f
108	526	47	50	2025-01-22 04:24:04	f
109	53	47	25	2025-05-02 20:55:07	t
110	214	47	5	2024-10-26 04:56:22	f
111	166	47	5	2025-01-03 16:17:43	t
112	187	48	35	2025-01-16 08:32:10	f
113	494	48	40	2025-01-03 16:58:12	f
114	651	48	25	2025-07-21 18:44:36	f
115	408	49	20	2025-09-12 07:53:44	t
116	649	49	40	2024-07-27 04:11:06	t
117	587	50	10	2024-08-29 14:33:14	f
118	382	50	15	2024-04-30 10:09:57	t
119	669	50	5	2025-05-19 22:32:09	t
120	742	51	50	2025-02-19 15:30:29	t
121	119	52	30	2025-09-21 11:33:28	t
122	320	52	35	2025-08-21 11:52:01	t
123	228	52	10	2024-08-09 22:49:27	t
124	99	52	25	2025-04-22 18:52:58	t
125	736	52	30	2024-06-17 04:18:56	f
126	156	53	25	2025-02-09 23:49:29	t
127	594	53	15	2025-04-14 10:42:59	f
128	433	53	20	2024-11-10 14:45:20	t
129	128	53	5	2024-07-10 02:43:07	f
130	775	53	35	2025-03-04 10:17:10	t
131	341	54	25	2025-05-22 16:57:12	t
132	658	54	15	2025-07-11 07:22:53	f
133	349	54	10	2025-03-29 02:22:24	t
134	349	54	15	2025-04-25 21:03:41	t
135	503	55	20	2024-06-28 23:02:38	t
136	615	56	40	2025-07-01 05:50:23	f
137	752	56	35	2024-11-05 12:19:51	t
138	151	56	10	2024-12-14 13:36:22	t
139	581	57	30	2025-08-06 00:32:56	t
140	335	57	40	2025-11-05 09:08:34	f
141	681	57	30	2024-09-04 20:50:08	f
142	281	58	10	2025-11-28 08:29:27	f
143	718	58	30	2025-09-01 07:50:34	t
144	81	58	50	2024-11-16 22:33:36	f
145	469	58	20	2024-06-28 23:02:58	t
146	192	59	50	2024-10-02 15:17:01	t
147	273	59	50	2025-04-18 10:53:41	t
148	174	59	30	2024-08-13 20:42:27	f
149	159	59	40	2025-02-23 12:38:45	t
150	562	60	40	2025-08-26 10:19:29	f
151	142	61	40	2024-05-15 14:11:28	f
152	275	61	5	2025-07-25 15:12:46	t
153	746	62	30	2025-03-10 08:11:15	t
154	50	62	30	2025-07-26 02:17:30	t
155	196	63	30	2025-06-05 14:19:29	f
156	122	63	50	2025-08-04 05:44:43	f
157	157	63	50	2025-06-25 10:36:55	f
158	88	63	35	2025-09-16 04:51:19	t
159	161	64	20	2025-02-22 11:34:25	t
160	687	64	15	2024-09-14 03:36:37	t
161	431	64	40	2025-10-04 12:22:19	f
162	472	64	35	2025-10-20 20:59:42	f
163	607	64	35	2025-08-15 08:50:22	f
164	330	65	30	2025-05-13 06:31:47	t
165	168	65	25	2025-09-22 16:12:06	f
166	576	66	25	2024-08-13 23:13:17	t
167	632	67	10	2024-11-30 18:06:10	t
168	529	67	50	2024-12-18 01:32:15	t
169	702	68	15	2024-11-17 09:48:58	t
170	756	68	25	2025-01-06 12:50:02	f
171	26	68	15	2025-01-11 01:44:14	t
172	182	69	35	2025-08-18 06:56:21	t
173	324	69	50	2025-08-27 22:13:32	f
174	494	69	25	2025-11-18 07:26:26	f
175	375	69	50	2024-05-18 23:29:14	f
176	798	69	5	2025-12-05 20:28:15	t
177	632	70	5	2025-07-15 08:45:36	t
178	154	71	30	2025-01-21 04:17:26	t
179	543	71	15	2024-11-03 22:52:45	t
180	269	71	30	2024-11-17 09:01:38	t
181	140	72	50	2024-08-05 11:43:34	f
182	181	72	5	2025-11-12 08:32:23	f
183	132	72	25	2025-09-28 00:32:41	f
184	30	72	5	2025-05-01 08:58:27	t
185	134	72	50	2024-07-29 08:30:21	t
186	746	73	15	2025-07-16 02:45:52	t
187	689	74	10	2025-03-01 20:25:53	f
188	493	75	10	2024-05-21 09:38:00	t
189	242	75	25	2024-05-05 07:43:55	t
190	422	75	15	2024-07-24 22:24:08	t
191	132	75	15	2025-04-12 11:57:56	t
192	626	76	25	2025-11-23 07:17:00	t
193	327	77	15	2025-01-24 10:13:59	f
194	187	77	25	2025-07-05 13:07:45	f
195	794	78	35	2025-04-05 19:24:32	f
196	405	78	20	2024-08-08 04:16:56	t
197	237	78	25	2024-09-14 20:12:22	t
198	639	78	35	2025-08-21 23:10:46	t
199	474	78	25	2025-10-03 10:22:50	f
200	593	79	10	2025-10-20 16:41:28	f
201	210	79	30	2025-02-01 10:51:16	t
202	235	80	40	2024-10-21 17:46:58	f
203	559	80	20	2025-03-29 15:45:27	t
204	415	81	15	2024-08-09 08:45:49	f
205	448	82	35	2025-04-13 18:31:14	f
206	283	82	15	2025-07-14 00:17:48	t
207	575	82	10	2024-06-25 17:33:18	t
208	425	83	50	2024-08-20 23:47:16	f
209	637	83	30	2024-11-14 14:10:40	t
210	499	84	40	2024-07-23 02:10:15	t
211	268	84	30	2025-06-24 23:28:08	f
212	656	85	10	2025-09-17 16:10:41	f
213	486	85	50	2024-08-11 13:47:22	t
214	549	86	15	2025-01-03 18:34:08	t
215	575	86	25	2025-10-30 23:39:36	f
216	500	86	30	2025-06-08 13:59:38	f
217	332	86	50	2025-05-05 07:34:56	t
218	734	86	40	2025-05-31 19:47:48	f
219	504	87	15	2025-03-22 02:33:15	t
220	122	87	20	2025-09-05 12:39:22	t
221	628	87	35	2025-08-03 17:38:57	t
222	609	87	40	2025-02-20 06:30:37	t
223	375	88	20	2025-12-08 12:35:32	f
224	249	89	40	2025-07-17 12:13:09	t
225	496	89	15	2025-11-12 07:59:02	f
226	238	89	15	2025-10-23 04:26:12	t
227	155	89	35	2025-03-09 19:07:47	t
228	665	89	25	2025-11-27 15:33:38	f
229	333	90	40	2024-05-13 05:12:24	f
230	129	90	20	2025-07-18 13:52:09	f
231	252	90	30	2025-09-03 07:09:04	f
232	303	90	30	2025-06-04 06:52:34	t
233	762	90	35	2024-06-13 05:01:23	t
234	615	91	15	2025-09-07 09:02:23	t
235	605	91	40	2025-11-24 16:18:18	f
236	589	92	5	2025-06-27 13:04:15	t
237	555	92	30	2025-12-06 21:49:03	f
238	280	92	10	2025-01-12 06:17:27	t
239	724	92	20	2025-06-27 15:06:47	t
240	487	93	50	2025-01-24 18:38:09	f
241	252	93	40	2025-01-12 04:17:44	t
242	405	94	30	2025-03-17 03:37:51	f
243	171	95	20	2025-07-03 14:46:56	t
244	355	96	20	2024-09-20 13:54:42	t
245	507	96	35	2025-04-16 15:17:00	t
246	445	97	25	2024-05-14 16:41:13	t
247	441	97	40	2025-03-03 05:01:15	f
248	260	97	5	2024-09-07 23:25:38	t
249	479	97	25	2024-07-11 10:30:23	t
250	224	98	20	2024-12-03 10:52:13	t
251	46	98	10	2025-01-21 00:43:36	f
252	127	98	5	2025-11-17 08:12:24	f
253	51	98	50	2025-03-22 16:27:13	f
254	241	98	5	2024-12-09 18:52:17	f
255	319	99	15	2024-12-06 12:38:33	t
256	604	100	5	2024-12-27 20:29:46	f
257	360	100	10	2024-08-16 01:33:40	f
258	316	100	10	2025-11-20 21:39:14	t
259	101	100	30	2024-10-06 12:29:41	f
260	130	101	10	2024-07-23 02:57:36	t
261	370	101	20	2024-10-14 06:30:22	t
262	349	101	40	2025-01-17 23:24:35	t
263	521	101	40	2025-02-27 18:19:30	t
264	254	102	35	2024-08-22 22:15:34	t
265	472	102	25	2024-06-02 15:50:45	f
266	55	102	20	2024-10-15 11:21:10	f
267	773	103	10	2024-11-30 08:40:41	f
268	770	104	50	2025-05-07 00:45:52	t
269	481	104	10	2024-07-18 12:41:19	t
270	550	104	30	2025-06-10 08:35:51	f
271	800	104	30	2025-02-21 21:03:34	f
272	500	105	35	2025-07-07 11:59:44	t
273	770	105	35	2025-05-16 02:25:55	f
274	506	105	50	2025-09-29 20:44:48	f
275	75	105	10	2025-12-05 05:55:20	f
276	39	106	35	2024-09-12 02:11:15	t
277	451	106	25	2025-02-12 15:06:02	t
278	499	106	30	2025-07-16 07:49:50	t
279	475	107	25	2024-08-07 01:03:12	t
280	368	107	10	2025-02-02 07:15:48	t
281	537	108	30	2024-10-15 01:36:36	t
282	5	108	10	2024-10-02 13:32:12	f
283	571	108	50	2024-09-15 16:16:23	f
284	742	108	20	2024-08-07 14:52:18	t
285	124	108	35	2025-06-24 08:58:06	f
286	562	109	5	2025-08-29 05:46:58	f
287	586	110	50	2024-11-10 16:26:15	f
288	160	110	20	2024-10-27 02:25:13	f
289	530	110	5	2025-03-29 00:56:23	t
290	400	110	25	2024-07-03 19:03:36	t
291	196	111	10	2025-02-10 12:31:49	t
292	789	111	5	2025-05-17 00:57:10	f
293	230	112	30	2025-01-06 02:33:47	t
294	761	113	25	2024-07-20 11:57:11	t
295	1	113	20	2024-07-03 18:09:05	f
296	123	113	50	2024-09-22 22:01:55	t
297	205	113	40	2024-06-13 13:09:14	t
298	636	113	15	2024-08-28 20:19:24	f
299	597	114	5	2025-05-30 19:21:20	t
300	657	114	20	2024-09-13 23:47:11	f
301	256	115	15	2025-10-13 06:07:10	t
302	707	115	20	2024-06-09 20:53:12	f
303	701	115	15	2025-11-25 15:54:16	t
304	569	115	15	2024-06-21 23:20:36	f
305	142	115	50	2025-05-14 02:31:59	f
306	124	116	5	2024-06-04 19:30:40	f
307	330	117	30	2025-08-30 05:52:42	t
308	119	117	20	2024-11-20 18:37:31	t
309	174	117	10	2024-09-15 06:35:45	t
310	775	117	35	2024-08-05 13:23:50	t
311	620	117	5	2025-03-01 16:05:04	t
312	214	118	30	2025-03-02 21:19:06	f
313	759	118	5	2024-11-24 10:03:32	t
314	141	118	35	2024-12-11 18:01:52	t
315	247	118	35	2025-02-28 02:41:04	t
316	76	119	5	2025-02-21 20:44:30	f
317	337	119	20	2024-07-22 12:37:10	f
318	581	119	35	2024-11-11 09:20:49	t
319	696	119	40	2025-06-20 07:14:08	t
320	716	120	5	2025-06-20 00:11:59	f
321	254	120	15	2025-08-28 08:51:56	t
322	41	120	40	2024-06-23 21:25:08	t
323	603	120	40	2025-06-12 06:24:20	t
324	632	120	35	2025-02-12 22:28:13	t
325	531	121	10	2025-11-19 07:49:51	t
326	88	121	35	2025-09-13 12:09:37	f
327	262	122	40	2025-02-06 05:58:15	t
328	191	122	10	2024-04-30 09:12:25	t
329	736	122	40	2025-06-04 22:47:45	t
330	52	123	5	2025-10-28 11:08:10	f
331	127	123	25	2025-10-26 22:51:22	f
332	314	123	35	2025-07-15 13:44:43	f
333	356	123	50	2024-09-13 12:13:10	t
334	329	124	50	2024-11-22 14:35:10	t
335	496	124	40	2024-11-07 06:32:51	t
336	486	124	15	2025-02-20 14:55:13	t
337	88	125	35	2025-01-12 07:32:39	t
338	722	125	50	2024-11-16 09:46:48	f
339	241	125	35	2025-05-25 04:13:58	f
340	383	125	10	2025-07-12 16:27:31	t
341	682	125	5	2025-08-31 08:05:02	f
342	731	126	20	2025-08-05 20:36:04	f
343	375	126	40	2025-11-20 10:51:39	f
344	265	127	50	2025-04-22 13:18:34	t
345	663	127	40	2024-05-22 19:06:49	f
346	791	127	5	2025-07-26 19:00:52	f
347	509	127	40	2025-09-13 14:56:31	t
348	577	128	30	2025-01-04 06:59:15	f
349	350	129	10	2024-12-25 10:37:11	t
350	572	129	30	2024-08-23 10:49:49	t
351	593	129	50	2025-07-14 03:01:15	t
352	710	129	40	2025-04-10 20:16:58	t
353	544	130	40	2025-05-23 13:29:38	f
354	81	130	50	2025-01-07 00:09:27	f
355	763	130	35	2025-06-20 03:31:47	f
356	10	130	30	2024-08-09 14:19:06	f
357	680	131	40	2025-02-26 02:12:21	t
358	417	131	15	2024-08-24 14:10:56	t
359	462	132	20	2024-12-10 17:10:33	t
360	599	132	20	2024-09-06 20:52:45	t
361	258	132	20	2024-10-16 04:01:16	t
362	448	132	10	2024-07-29 18:49:27	f
363	206	132	5	2025-12-07 16:44:57	t
364	585	133	35	2024-08-21 05:50:57	t
365	11	133	50	2025-06-11 02:34:02	t
366	369	134	5	2025-08-20 21:43:56	t
367	794	135	10	2025-05-29 04:44:01	t
368	172	136	20	2024-10-16 03:03:35	t
369	44	136	50	2025-11-30 12:43:57	t
370	374	136	40	2025-08-07 18:27:57	f
371	604	136	50	2024-04-29 18:01:26	t
372	733	136	40	2025-03-13 14:07:03	t
373	572	137	20	2025-10-25 05:09:01	f
374	760	137	50	2024-05-29 20:04:19	t
375	248	137	5	2025-05-03 16:16:19	f
376	351	138	20	2024-12-02 15:01:57	t
377	284	138	5	2024-05-22 12:16:00	t
378	33	139	30	2025-05-16 08:49:20	t
379	605	139	15	2024-08-07 19:23:24	t
380	592	139	50	2024-06-21 08:09:55	f
381	694	140	30	2025-09-23 11:07:11	f
382	100	140	25	2025-02-27 03:53:46	f
383	747	140	40	2025-06-15 17:07:14	f
384	366	141	30	2024-05-14 21:27:49	t
385	417	141	35	2025-06-19 19:43:57	t
386	764	142	10	2024-06-18 06:59:45	f
387	381	142	25	2025-05-29 09:50:40	t
388	738	142	25	2024-06-24 12:37:28	f
389	599	142	20	2025-08-22 16:27:21	t
390	30	142	15	2024-12-31 02:32:05	f
391	365	143	20	2025-09-09 20:45:33	f
392	384	143	20	2025-01-28 11:43:46	t
393	688	143	15	2024-06-22 18:30:37	f
394	268	144	15	2024-04-29 19:27:49	t
395	752	144	50	2025-01-23 20:40:58	t
396	794	145	25	2025-09-18 00:57:18	f
397	786	145	20	2025-10-30 09:24:33	t
398	491	145	10	2024-05-14 10:36:19	f
399	502	145	10	2025-09-23 12:23:11	f
400	98	145	15	2024-07-26 18:05:11	f
401	711	146	50	2024-06-16 12:18:12	f
402	522	147	5	2024-05-09 02:59:02	t
403	38	147	15	2025-06-18 20:18:26	f
404	140	147	5	2024-09-10 06:58:03	t
405	410	147	5	2025-10-08 20:39:36	f
406	117	148	5	2025-09-03 20:02:39	t
407	385	149	5	2025-08-31 15:36:19	f
408	223	149	10	2025-11-16 12:28:58	t
409	279	149	5	2024-12-13 18:49:24	f
410	184	150	50	2025-01-06 20:09:27	f
411	372	150	5	2025-12-04 16:06:42	t
412	731	150	15	2025-12-04 09:52:31	f
413	431	151	15	2025-11-15 06:09:21	f
414	782	152	50	2025-05-15 07:41:09	f
415	604	152	30	2025-08-18 11:59:14	t
416	216	153	35	2025-07-02 08:51:37	f
417	723	153	50	2024-10-20 02:10:29	f
418	423	153	40	2024-11-15 03:34:51	f
419	269	153	35	2024-08-13 05:44:06	f
420	565	153	10	2025-06-18 16:43:02	t
421	710	154	15	2025-05-22 12:27:25	t
422	758	154	35	2025-02-01 23:57:22	t
423	31	155	5	2024-09-07 12:08:54	t
424	654	155	50	2024-12-28 03:43:21	f
425	699	155	5	2025-06-07 08:30:58	t
426	250	156	10	2025-03-18 00:22:27	t
427	668	157	5	2025-09-14 07:11:28	t
428	8	158	10	2025-02-04 08:43:12	f
429	418	158	30	2025-01-22 19:22:05	f
430	83	159	25	2025-08-09 03:29:47	f
431	791	160	35	2025-06-18 06:24:13	t
432	651	161	35	2025-05-21 14:13:53	t
433	636	161	25	2025-07-22 09:13:18	t
434	531	161	15	2024-05-30 23:24:34	f
435	48	162	5	2025-03-19 19:47:20	f
436	364	162	30	2024-07-17 16:41:30	f
437	473	162	10	2025-08-21 19:32:10	f
438	142	162	5	2024-11-13 11:01:28	f
439	259	162	10	2024-08-15 07:15:00	f
440	588	163	5	2025-09-21 20:32:26	f
441	160	163	30	2025-11-20 21:39:30	t
442	306	163	50	2024-08-29 11:59:57	t
443	272	163	50	2024-05-10 06:23:50	t
444	183	164	10	2025-09-19 09:28:58	t
445	589	164	25	2025-09-13 05:57:52	f
446	314	164	30	2025-08-03 15:07:09	f
447	148	164	30	2025-03-14 16:28:30	t
448	556	164	10	2025-08-02 17:28:01	f
449	512	165	5	2024-05-22 03:11:03	f
450	414	165	15	2024-05-31 01:12:26	t
451	403	165	40	2025-01-11 09:36:40	t
452	511	165	25	2024-12-08 00:00:48	f
453	128	166	30	2024-08-14 22:53:23	f
454	541	166	50	2024-08-02 18:16:37	t
455	77	167	50	2025-10-24 10:42:13	f
456	322	168	20	2025-08-04 02:31:39	t
457	113	169	25	2025-06-17 22:26:48	f
458	633	170	15	2024-09-17 21:35:45	t
459	147	170	25	2025-02-25 19:02:06	t
460	601	170	5	2025-03-21 21:20:50	f
461	768	170	30	2025-11-11 08:44:08	f
462	80	171	5	2024-11-01 06:38:55	t
463	245	171	10	2024-12-26 23:28:58	f
464	42	171	5	2025-01-19 02:53:16	t
465	755	171	15	2024-05-26 01:57:03	f
466	329	172	50	2025-08-19 00:47:51	f
467	776	172	10	2024-08-30 22:32:16	f
468	79	172	35	2024-08-10 03:49:28	f
469	596	172	35	2025-04-02 06:11:09	t
470	797	172	5	2025-11-01 17:00:35	f
471	722	173	20	2025-02-10 04:01:54	t
472	456	173	35	2025-09-20 13:01:27	t
473	797	173	5	2025-06-01 18:43:14	f
474	489	173	5	2025-11-11 08:17:41	f
475	272	174	25	2024-05-14 10:32:13	f
476	58	174	25	2025-02-22 02:19:13	f
477	783	174	50	2025-12-04 03:32:48	f
478	456	174	30	2025-06-14 23:59:17	t
479	252	174	50	2025-04-15 17:42:57	t
480	521	175	35	2024-08-25 12:05:17	f
481	648	176	25	2024-05-27 10:51:17	t
482	797	176	25	2024-11-12 05:43:05	f
483	14	176	5	2025-08-25 23:18:54	t
484	648	176	50	2025-05-17 01:40:37	f
485	479	176	40	2025-01-12 06:24:33	t
486	104	177	35	2024-09-11 07:33:26	f
487	258	177	15	2024-07-25 04:19:31	t
488	28	177	15	2025-04-11 15:31:18	t
489	520	177	5	2024-06-03 04:22:15	f
490	713	177	10	2025-01-16 20:44:52	f
491	361	178	10	2024-12-31 13:40:37	f
492	470	178	35	2025-03-05 22:24:56	t
493	288	179	30	2024-07-10 16:43:38	t
494	64	179	40	2025-02-20 15:24:27	f
495	464	179	30	2024-05-16 16:36:39	f
496	707	179	5	2025-05-29 17:07:46	t
497	396	180	5	2025-05-16 10:46:46	t
498	152	180	50	2025-09-11 10:51:27	t
499	530	181	15	2025-05-13 08:33:32	t
500	187	181	5	2025-06-02 15:49:34	f
501	545	181	5	2024-11-18 21:34:40	f
502	325	181	5	2024-07-16 07:39:35	t
503	785	182	20	2024-05-27 02:58:15	f
504	219	182	15	2024-05-14 00:05:27	f
505	26	182	5	2025-06-10 23:55:25	f
506	222	182	40	2025-03-29 12:17:11	t
507	494	183	25	2025-09-30 15:21:45	f
508	672	183	40	2025-08-20 13:01:38	f
509	99	183	50	2025-02-14 23:20:50	f
510	394	183	15	2024-09-01 03:11:44	t
511	525	184	15	2025-02-15 03:04:01	t
512	678	184	20	2025-11-23 21:49:07	f
513	551	185	20	2025-03-12 18:23:52	t
514	109	185	5	2024-09-20 03:45:23	f
515	37	185	15	2025-11-21 06:08:20	t
516	576	185	50	2024-05-11 06:08:30	f
517	7	186	40	2025-04-15 08:49:51	t
518	384	186	25	2025-11-09 02:09:03	f
519	474	186	35	2024-12-06 16:08:30	f
520	784	186	35	2024-06-24 20:49:33	f
521	526	186	30	2024-05-22 04:14:35	f
522	14	187	40	2025-03-14 06:07:44	f
523	706	187	15	2025-08-15 20:15:19	t
524	737	187	30	2024-10-22 11:13:38	f
525	197	187	25	2025-04-07 20:37:44	f
526	539	188	5	2024-06-17 05:15:15	t
527	159	188	20	2024-07-13 23:10:10	t
528	677	188	15	2025-11-17 03:42:17	t
529	168	188	15	2024-06-26 06:27:42	t
530	45	189	40	2024-10-19 13:27:29	f
531	617	189	50	2025-07-26 21:03:29	f
532	730	190	30	2025-01-17 19:44:37	f
533	142	191	30	2024-07-01 06:25:10	t
534	211	191	25	2024-12-01 10:31:07	t
535	327	191	35	2024-09-05 08:08:12	t
536	172	191	20	2024-07-26 05:51:34	t
537	214	192	20	2025-04-10 16:12:35	f
538	473	192	35	2025-06-05 18:52:10	t
539	261	193	15	2025-06-03 08:15:47	t
540	444	193	20	2025-08-07 08:53:03	t
541	324	193	20	2025-06-25 18:58:40	t
542	342	193	35	2025-08-28 21:56:13	t
543	10	194	10	2024-09-29 18:40:45	t
544	607	195	10	2025-10-30 01:15:08	f
545	205	195	30	2025-11-04 18:57:30	t
546	253	195	15	2025-04-11 18:10:31	f
547	229	196	20	2024-06-24 00:45:07	f
548	314	196	20	2024-10-16 11:54:29	f
549	744	196	10	2025-06-06 17:27:32	t
550	783	197	20	2025-11-16 22:16:09	f
551	161	197	50	2025-05-15 01:30:30	t
552	326	198	40	2025-10-12 00:39:32	f
553	279	198	50	2025-09-05 04:08:48	t
554	89	199	20	2024-11-08 10:43:20	f
555	740	200	40	2024-09-13 15:18:02	t
556	48	200	25	2025-03-21 05:32:17	f
557	432	201	15	2024-12-24 11:38:10	f
558	353	201	30	2025-07-04 18:55:40	t
559	588	202	25	2025-06-17 06:51:42	t
560	449	202	35	2025-07-07 20:44:26	f
561	297	202	5	2025-04-12 13:50:29	t
562	505	202	20	2024-07-06 16:20:18	t
563	170	203	20	2024-05-04 17:11:57	t
564	275	203	5	2025-08-27 00:32:28	f
565	645	204	20	2025-02-07 14:35:48	f
566	142	204	35	2024-07-22 20:37:55	t
567	401	205	35	2025-08-31 09:11:49	f
568	486	205	20	2024-05-30 07:31:30	t
569	670	205	50	2024-09-27 01:46:41	t
570	205	205	35	2024-05-05 15:11:47	t
571	444	206	10	2025-05-29 16:21:25	t
572	749	206	15	2025-03-08 23:53:37	t
573	725	206	50	2025-10-04 05:58:06	f
574	4	206	40	2024-08-05 12:52:25	t
575	709	207	25	2024-11-28 07:51:30	f
576	335	207	40	2024-09-11 02:53:47	f
577	347	208	50	2024-06-09 22:49:02	f
578	107	208	10	2025-01-18 07:18:20	f
579	414	208	30	2025-03-30 22:03:21	t
580	449	208	50	2025-01-01 04:05:40	t
581	16	208	5	2025-11-08 22:10:57	f
582	736	209	35	2024-11-19 04:32:28	t
583	215	209	30	2024-10-07 17:50:16	t
584	457	209	50	2024-06-25 13:32:10	f
585	466	209	35	2025-06-25 09:55:59	f
586	727	209	40	2025-10-27 09:59:01	f
587	250	210	10	2025-12-08 13:45:01	f
588	627	211	5	2025-08-21 01:21:54	f
589	611	211	35	2024-08-04 05:56:22	f
590	352	211	15	2024-05-06 03:40:15	t
591	321	211	15	2024-08-27 02:37:15	f
592	39	212	35	2024-07-25 21:40:41	f
593	604	212	10	2024-09-22 09:39:47	t
594	42	213	20	2025-08-02 18:08:49	t
595	399	213	35	2025-07-04 03:40:17	f
596	193	213	35	2025-10-12 10:42:21	f
597	646	213	15	2024-08-02 15:20:12	t
598	552	213	35	2025-08-24 19:06:44	f
599	498	214	20	2025-06-07 16:26:04	f
600	590	214	40	2025-11-30 12:14:26	t
601	621	214	20	2025-01-03 05:46:30	t
602	605	214	15	2024-12-22 23:56:18	t
603	693	214	50	2025-02-28 23:35:34	t
604	143	215	30	2025-09-19 11:07:03	t
605	763	215	40	2025-04-22 10:01:21	t
606	430	215	35	2024-05-30 12:50:16	f
607	719	215	35	2024-12-01 10:43:00	f
608	700	215	35	2024-06-18 03:25:46	f
609	452	216	35	2025-11-21 06:11:01	f
610	96	217	25	2025-04-06 19:09:28	f
611	563	217	10	2025-08-22 17:55:17	t
612	540	217	10	2025-12-01 17:03:07	f
613	652	217	30	2024-05-07 22:45:18	t
614	200	218	50	2025-09-10 23:09:21	t
615	755	218	35	2024-06-25 23:22:03	t
616	755	218	50	2024-12-09 01:36:31	t
617	92	218	10	2024-09-22 21:05:29	t
618	417	218	15	2024-09-14 22:31:27	t
619	480	219	35	2025-07-06 23:37:57	f
620	290	220	40	2025-01-16 13:21:11	t
621	337	221	5	2024-10-21 01:28:50	t
622	542	221	25	2025-08-16 11:13:24	t
623	242	221	35	2025-01-20 04:48:02	t
624	215	222	10	2025-08-08 05:58:29	t
625	346	223	15	2025-03-26 02:50:15	t
626	205	223	50	2024-05-11 20:44:04	f
627	439	224	5	2024-06-10 19:34:38	t
628	245	224	20	2025-10-14 23:01:53	f
629	248	225	25	2025-09-11 08:44:28	f
630	332	225	10	2024-08-28 23:04:41	f
631	1	225	35	2024-09-28 02:51:49	t
632	137	226	5	2025-08-15 00:29:25	t
633	406	227	10	2025-02-05 00:55:26	t
634	687	228	35	2025-01-25 22:47:43	f
635	731	229	10	2025-08-29 16:26:34	t
636	459	229	40	2025-06-24 10:33:15	t
637	676	229	50	2024-12-25 15:14:19	f
638	139	230	25	2025-11-06 02:14:50	f
639	90	230	25	2024-11-24 14:59:07	t
640	671	230	40	2025-01-24 22:15:58	f
641	732	230	15	2025-10-14 21:09:29	f
642	495	230	10	2024-10-26 09:17:04	t
643	46	231	40	2025-05-08 23:43:01	t
644	326	231	30	2024-05-09 02:16:23	t
645	742	232	25	2025-11-25 03:46:00	t
646	577	232	30	2024-07-11 23:40:47	t
647	264	232	30	2024-08-06 00:18:21	t
648	360	232	50	2024-07-28 08:12:41	t
649	218	232	40	2024-11-30 15:52:58	t
650	750	233	5	2024-09-16 11:50:22	t
651	44	233	50	2024-05-04 04:46:15	t
652	275	234	15	2024-08-19 09:07:52	f
653	785	234	35	2025-08-04 12:52:55	t
654	336	234	15	2024-09-25 05:31:42	f
655	78	235	30	2024-08-28 12:36:44	t
656	274	235	40	2024-07-08 13:55:32	t
657	576	236	25	2025-06-01 18:48:03	f
658	315	236	15	2025-03-20 06:42:36	f
659	471	236	15	2024-06-08 22:15:13	f
660	310	237	15	2024-10-10 08:36:36	f
661	324	237	35	2024-07-06 15:55:45	f
662	747	237	5	2025-04-21 08:44:16	f
663	563	237	10	2024-12-11 10:02:27	t
664	700	237	5	2024-11-08 21:44:45	f
665	31	238	30	2025-12-04 01:02:10	t
666	141	238	40	2024-11-12 17:22:34	f
667	232	238	10	2024-06-26 14:21:13	t
668	703	239	15	2024-07-21 17:15:29	t
669	257	239	20	2024-10-29 23:03:10	f
670	314	240	10	2025-09-28 03:02:27	f
671	656	240	25	2025-03-11 12:48:47	t
672	394	241	40	2024-07-16 03:18:02	f
673	714	241	35	2024-10-16 10:31:04	f
674	196	241	15	2024-05-11 22:21:34	f
675	164	241	50	2024-09-24 07:40:11	t
676	281	242	5	2024-10-02 07:41:20	t
677	73	242	10	2025-11-27 04:56:17	f
678	308	242	20	2025-04-28 07:14:32	t
679	479	243	30	2025-03-30 05:37:04	f
680	12	243	35	2025-10-24 12:43:12	f
681	295	243	40	2025-11-03 04:03:38	f
682	324	243	5	2025-01-27 01:26:31	f
683	773	244	35	2025-12-07 07:15:34	f
684	351	244	5	2024-07-07 04:09:14	t
685	417	244	15	2025-11-02 19:16:12	t
686	611	244	10	2024-09-30 19:22:04	t
687	287	245	40	2024-11-20 06:52:13	t
688	671	245	25	2025-07-03 22:27:45	t
689	172	245	10	2024-11-08 21:29:48	f
690	272	245	20	2024-06-13 05:00:38	t
691	682	245	40	2025-04-28 11:56:56	t
692	47	246	10	2025-11-06 06:19:46	f
693	208	246	30	2025-02-09 18:15:13	t
694	781	246	25	2025-02-23 11:56:10	f
695	474	246	5	2024-06-30 13:55:48	t
696	585	247	10	2025-07-02 00:32:15	t
697	321	247	35	2024-05-03 17:34:45	t
698	615	247	40	2025-07-03 02:40:58	t
699	656	247	15	2025-04-07 03:25:27	t
700	671	247	25	2024-08-28 23:57:14	f
701	12	248	30	2024-08-29 17:58:28	f
702	233	248	15	2025-09-18 04:56:27	f
703	87	249	5	2025-07-23 02:31:39	t
704	221	249	20	2024-06-24 00:12:41	t
705	97	249	20	2024-11-25 16:53:38	t
706	605	249	25	2024-12-22 19:06:40	t
707	730	250	15	2025-03-11 06:05:52	t
708	756	250	10	2024-06-06 21:04:19	f
709	685	251	15	2025-04-22 00:17:35	t
710	666	252	50	2025-05-20 23:19:24	t
711	146	253	15	2024-12-19 12:49:28	t
712	358	253	5	2024-06-18 11:53:34	f
713	370	253	30	2025-01-29 19:49:31	t
714	555	254	15	2025-05-18 02:37:21	t
715	718	254	30	2024-12-24 10:16:22	t
716	215	254	25	2024-07-30 11:19:10	f
717	769	254	15	2025-08-08 14:29:58	f
718	93	255	15	2024-11-27 15:32:22	t
719	359	255	35	2025-01-15 20:50:07	f
720	569	255	5	2024-07-22 19:35:58	f
721	49	255	5	2024-09-26 10:57:19	f
722	546	256	35	2025-04-27 23:11:13	t
723	685	256	20	2024-11-28 18:50:21	f
724	173	256	10	2024-05-11 14:44:38	f
725	246	256	40	2024-05-11 06:19:10	t
726	340	257	40	2025-10-26 00:57:13	t
727	27	258	5	2025-07-23 21:23:45	t
728	127	258	20	2024-08-18 00:45:27	t
729	596	258	35	2025-07-29 01:00:56	t
730	287	258	15	2025-10-02 20:06:06	t
731	553	259	40	2025-11-19 22:14:49	f
732	130	260	30	2025-10-29 05:09:55	f
733	356	260	20	2024-08-11 05:26:55	t
734	703	261	10	2025-01-01 02:44:21	t
735	278	261	50	2025-02-14 19:28:45	f
736	698	261	10	2025-03-02 01:43:25	t
737	73	261	35	2024-12-26 00:29:49	f
738	576	262	50	2024-07-26 02:28:41	t
739	299	262	35	2024-10-08 15:49:53	t
740	172	262	35	2025-01-01 04:39:47	t
741	323	262	10	2025-11-01 06:02:43	f
742	289	263	10	2024-07-24 17:52:46	f
743	523	264	40	2025-11-14 17:52:04	f
744	653	264	25	2025-01-07 20:40:53	t
745	26	265	35	2025-11-05 05:09:51	t
746	426	265	15	2024-09-19 05:25:35	t
747	33	265	10	2025-12-01 15:39:56	f
748	239	266	30	2025-02-03 11:11:30	t
749	207	266	20	2024-07-21 09:40:47	f
750	211	266	30	2025-04-02 14:13:44	t
751	746	267	20	2025-05-18 20:01:37	t
752	291	267	10	2025-11-28 17:55:55	t
753	298	268	10	2025-10-19 04:30:40	f
754	584	268	35	2025-10-04 19:06:32	f
755	122	268	5	2025-02-04 19:05:42	t
756	63	268	15	2025-10-05 17:50:23	f
757	386	269	50	2024-09-10 03:20:59	t
758	753	269	40	2025-12-01 04:41:57	f
759	489	269	15	2025-01-11 02:26:11	t
760	396	270	50	2024-08-28 18:19:36	f
761	616	271	15	2024-04-27 17:14:15	t
762	512	272	30	2025-07-17 07:26:47	t
763	112	272	40	2025-01-21 14:00:06	f
764	44	272	10	2024-11-16 02:34:14	t
765	715	273	5	2025-03-13 00:30:00	t
766	482	274	25	2025-04-15 04:47:44	f
767	277	274	35	2024-05-07 07:56:36	f
768	592	274	35	2025-11-12 23:16:27	t
769	88	274	20	2024-07-10 01:54:26	t
770	144	274	20	2025-08-13 00:40:38	t
771	299	275	35	2025-10-01 20:45:52	f
772	60	275	15	2024-12-29 23:34:21	f
773	733	275	20	2025-05-26 17:05:01	t
774	569	276	35	2025-03-23 00:33:07	t
775	176	276	35	2025-08-30 10:35:52	t
776	322	276	50	2025-08-23 09:36:18	t
777	120	276	25	2025-02-11 12:29:48	t
778	438	276	15	2024-12-18 13:11:31	t
779	230	277	35	2025-05-11 19:14:55	t
780	721	277	50	2025-01-15 11:24:47	t
781	760	277	15	2025-08-08 09:35:15	f
782	659	278	50	2024-09-19 11:49:22	t
783	297	278	5	2025-09-11 00:54:13	f
784	376	278	40	2025-05-04 02:06:08	f
785	152	279	20	2024-09-20 00:33:21	t
786	320	280	5	2025-04-14 22:31:24	t
787	527	281	25	2024-05-12 10:02:17	t
788	457	281	40	2025-10-03 23:20:38	t
789	145	282	15	2025-02-02 06:06:00	f
790	493	283	30	2024-08-06 11:44:30	f
791	686	283	25	2025-09-26 19:40:16	t
792	366	283	10	2024-10-11 08:52:04	t
793	415	283	20	2025-03-13 19:59:47	t
794	375	283	35	2024-06-11 12:38:15	t
795	476	284	20	2025-03-07 02:54:59	f
796	308	284	10	2024-11-30 04:42:19	t
797	221	284	20	2025-07-14 17:39:51	t
798	112	284	15	2025-07-19 01:54:43	t
799	791	284	25	2025-06-05 07:54:53	t
800	538	285	20	2024-08-11 13:52:12	t
801	272	285	5	2024-08-22 06:55:17	t
802	379	285	5	2025-02-01 13:43:43	f
803	40	285	15	2025-01-31 17:27:20	t
804	421	286	25	2025-09-09 23:47:46	t
805	582	287	15	2025-03-25 09:37:17	f
806	790	287	25	2025-01-25 05:22:12	t
807	483	288	35	2024-12-08 20:56:16	t
808	38	288	35	2025-05-28 04:21:20	t
809	475	288	40	2024-08-14 08:46:35	t
810	577	288	15	2024-06-06 17:10:50	f
811	444	288	15	2025-05-13 14:43:25	f
812	419	289	50	2025-07-29 08:22:14	t
813	272	289	10	2025-04-26 18:11:09	f
814	595	290	20	2025-09-01 05:14:50	t
815	733	290	35	2024-09-02 03:47:09	f
816	259	290	35	2024-05-24 08:45:43	t
817	357	291	25	2025-03-18 19:47:12	t
818	744	291	25	2024-10-23 11:17:18	f
819	277	291	50	2025-09-03 13:18:14	f
820	588	291	25	2024-09-13 04:00:13	t
821	749	292	50	2024-12-04 04:26:31	f
822	251	292	30	2025-04-21 15:56:01	t
823	511	292	25	2024-07-03 10:08:21	f
824	755	292	50	2025-07-13 04:37:13	f
825	442	293	25	2025-07-19 06:24:24	t
826	282	293	30	2024-10-15 10:14:37	f
827	324	293	10	2025-07-09 19:57:29	t
828	259	293	15	2024-11-20 17:37:55	t
829	82	294	50	2025-02-18 02:18:23	t
830	40	294	40	2025-06-15 16:18:33	f
831	376	294	30	2025-07-05 02:08:12	t
832	257	295	50	2024-09-02 18:43:39	f
833	318	295	5	2025-02-02 01:40:57	f
834	157	295	20	2025-02-18 16:36:46	t
835	314	295	20	2025-02-15 17:34:50	f
836	398	295	30	2025-08-29 07:59:16	t
837	356	296	25	2024-10-06 14:03:38	f
838	629	296	50	2025-11-27 17:57:10	t
839	397	297	20	2024-12-31 20:59:40	f
840	213	297	50	2025-02-24 17:25:23	f
841	129	297	10	2024-11-13 01:07:50	t
842	141	298	50	2025-03-01 12:56:58	f
843	223	298	30	2025-03-29 14:33:48	t
844	717	298	10	2025-09-14 07:26:53	f
845	737	298	5	2024-11-19 12:21:15	t
846	25	298	25	2024-11-17 07:07:19	f
847	87	299	10	2025-09-30 02:16:34	t
848	693	300	20	2025-04-28 06:03:49	t
849	583	300	50	2025-09-16 07:09:10	t
850	647	300	10	2024-06-14 20:40:00	t
851	473	300	25	2025-08-25 04:12:36	t
852	418	300	40	2024-06-11 11:14:44	f
853	783	301	5	2024-08-25 02:53:41	t
854	98	301	5	2025-05-22 00:00:43	t
855	230	301	50	2025-04-29 15:52:25	t
856	385	302	5	2025-04-10 04:57:54	t
857	37	302	50	2024-11-11 10:55:55	f
858	200	302	25	2025-09-13 22:21:39	f
859	314	302	35	2025-08-21 22:41:57	t
860	796	302	10	2025-10-21 09:29:14	f
861	96	303	15	2025-01-02 15:26:59	t
862	559	303	5	2025-02-24 00:36:47	f
863	122	304	15	2025-04-29 10:38:03	t
864	142	305	20	2024-10-08 01:14:28	f
865	112	306	10	2024-07-10 18:29:30	t
866	402	307	25	2024-12-19 04:41:07	t
867	650	307	15	2024-12-31 09:47:12	t
868	416	307	40	2025-09-22 11:54:36	f
869	635	307	20	2025-08-21 08:50:59	t
870	210	308	30	2025-08-27 07:17:42	t
871	59	308	50	2024-11-27 05:57:36	t
872	700	308	40	2025-09-18 11:02:34	t
873	534	309	35	2025-06-14 09:10:44	t
874	21	310	30	2024-09-10 15:59:09	f
875	302	310	50	2025-07-19 08:44:50	t
876	638	310	35	2025-01-28 03:16:25	f
877	416	310	20	2025-06-08 19:26:53	t
878	410	311	40	2025-09-22 07:44:18	f
879	358	311	20	2025-11-04 21:04:17	f
880	87	311	35	2024-05-03 03:45:41	f
881	408	311	10	2024-12-17 14:53:09	f
882	334	312	25	2025-10-13 23:07:52	f
883	235	312	25	2024-06-08 12:10:01	t
884	649	312	30	2025-11-22 10:10:06	t
885	285	313	35	2025-11-09 02:37:28	t
886	239	314	20	2024-06-12 00:50:54	f
887	583	314	35	2024-11-27 08:48:26	t
888	240	314	30	2025-04-20 12:27:58	t
889	763	314	25	2024-06-02 10:05:13	t
890	547	314	35	2024-05-03 05:36:59	f
891	206	315	35	2025-03-03 02:55:16	t
892	718	315	5	2024-06-28 14:22:08	t
893	72	315	25	2024-11-22 19:03:39	t
894	643	315	25	2024-07-13 06:50:48	t
895	412	316	15	2024-10-07 03:03:37	f
896	387	316	20	2024-09-16 01:35:24	t
897	551	317	30	2024-09-21 09:28:26	f
898	476	317	15	2025-01-15 12:37:28	t
899	498	317	30	2024-07-03 22:52:42	t
900	713	317	35	2025-08-13 16:25:43	t
901	199	318	40	2025-02-01 21:03:44	t
902	162	318	10	2025-11-20 10:46:28	f
903	684	318	25	2025-01-01 06:52:34	t
904	230	319	15	2025-10-19 08:33:46	t
905	778	319	35	2024-12-31 21:22:10	t
906	293	319	30	2025-02-03 01:56:01	t
907	679	319	35	2025-08-14 04:06:15	t
908	88	320	20	2024-11-03 21:33:50	t
909	687	320	50	2025-03-07 08:42:24	t
910	130	320	10	2024-11-28 12:57:34	t
911	603	320	40	2024-12-22 00:26:14	t
912	107	321	40	2025-08-22 20:57:15	t
913	465	321	35	2024-10-17 02:57:40	f
914	598	322	25	2024-12-04 23:06:05	t
915	167	322	30	2024-06-19 05:55:18	t
916	177	322	10	2025-06-19 06:27:24	t
917	265	322	40	2025-10-31 05:08:58	t
918	234	323	5	2024-08-18 02:40:28	f
919	555	323	35	2025-06-19 08:07:42	t
920	45	324	25	2025-07-31 12:23:05	f
921	783	324	50	2025-05-31 11:47:32	t
922	476	325	20	2024-12-26 07:47:36	t
923	507	325	40	2025-05-14 06:29:58	t
924	148	325	10	2025-09-23 20:52:52	f
925	598	325	5	2025-08-30 12:02:57	f
926	524	326	15	2025-09-20 16:16:02	t
927	48	326	20	2024-12-22 01:13:09	f
928	729	326	15	2024-06-17 21:35:05	t
929	700	326	35	2025-01-24 23:59:41	t
930	289	327	10	2025-08-15 11:14:14	t
931	698	328	20	2025-07-22 01:30:40	f
932	432	328	40	2024-12-07 11:00:30	f
933	625	328	10	2025-11-30 20:30:29	t
934	324	329	10	2025-08-01 20:09:47	t
935	282	329	5	2024-07-17 11:53:44	f
936	424	329	25	2025-03-19 17:25:40	f
937	559	329	20	2024-08-15 10:41:07	t
938	788	330	15	2025-10-31 14:51:07	f
939	456	330	25	2024-05-03 23:55:56	f
940	750	330	5	2025-03-01 04:55:00	f
941	759	330	35	2024-11-06 01:54:26	f
942	45	330	15	2024-11-20 10:35:24	t
943	602	331	5	2025-08-02 15:43:22	t
944	431	331	50	2025-08-08 09:01:00	t
945	700	331	40	2025-11-27 03:27:17	f
946	192	332	15	2025-05-29 21:50:56	f
947	185	332	40	2024-08-04 23:52:41	t
948	419	333	15	2024-07-10 04:21:45	f
949	503	333	25	2024-07-11 21:59:47	t
950	639	333	20	2024-07-08 19:37:26	t
951	348	333	25	2025-05-14 16:34:47	t
952	405	334	30	2025-02-22 14:48:33	f
953	405	334	40	2024-07-03 16:41:17	t
954	634	334	5	2025-10-14 18:47:10	f
955	205	335	5	2025-02-02 06:04:07	t
956	495	335	30	2025-07-20 16:52:26	t
957	611	335	35	2025-03-16 14:01:53	t
958	92	335	10	2025-08-15 03:23:33	t
959	631	335	10	2025-07-31 05:44:21	f
960	122	336	25	2025-09-17 08:40:20	t
961	447	336	5	2025-07-28 17:04:15	t
962	116	336	40	2025-04-25 01:49:03	f
963	156	336	30	2025-06-07 20:51:03	t
964	692	337	25	2024-10-19 18:07:14	t
965	60	337	30	2025-01-24 17:34:05	t
966	476	337	50	2025-09-09 11:01:12	t
967	295	337	25	2025-09-30 14:16:35	t
968	607	338	10	2025-09-10 13:11:46	f
969	39	338	50	2024-09-07 17:02:16	f
970	19	338	30	2024-12-20 11:24:23	f
971	64	338	10	2024-08-10 23:17:14	t
972	410	339	50	2025-10-16 09:50:23	t
973	342	339	30	2024-07-12 08:59:46	f
974	752	339	30	2025-09-02 23:46:38	t
975	229	339	50	2024-08-02 21:08:12	t
976	196	339	15	2024-08-09 11:11:14	f
977	558	340	15	2024-10-07 19:01:32	f
978	25	340	20	2025-05-28 07:57:47	t
979	129	341	5	2025-08-13 18:40:35	t
980	317	341	40	2025-06-19 10:11:21	f
981	212	341	25	2024-11-26 09:31:51	f
982	625	342	30	2025-03-16 09:48:38	t
983	267	343	30	2025-07-10 23:24:27	t
984	441	343	15	2024-05-27 14:50:13	t
985	280	344	15	2025-08-14 22:31:27	t
986	499	344	25	2024-07-10 21:48:49	f
987	574	344	15	2024-11-29 03:50:15	t
988	165	345	40	2025-07-14 09:12:48	f
989	504	345	10	2024-08-26 11:35:29	t
990	586	345	30	2025-02-22 16:15:22	t
991	749	345	15	2024-06-29 08:27:07	t
992	759	345	5	2025-06-15 17:36:39	t
993	237	346	20	2024-11-07 01:29:07	t
994	719	347	15	2025-04-01 07:22:01	t
995	775	347	10	2025-11-06 15:17:51	t
996	416	348	15	2024-08-27 16:02:21	t
997	153	348	15	2024-06-22 20:19:56	t
998	696	348	50	2025-11-16 14:33:59	f
999	22	348	25	2025-08-18 21:45:01	t
1000	5	348	25	2025-01-25 20:32:32	t
1001	246	349	20	2024-10-31 15:51:21	t
1002	608	349	40	2025-06-07 09:06:59	f
1003	631	349	40	2025-09-13 03:50:41	f
1004	476	350	15	2024-07-04 22:00:23	f
1005	485	350	35	2025-05-26 06:35:07	t
1006	384	350	35	2024-05-20 15:14:03	f
1007	688	351	10	2025-04-12 13:42:10	t
1008	741	351	15	2024-08-06 01:01:07	f
1009	404	351	10	2024-10-18 00:22:09	t
1010	585	352	25	2025-04-13 20:04:42	f
1011	286	352	25	2024-05-05 00:50:57	t
1012	186	353	20	2025-01-12 06:23:34	t
1013	402	353	5	2025-06-18 16:16:46	t
1014	598	353	15	2024-08-21 10:05:49	t
1015	782	354	50	2024-08-25 07:51:20	t
1016	748	354	25	2025-01-17 17:38:37	f
1017	216	354	5	2024-09-20 11:25:43	f
1018	21	354	50	2025-07-15 16:35:13	t
1019	649	354	35	2024-09-21 01:50:40	t
1020	529	355	30	2025-06-06 05:09:10	t
1021	224	355	40	2025-08-14 20:33:16	t
1022	229	355	40	2024-05-20 14:18:22	t
1023	366	355	50	2025-06-27 12:07:12	t
1024	172	355	10	2024-06-26 01:23:02	t
1025	331	356	5	2025-06-22 18:16:35	f
1026	348	356	50	2025-05-28 10:27:36	t
1027	271	356	25	2024-06-12 04:54:12	f
1028	722	356	15	2024-08-09 09:50:56	f
1029	260	357	40	2025-02-24 06:41:49	t
1030	389	357	20	2025-03-11 20:10:07	t
1031	76	357	25	2025-06-18 18:49:06	f
1032	166	358	25	2025-11-03 07:06:14	f
1033	368	359	5	2025-11-05 22:24:46	f
1034	533	359	15	2025-07-09 22:00:33	t
1035	403	359	40	2024-08-17 23:18:32	f
1036	444	359	40	2024-07-07 04:42:49	f
1037	651	359	35	2025-02-18 03:34:33	t
1038	753	360	5	2025-06-15 21:33:52	t
1039	780	361	5	2025-02-21 21:28:56	t
1040	70	361	50	2024-06-23 00:49:44	t
1041	646	362	25	2024-08-15 10:28:15	f
1042	4	362	30	2025-04-29 18:50:29	f
1043	30	362	35	2025-10-30 14:55:26	f
1044	610	362	5	2025-03-31 23:48:14	t
1045	200	363	15	2024-10-23 23:45:51	f
1046	79	363	20	2025-07-03 07:03:41	t
1047	552	363	50	2024-09-19 19:10:09	t
1048	504	364	35	2025-01-24 09:46:39	t
1049	682	364	20	2025-09-23 12:56:37	t
1050	603	364	50	2025-07-28 01:35:32	f
1051	44	364	25	2025-09-01 01:53:32	f
1052	438	365	35	2025-06-13 07:20:08	t
1053	339	365	5	2024-10-16 16:18:11	t
1054	739	366	30	2025-02-26 01:51:16	f
1055	531	366	5	2025-05-11 14:59:18	t
1056	321	367	15	2024-09-05 18:27:17	t
1057	506	368	35	2024-08-04 18:17:33	t
1058	511	369	10	2024-07-14 23:47:05	f
1059	583	370	40	2024-05-16 20:11:26	f
1060	318	370	5	2025-03-27 05:40:43	t
1061	101	371	20	2025-05-07 16:21:59	t
1062	114	371	35	2024-09-18 01:09:07	t
1063	342	371	40	2025-06-04 21:44:42	t
1064	545	371	50	2025-05-16 21:04:59	f
1065	581	372	5	2024-05-26 06:25:06	f
1066	70	372	5	2025-10-29 12:56:23	f
1067	704	372	10	2025-08-28 03:47:01	t
1068	299	373	35	2024-08-05 15:41:41	t
1069	280	373	35	2025-02-13 23:21:23	f
1070	553	373	25	2025-05-12 09:59:41	t
1071	290	373	25	2024-12-28 12:04:06	t
1072	341	373	25	2024-12-10 15:16:04	f
1073	712	374	40	2025-11-22 13:02:52	f
1074	260	374	40	2025-08-17 10:17:38	f
1075	551	374	30	2024-10-31 18:06:12	t
1076	590	375	25	2024-12-24 10:53:11	t
1077	618	376	30	2024-06-18 23:21:47	t
1078	783	376	40	2025-06-11 01:07:47	t
1079	278	376	25	2024-12-10 14:13:07	t
1080	226	376	5	2024-12-25 19:48:50	t
1081	653	377	20	2024-10-29 22:12:27	f
1082	145	377	20	2025-01-16 14:14:22	t
1083	141	378	10	2024-08-06 02:06:51	t
1084	654	379	5	2024-06-27 06:18:49	t
1085	574	379	20	2024-09-27 00:07:31	t
1086	466	379	5	2024-07-27 18:28:04	f
1087	234	379	15	2024-08-14 09:20:06	f
1088	495	380	5	2024-05-02 15:32:36	t
1089	389	380	40	2025-04-05 02:49:32	f
1090	271	380	15	2025-02-07 02:00:43	t
1091	614	380	25	2025-10-26 16:09:44	t
1092	509	380	15	2025-01-28 16:28:45	t
1093	300	381	50	2024-12-07 04:57:07	t
1094	752	382	50	2025-06-06 03:26:14	f
1095	440	382	10	2024-09-24 18:40:13	t
1096	80	383	5	2024-09-28 10:29:45	f
1097	449	383	20	2025-01-15 02:16:43	t
1098	507	383	25	2025-06-15 19:23:26	f
1099	720	383	35	2025-05-25 09:44:47	t
1100	676	384	15	2024-07-22 01:14:49	t
1101	494	384	20	2025-10-17 15:08:07	f
1102	266	384	20	2025-03-13 10:06:06	t
1103	44	384	40	2025-08-28 21:56:33	t
1104	739	385	30	2024-05-19 09:38:09	f
1105	533	385	35	2025-11-16 05:03:03	t
1106	796	386	25	2025-04-10 11:56:24	f
1107	532	386	5	2025-12-03 13:42:02	f
1108	130	386	35	2024-11-19 15:46:17	t
1109	321	386	35	2025-02-22 16:53:13	t
1110	265	387	15	2025-02-15 19:53:35	t
1111	270	387	30	2025-03-24 08:25:36	f
1112	130	387	10	2025-04-01 05:15:06	f
1113	654	388	50	2024-10-19 14:49:34	f
1114	242	388	20	2024-10-03 17:20:28	t
1115	730	388	35	2024-07-16 01:18:10	t
1116	790	389	25	2025-05-15 20:01:45	f
1117	359	389	25	2025-08-06 19:04:33	t
1118	23	389	20	2024-07-07 22:24:06	f
1119	708	389	15	2024-10-14 17:09:17	t
1120	191	390	25	2025-07-14 14:30:07	f
1121	261	391	35	2024-06-23 05:36:59	t
1122	343	391	10	2025-02-26 06:01:32	f
1123	505	391	40	2025-04-26 09:06:05	f
1124	549	392	15	2025-11-22 06:44:28	t
1125	708	393	15	2025-07-16 16:22:52	t
1126	578	393	50	2024-06-14 19:26:57	f
1127	239	393	30	2024-12-14 14:14:11	t
1128	521	394	35	2025-02-23 15:33:34	t
1129	482	394	25	2025-08-14 08:01:08	t
1130	176	394	30	2025-02-25 12:10:54	t
1131	453	394	20	2025-08-23 11:36:55	t
1132	162	395	35	2024-12-04 10:23:20	t
1133	111	395	40	2025-05-26 17:01:08	t
1134	740	395	25	2024-06-24 07:02:27	t
1135	90	396	5	2024-09-04 05:11:44	t
1136	698	396	20	2025-10-05 13:58:38	f
1137	704	396	5	2025-09-18 20:58:52	f
1138	161	396	35	2024-09-12 00:10:21	t
1139	547	397	30	2024-07-17 01:51:17	t
1140	490	397	5	2025-03-08 13:48:01	t
1141	313	397	20	2025-10-09 20:27:24	f
1142	352	398	10	2024-11-20 23:12:56	t
1143	748	398	50	2025-04-26 09:35:26	f
1144	300	398	20	2024-12-02 07:12:35	t
1145	2	398	20	2025-06-01 18:44:32	f
1146	308	399	10	2024-07-17 02:11:48	t
1147	139	399	30	2024-10-07 17:11:15	f
1148	528	399	25	2024-09-28 20:26:06	t
1149	261	399	40	2025-07-30 23:38:35	t
1150	70	399	35	2024-08-09 19:51:11	f
1151	179	400	25	2024-12-08 19:05:47	t
\.


--
-- Name: coachavailability_coach_availability_id_seq; Type: SEQUENCE SET; Schema: public; Owner: postgres
--

SELECT pg_catalog.setval('public.coachavailability_coach_availability_id_seq', 1500, true);


--
-- Name: coaches_coach_id_seq; Type: SEQUENCE SET; Schema: public; Owner: postgres
--

SELECT pg_catalog.setval('public.coaches_coach_id_seq', 15, true);


--
-- Name: fieldbookingdetail_field_booking_detail_id_seq; Type: SEQUENCE SET; Schema: public; Owner: postgres
--

SELECT pg_catalog.setval('public.fieldbookingdetail_field_booking_detail_id_seq', 315, true);


--
-- Name: fields_field_id_seq; Type: SEQUENCE SET; Schema: public; Owner: postgres
--

SELECT pg_catalog.setval('public.fields_field_id_seq', 15, true);


--
-- Name: groupcourseorder_group_course_order_id_seq; Type: SEQUENCE SET; Schema: public; Owner: postgres
--

SELECT pg_catalog.setval('public.groupcourseorder_group_course_order_id_seq', 583, true);


--
-- Name: groupcourseorderdetail_group_course_order_detail_id_seq; Type: SEQUENCE SET; Schema: public; Owner: postgres
--

SELECT pg_catalog.setval('public.groupcourseorderdetail_group_course_order_detail_id_seq', 583, true);


--
-- Name: groupcourses_course_id_seq; Type: SEQUENCE SET; Schema: public; Owner: postgres
--

SELECT pg_catalog.setval('public.groupcourses_course_id_seq', 1500, true);


--
-- Name: payments_payment_id_seq; Type: SEQUENCE SET; Schema: public; Owner: postgres
--

SELECT pg_catalog.setval('public.payments_payment_id_seq', 800, true);


--
-- Name: privatecourseorder_private_course_order_id_seq; Type: SEQUENCE SET; Schema: public; Owner: postgres
--

SELECT pg_catalog.setval('public.privatecourseorder_private_course_order_id_seq', 583, true);


--
-- Name: privatecourseorderdetail_private_course_order_detail_id_seq; Type: SEQUENCE SET; Schema: public; Owner: postgres
--

SELECT pg_catalog.setval('public.privatecourseorderdetail_private_course_order_detail_id_seq', 583, true);


--
-- Name: users_user_id_seq; Type: SEQUENCE SET; Schema: public; Owner: postgres
--

SELECT pg_catalog.setval('public.users_user_id_seq', 400, true);


--
-- Name: vouchers_voucher_id_seq; Type: SEQUENCE SET; Schema: public; Owner: postgres
--

SELECT pg_catalog.setval('public.vouchers_voucher_id_seq', 1151, true);


--
-- Name: coachavailability coachavailability_pkey; Type: CONSTRAINT; Schema: public; Owner: postgres
--

ALTER TABLE ONLY public.coachavailability
    ADD CONSTRAINT coachavailability_pkey PRIMARY KEY (coach_availability_id);


--
-- Name: coaches coaches_pkey; Type: CONSTRAINT; Schema: public; Owner: postgres
--

ALTER TABLE ONLY public.coaches
    ADD CONSTRAINT coaches_pkey PRIMARY KEY (coach_id);


--
-- Name: fieldbookingdetail fieldbookingdetail_pkey; Type: CONSTRAINT; Schema: public; Owner: postgres
--

ALTER TABLE ONLY public.fieldbookingdetail
    ADD CONSTRAINT fieldbookingdetail_pkey PRIMARY KEY (field_booking_detail_id);


--
-- Name: fields fields_pkey; Type: CONSTRAINT; Schema: public; Owner: postgres
--

ALTER TABLE ONLY public.fields
    ADD CONSTRAINT fields_pkey PRIMARY KEY (field_id);


--
-- Name: groupcourseorder groupcourseorder_pkey; Type: CONSTRAINT; Schema: public; Owner: postgres
--

ALTER TABLE ONLY public.groupcourseorder
    ADD CONSTRAINT groupcourseorder_pkey PRIMARY KEY (group_course_order_id);


--
-- Name: groupcourseorderdetail groupcourseorderdetail_pkey; Type: CONSTRAINT; Schema: public; Owner: postgres
--

ALTER TABLE ONLY public.groupcourseorderdetail
    ADD CONSTRAINT groupcourseorderdetail_pkey PRIMARY KEY (group_course_order_detail_id);


--
-- Name: groupcourses groupcourses_pkey; Type: CONSTRAINT; Schema: public; Owner: postgres
--

ALTER TABLE ONLY public.groupcourses
    ADD CONSTRAINT groupcourses_pkey PRIMARY KEY (course_id);


--
-- Name: payments payments_pkey; Type: CONSTRAINT; Schema: public; Owner: postgres
--

ALTER TABLE ONLY public.payments
    ADD CONSTRAINT payments_pkey PRIMARY KEY (payment_id);


--
-- Name: privatecourseorder privatecourseorder_pkey; Type: CONSTRAINT; Schema: public; Owner: postgres
--

ALTER TABLE ONLY public.privatecourseorder
    ADD CONSTRAINT privatecourseorder_pkey PRIMARY KEY (private_course_order_id);


--
-- Name: privatecourseorderdetail privatecourseorderdetail_pkey; Type: CONSTRAINT; Schema: public; Owner: postgres
--

ALTER TABLE ONLY public.privatecourseorderdetail
    ADD CONSTRAINT privatecourseorderdetail_pkey PRIMARY KEY (private_course_order_detail_id);


--
-- Name: users users_email_key; Type: CONSTRAINT; Schema: public; Owner: postgres
--

ALTER TABLE ONLY public.users
    ADD CONSTRAINT users_email_key UNIQUE (email);


--
-- Name: users users_pkey; Type: CONSTRAINT; Schema: public; Owner: postgres
--

ALTER TABLE ONLY public.users
    ADD CONSTRAINT users_pkey PRIMARY KEY (user_id);


--
-- Name: vouchers vouchers_pkey; Type: CONSTRAINT; Schema: public; Owner: postgres
--

ALTER TABLE ONLY public.vouchers
    ADD CONSTRAINT vouchers_pkey PRIMARY KEY (voucher_id);


--
-- Name: groupcourseorderdetail check_course_quota_trigger; Type: TRIGGER; Schema: public; Owner: postgres
--

CREATE TRIGGER check_course_quota_trigger BEFORE INSERT OR UPDATE ON public.groupcourseorderdetail FOR EACH ROW EXECUTE FUNCTION public.check_course_quota();


--
-- Name: coachavailability prevent_coach_double_booking_trigger; Type: TRIGGER; Schema: public; Owner: postgres
--

CREATE TRIGGER prevent_coach_double_booking_trigger BEFORE INSERT OR UPDATE ON public.coachavailability FOR EACH ROW EXECUTE FUNCTION public.check_coach_double_booking();


--
-- Name: groupcourses prevent_double_booking; Type: TRIGGER; Schema: public; Owner: postgres
--

CREATE TRIGGER prevent_double_booking BEFORE INSERT OR UPDATE ON public.groupcourses FOR EACH ROW EXECUTE FUNCTION public.check_field_availability();


--
-- Name: coachavailability coachavailability_coach_id_fkey; Type: FK CONSTRAINT; Schema: public; Owner: postgres
--

ALTER TABLE ONLY public.coachavailability
    ADD CONSTRAINT coachavailability_coach_id_fkey FOREIGN KEY (coach_id) REFERENCES public.coaches(coach_id) ON DELETE CASCADE;


--
-- Name: fieldbookingdetail fieldbookingdetail_field_id_fkey; Type: FK CONSTRAINT; Schema: public; Owner: postgres
--

ALTER TABLE ONLY public.fieldbookingdetail
    ADD CONSTRAINT fieldbookingdetail_field_id_fkey FOREIGN KEY (field_id) REFERENCES public.fields(field_id) ON DELETE CASCADE;


--
-- Name: groupcourseorder groupcourseorder_customer_id_fkey; Type: FK CONSTRAINT; Schema: public; Owner: postgres
--

ALTER TABLE ONLY public.groupcourseorder
    ADD CONSTRAINT groupcourseorder_customer_id_fkey FOREIGN KEY (customer_id) REFERENCES public.users(user_id) ON DELETE CASCADE;


--
-- Name: groupcourseorder groupcourseorder_payment_id_fkey; Type: FK CONSTRAINT; Schema: public; Owner: postgres
--

ALTER TABLE ONLY public.groupcourseorder
    ADD CONSTRAINT groupcourseorder_payment_id_fkey FOREIGN KEY (payment_id) REFERENCES public.payments(payment_id) ON DELETE CASCADE;


--
-- Name: groupcourseorderdetail groupcourseorderdetail_course_id_fkey; Type: FK CONSTRAINT; Schema: public; Owner: postgres
--

ALTER TABLE ONLY public.groupcourseorderdetail
    ADD CONSTRAINT groupcourseorderdetail_course_id_fkey FOREIGN KEY (course_id) REFERENCES public.groupcourses(course_id) ON DELETE CASCADE;


--
-- Name: groupcourseorderdetail groupcourseorderdetail_group_course_order_id_fkey; Type: FK CONSTRAINT; Schema: public; Owner: postgres
--

ALTER TABLE ONLY public.groupcourseorderdetail
    ADD CONSTRAINT groupcourseorderdetail_group_course_order_id_fkey FOREIGN KEY (group_course_order_id) REFERENCES public.groupcourseorder(group_course_order_id) ON DELETE CASCADE;


--
-- Name: groupcourses groupcourses_coach_id_fkey; Type: FK CONSTRAINT; Schema: public; Owner: postgres
--

ALTER TABLE ONLY public.groupcourses
    ADD CONSTRAINT groupcourses_coach_id_fkey FOREIGN KEY (coach_id) REFERENCES public.coaches(coach_id) ON DELETE SET NULL;


--
-- Name: groupcourses groupcourses_field_id_fkey; Type: FK CONSTRAINT; Schema: public; Owner: postgres
--

ALTER TABLE ONLY public.groupcourses
    ADD CONSTRAINT groupcourses_field_id_fkey FOREIGN KEY (field_id) REFERENCES public.fields(field_id) ON DELETE SET NULL;


--
-- Name: privatecourseorder privatecourseorder_customer_id_fkey; Type: FK CONSTRAINT; Schema: public; Owner: postgres
--

ALTER TABLE ONLY public.privatecourseorder
    ADD CONSTRAINT privatecourseorder_customer_id_fkey FOREIGN KEY (customer_id) REFERENCES public.users(user_id) ON DELETE CASCADE;


--
-- Name: privatecourseorder privatecourseorder_payment_id_fkey; Type: FK CONSTRAINT; Schema: public; Owner: postgres
--

ALTER TABLE ONLY public.privatecourseorder
    ADD CONSTRAINT privatecourseorder_payment_id_fkey FOREIGN KEY (payment_id) REFERENCES public.payments(payment_id) ON DELETE CASCADE;


--
-- Name: privatecourseorderdetail privatecourseorderdetail_coach_availability_id_fkey; Type: FK CONSTRAINT; Schema: public; Owner: postgres
--

ALTER TABLE ONLY public.privatecourseorderdetail
    ADD CONSTRAINT privatecourseorderdetail_coach_availability_id_fkey FOREIGN KEY (coach_availability_id) REFERENCES public.coachavailability(coach_availability_id) ON DELETE CASCADE;


--
-- Name: privatecourseorderdetail privatecourseorderdetail_private_course_order_id_fkey; Type: FK CONSTRAINT; Schema: public; Owner: postgres
--

ALTER TABLE ONLY public.privatecourseorderdetail
    ADD CONSTRAINT privatecourseorderdetail_private_course_order_id_fkey FOREIGN KEY (private_course_order_id) REFERENCES public.privatecourseorder(private_course_order_id) ON DELETE CASCADE;


--
-- Name: vouchers vouchers_customer_id_fkey; Type: FK CONSTRAINT; Schema: public; Owner: postgres
--

ALTER TABLE ONLY public.vouchers
    ADD CONSTRAINT vouchers_customer_id_fkey FOREIGN KEY (customer_id) REFERENCES public.users(user_id) ON DELETE CASCADE;


--
-- Name: vouchers vouchers_payment_id_fkey; Type: FK CONSTRAINT; Schema: public; Owner: postgres
--

ALTER TABLE ONLY public.vouchers
    ADD CONSTRAINT vouchers_payment_id_fkey FOREIGN KEY (payment_id) REFERENCES public.payments(payment_id) ON DELETE CASCADE;


--
-- PostgreSQL database dump complete
--

